step,node_id,base_weight,is_selected,action_taken,correlated_action_taken,num_selected_neighbors,weights_of_selected_neighbors,corrs_with_selected_neighbors,max_corr_to_selected_neighbor,weight_of_highest_corr_neighbor,logical_outcome,corr_logical_outcome
7545,8,4.8615465,0.0,-0.61285555,-0.87100667,1,[np.float32(5.877573)],[np.float32(0.0532357)],0.0532357,5.184434,fixed,fixed
7545,12,4.411208,0.0,-0.5692437,-1.4704014,3,"[np.float32(6.842684), np.float32(5.877573), np.float32(6.7248263)]","[np.float32(0.033946827), np.float32(0.040589653), np.float32(0.15543056)]",0.15543056,6.214031,fixed,fixed
7545,18,4.8111362,0.0,-0.6212669,-1.2378639,1,[np.float32(6.842684)],[np.float32(0.08839323)],0.08839323,7.5358305,fixed,fixed
7545,21,6.088874,0.0,-0.7458124,-1.3813437,1,[np.float32(6.842684)],[np.float32(0.08446663)],0.08446663,6.7248263,fixed,fixed
7545,25,5.2083592,0.0,-0.6504584,-0.95436126,1,[np.float32(5.0934668)],[np.float32(0.087324865)],0.087324865,4.5525913,fixed,fixed
7545,27,4.8111362,0.0,-0.6232312,-0.5753982,1,[np.float32(5.0934668)],[np.float32(0.031217033)],0.031217033,7.5358305,fixed,fixed
7545,28,6.842684,0.0,-0.787277,-1.3574401,1,[np.float32(6.088874)],[np.float32(0.08446663)],0.08446663,4.8111362,fixed,fixed
7545,30,4.5525913,0.0,-0.59375,-0.88719004,1,[np.float32(5.0934668)],[np.float32(0.093068875)],0.093068875,6.214031,fixed,fixed
7545,32,5.977319,0.0,-0.7283375,-1.0689851,1,[np.float32(6.088874)],[np.float32(0.05349227)],0.05349227,6.088874,fixed,fixed
7545,36,5.0301485,0.0,-0.63041127,-0.4632958,1,[np.float32(4.5525913)],[np.float32(0.024382805)],0.024382805,5.1152887,fixed,fixed
7545,40,4.8111362,0.0,-0.6218276,-0.63011235,1,[np.float32(4.5525913)],[np.float32(0.049403396)],0.049403396,7.5358305,fixed,fixed
7545,47,5.901499,0.0,-0.7226517,-0.9935665,1,[np.float32(4.5525913)],[np.float32(0.09528099)],0.09528099,4.5525913,fixed,fixed
7545,50,6.842684,0.0,-0.7831212,-1.0674742,1,[np.float32(4.5525913)],[np.float32(0.07710127)],0.07710127,6.088874,fixed,fixed
7545,52,7.5358305,0.0,-0.81873685,-1.0631732,1,[np.float32(4.5525913)],[np.float32(0.054496072)],0.054496072,4.8111362,fixed,fixed
7545,53,5.786329,0.0,-0.706843,-0.7153559,1,[np.float32(4.5525913)],[np.float32(0.041849934)],0.041849934,6.088874,fixed,fixed
7545,54,7.5358305,0.0,-0.81873685,-1.0631732,1,[np.float32(4.5525913)],[np.float32(0.054496072)],0.054496072,4.8111362,fixed,fixed
7545,55,5.2083592,0.0,-0.6504584,-0.7078059,1,[np.float32(5.0934668)],[np.float32(0.0407778)],0.0407778,4.951692,fixed,fixed
7545,60,4.951692,0.0,-0.63997406,-0.8688056,1,[np.float32(5.0934668)],[np.float32(0.07544661)],0.07544661,5.2083592,fixed,fixed
7545,63,8.228977,0.0,-0.8670087,-1.294222,1,[np.float32(4.5525913)],[np.float32(0.078724585)],0.078724585,4.5525913,fixed,fixed
7545,64,6.088501,0.0,-0.73663044,-0.58072996,1,[np.float32(4.5525913)],[np.float32(0.022736935)],0.022736935,4.5525913,fixed,fixed
7545,65,7.5358305,0.0,-0.82755214,-1.2985231,1,[np.float32(4.5525913)],[np.float32(0.11134854)],0.11134854,4.5525913,fixed,fixed
7545,66,5.901499,0.0,-0.7119071,-0.9935665,1,[np.float32(4.5525913)],[np.float32(0.09528099)],0.09528099,6.088874,fixed,fixed
7545,72,5.184434,0.0,-0.72822607,-1.2467588,1,[np.float32(5.877573)],[np.float32(0.13178323)],0.13178323,4.8615465,fixed,fixed
7545,75,5.0934668,0.0,-0.70719165,-0.7242225,1,[np.float32(4.5525913)],[np.float32(0.0593831)],0.0593831,6.5241694,fixed,fixed
7545,80,5.977319,0.0,-0.7274906,-0.9947844,1,[np.float32(5.877573)],[np.float32(0.04764821)],0.04764821,6.088874,fixed,fixed
7545,82,7.5358305,0.0,-0.8211487,-1.5142883,1,[np.float32(5.877573)],[np.float32(0.10823412)],0.10823412,5.877573,fixed,fixed
7545,83,5.877573,0.0,-0.70898587,-0.5104206,1,[np.float32(4.5525913)],[np.float32(0.019440975)],0.019440975,6.9761195,fixed,fixed
7545,86,5.184434,0.0,-0.66921,-1.4616389,1,[np.float32(5.877573)],[np.float32(0.2165618)],0.2165618,6.7248263,fixed,fixed
7545,99,6.214031,0.0,-0.73365736,-1.2106506,1,[np.float32(4.5525913)],[np.float32(0.1570683)],0.1570683,4.5525913,fixed,fixed
7545,102,5.0934668,0.0,-0.68781424,-0.48440185,1,[np.float32(4.5525913)],[np.float32(0.025679354)],0.025679354,6.7248263,fixed,fixed
7545,105,6.088874,0.0,-0.7273744,-1.2291789,1,[np.float32(4.5525913)],[np.float32(0.17459728)],0.17459728,4.5525913,fixed,fixed
7545,107,5.284512,0.0,-0.68263406,-0.78790426,1,[np.float32(4.5525913)],[np.float32(0.0667954)],0.0667954,6.088874,fixed,fixed
7545,113,5.877573,0.0,-0.7624721,-0.79443073,1,[np.float32(6.088874)],[np.float32(0.02407378)],0.02407378,6.9761195,fixed,fixed
7545,116,6.214031,0.0,-0.7441374,-1.0736886,1,[np.float32(5.877573)],[np.float32(0.054237153)],0.054237153,5.0934668,fixed,fixed
7545,124,7.5358305,0.0,-0.86830026,-1.3471832,1,[np.float32(6.088874)],[np.float32(0.059698556)],0.059698556,8.228977,fixed,fixed
7545,125,5.877573,0.0,-0.7077892,-0.5104206,1,[np.float32(4.5525913)],[np.float32(0.019440975)],0.019440975,6.9761195,fixed,fixed
7545,140,6.7248263,0.0,-0.8056455,-1.9018301,1,[np.float32(6.088874)],[np.float32(0.36320382)],0.36320382,6.088874,fixed,fixed
7545,142,5.786329,0.0,-0.7326585,-1.1510593,1,[np.float32(6.088874)],[np.float32(0.07359712)],0.07359712,6.088874,fixed,fixed
7545,144,5.877573,0.0,-0.7060856,-0.79443073,1,[np.float32(6.088874)],[np.float32(0.02407378)],0.02407378,6.9761195,fixed,fixed
7545,145,7.5358305,0.0,-0.83867335,-1.3471832,1,[np.float32(6.088874)],[np.float32(0.059698556)],0.059698556,7.5358305,fixed,fixed
7545,146,6.842684,0.0,-0.7974887,-1.5031776,1,[np.float32(6.088874)],[np.float32(0.12746923)],0.12746923,7.5358305,fixed,fixed
7545,151,6.357125,0.0,-0.7607224,-1.3805634,1,[np.float32(5.0934668)],[np.float32(0.18210293)],0.18210293,5.0934668,fixed,fixed
7545,153,7.5358305,0.0,-0.8382065,-1.2450897,1,[np.float32(5.0934668)],[np.float32(0.07239285)],0.07239285,7.5358305,fixed,fixed
7545,171,6.9761195,0.0,-0.8095387,-1.4951938,1,[np.float32(5.0934668)],[np.float32(0.19394967)],0.19394967,5.0934668,fixed,fixed
7545,175,5.5545464,0.0,-0.7050529,-0.58466166,1,[np.float32(5.0934668)],[np.float32(0.022772891)],0.022772891,8.228977,fixed,fixed
7545,176,6.088874,0.0,-0.7207635,-1.0013107,1,[np.float32(5.0934668)],[np.float32(0.06837011)],0.06837011,5.284512,fixed,fixed
7545,177,5.877573,0.0,-0.7446745,-0.6923372,1,[np.float32(5.0934668)],[np.float32(0.028311158)],0.028311158,6.7248263,fixed,fixed
7545,180,5.0934668,0.0,-0.6785245,-0.9160638,1,[np.float32(5.0934668)],[np.float32(0.08184193)],0.08184193,6.7248263,fixed,fixed
7545,187,5.4253707,0.0,-0.65908825,-1.0266985,1,[np.float32(5.0934668)],[np.float32(0.098482996)],0.098482996,5.0934668,fixed,fixed
7545,188,7.1303654,0.0,-0.7867149,-1.3484745,1,[np.float32(5.0934668)],[np.float32(0.11897195)],0.11897195,5.0934668,fixed,fixed
7545,201,5.877573,0.0,-0.71415067,-1.2096821,1,[np.float32(5.877573)],[np.float32(0.092942566)],0.092942566,5.184434,fixed,fixed
7545,256,5.284512,0.0,-0.7173068,-0.7331901,1,[np.float32(5.0934668)],[np.float32(0.04278246)],0.04278246,6.088874,fixed,fixed
7991,36,5.0301485,0.0,-0.63041127,-0.8949577,1,[np.float32(5.0934668)],[np.float32(0.078936815)],0.078936815,5.1152887,fixed,fixed
7991,38,5.1152887,0.0,-0.64119995,-0.92333776,1,[np.float32(5.0934668)],[np.float32(0.08286201)],0.08286201,5.0301485,fixed,fixed
7991,43,6.088874,0.0,-0.7441183,-2.0296233,1,[np.float32(6.7248263)],[np.float32(0.36320382)],0.36320382,6.7248263,fixed,fixed
7991,48,4.5525913,0.0,-0.5916992,-0.73577195,1,[np.float32(5.0934668)],[np.float32(0.0593831)],0.0593831,6.088874,fixed,fixed
7991,51,6.088874,0.0,-0.7443498,-0.76277083,1,[np.float32(5.0934668)],[np.float32(0.03232453)],0.03232453,6.7248263,fixed,fixed
7991,57,4.45615,0.0,-0.5796101,-0.5226411,1,[np.float32(5.977319)],[np.float32(0.01951078)],0.01951078,6.7248263,fixed,fixed
7991,58,6.842684,0.0,-0.7877417,-1.3574401,1,[np.float32(6.088874)],[np.float32(0.08446663)],0.08446663,6.088874,fixed,fixed
7991,59,6.088874,1.0,-0.9897368,-1.0668824,1,[np.float32(5.977319)],[np.float32(0.05349227)],0.05349227,6.7248263,fixed,fixed
7991,62,5.977319,1.0,-0.9939643,-1.0689851,1,[np.float32(6.088874)],[np.float32(0.05349227)],0.05349227,6.088874,fixed,fixed
7991,66,5.901499,0.0,-0.710134,-0.93885237,1,[np.float32(5.0934668)],[np.float32(0.061586138)],0.061586138,6.088874,fixed,fixed
7991,74,6.5241694,0.0,-0.7657814,-1.5112611,1,[np.float32(5.0934668)],[np.float32(0.24319017)],0.24319017,5.0934668,fixed,fixed
7991,76,6.9761195,0.0,-0.7831094,-1.4951938,1,[np.float32(5.0934668)],[np.float32(0.19394967)],0.19394967,5.0934668,fixed,fixed
7991,77,5.5545464,0.0,-0.6822605,-0.8232016,1,[np.float32(5.0934668)],[np.float32(0.050411604)],0.050411604,5.0934668,fixed,fixed
7991,83,5.877573,0.0,-0.70861584,-1.9591898,1,[np.float32(6.9761195)],[np.float32(0.28801104)],0.28801104,6.9761195,fixed,fixed
7991,86,5.184434,0.0,-0.6647439,-0.6998308,1,[np.float32(5.0934668)],[np.float32(0.04016033)],0.04016033,6.7248263,fixed,fixed
7991,89,7.5358305,0.0,-0.8137163,-1.4836296,1,[np.float32(5.0934668)],[np.float32(0.14657553)],0.14657553,5.0934668,fixed,fixed
7991,90,5.4253707,0.0,-0.69388235,-0.5416031,1,[np.float32(5.0934668)],[np.float32(0.020732379)],0.020732379,8.228977,fixed,fixed
7991,96,7.5358305,0.0,-0.8286085,-1.2450897,1,[np.float32(5.0934668)],[np.float32(0.07239285)],0.07239285,7.5358305,fixed,fixed
7991,97,6.214031,0.0,-0.73340476,-1.1858479,1,[np.float32(5.0934668)],[np.float32(0.111585006)],0.111585006,5.0934668,fixed,fixed
7991,102,5.0934668,0.0,-0.688643,-0.9160638,1,[np.float32(5.0934668)],[np.float32(0.08184193)],0.08184193,6.7248263,fixed,fixed
7991,103,7.1303654,0.0,-0.7879904,-1.3484745,1,[np.float32(5.0934668)],[np.float32(0.11897195)],0.11897195,5.0934668,fixed,fixed
7991,125,5.877573,0.0,-0.707897,-0.79443073,1,[np.float32(6.088874)],[np.float32(0.02407378)],0.02407378,6.9761195,fixed,fixed
7991,138,7.5358305,0.0,-0.8684164,-1.3471832,1,[np.float32(6.088874)],[np.float32(0.059698556)],0.059698556,8.228977,fixed,fixed
7991,154,6.7248263,0.0,-0.8056455,-1.9018301,1,[np.float32(6.088874)],[np.float32(0.36320382)],0.36320382,6.088874,fixed,fixed
7991,156,5.786329,0.0,-0.7464611,-1.1510593,1,[np.float32(6.088874)],[np.float32(0.07359712)],0.07359712,7.5358305,fixed,fixed
7991,158,6.214031,0.0,-0.7328805,-0.9065835,1,[np.float32(6.088874)],[np.float32(0.029311275)],0.029311275,4.45615,fixed,fixed
7991,159,7.5358305,0.0,-0.83221847,-1.3471832,1,[np.float32(6.088874)],[np.float32(0.059698556)],0.059698556,7.5358305,fixed,fixed
7991,160,6.842684,0.0,-0.7974887,-1.5031776,1,[np.float32(6.088874)],[np.float32(0.12746923)],0.12746923,7.5358305,fixed,fixed
24956,25,5.2083592,0.0,-0.6504584,-0.95436126,1,[np.float32(5.0934668)],[np.float32(0.087324865)],0.087324865,4.5525913,fixed,fixed
24956,27,4.8111362,0.0,-0.6232312,-0.5753982,1,[np.float32(5.0934668)],[np.float32(0.031217033)],0.031217033,7.5358305,fixed,fixed
24956,30,4.5525913,0.0,-0.59375,-0.88719004,1,[np.float32(5.0934668)],[np.float32(0.093068875)],0.093068875,6.214031,fixed,fixed
24956,48,4.5525913,0.0,-0.5916992,-0.48921657,1,[np.float32(5.0934668)],[np.float32(0.025679354)],0.025679354,6.088874,fixed,fixed
24956,51,6.088874,0.0,-0.7443498,-0.76277083,1,[np.float32(5.0934668)],[np.float32(0.03232453)],0.03232453,6.7248263,fixed,fixed
24956,55,5.2083592,0.0,-0.6504584,-0.7078059,1,[np.float32(5.0934668)],[np.float32(0.0407778)],0.0407778,4.951692,fixed,fixed
24956,60,4.951692,0.0,-0.63997406,-0.8688056,1,[np.float32(5.0934668)],[np.float32(0.07544661)],0.07544661,5.2083592,fixed,fixed
24956,75,5.0934668,0.0,-0.70618695,-0.9160638,1,[np.float32(5.0934668)],[np.float32(0.08184193)],0.08184193,6.5241694,fixed,fixed
24956,96,7.5358305,0.0,-0.82784766,-1.2450897,1,[np.float32(5.0934668)],[np.float32(0.07239285)],0.07239285,7.5358305,fixed,fixed
24956,97,6.214031,0.0,-0.7317498,-1.4078817,1,[np.float32(5.0934668)],[np.float32(0.20743524)],0.20743524,5.0934668,fixed,fixed
24956,103,7.1303654,0.0,-0.7881097,-1.3484745,1,[np.float32(5.0934668)],[np.float32(0.11897195)],0.11897195,5.0934668,fixed,fixed
24956,104,5.5545464,0.0,-0.70780927,-0.58466166,1,[np.float32(5.0934668)],[np.float32(0.022772891)],0.022772891,8.228977,fixed,fixed
24956,105,6.088874,0.0,-0.7247231,-1.0013107,1,[np.float32(5.0934668)],[np.float32(0.06837011)],0.06837011,4.5525913,fixed,fixed
24956,107,5.284512,0.0,-0.68211687,-0.7331901,1,[np.float32(5.0934668)],[np.float32(0.04278246)],0.04278246,6.088874,fixed,fixed
24956,129,5.877573,0.0,-0.7463118,-1.4707679,1,[np.float32(6.842684)],[np.float32(0.11442152)],0.11442152,6.7248263,fixed,fixed
24956,135,5.877573,0.0,-0.7361058,-0.6923372,1,[np.float32(5.0934668)],[np.float32(0.028311158)],0.028311158,6.7248263,fixed,fixed
24956,146,6.842684,0.0,-0.7950926,-1.4268335,1,[np.float32(5.877573)],[np.float32(0.11442152)],0.11442152,7.5358305,fixed,fixed
24956,148,5.877573,0.0,-0.7450183,-0.7222562,1,[np.float32(5.877573)],[np.float32(0.02113925)],0.02113925,6.7248263,fixed,fixed
24956,151,6.357125,0.0,-0.7607224,-1.3805634,1,[np.float32(5.0934668)],[np.float32(0.18210293)],0.18210293,5.0934668,fixed,fixed
24956,153,7.5358305,0.0,-0.8382065,-1.2450897,1,[np.float32(5.0934668)],[np.float32(0.07239285)],0.07239285,7.5358305,fixed,fixed
24956,171,6.9761195,0.0,-0.8095387,-1.4951938,1,[np.float32(5.0934668)],[np.float32(0.19394967)],0.19394967,5.0934668,fixed,fixed
24956,172,5.0934668,1.0,-0.89559555,-0.7001671,1,[np.float32(5.877573)],[np.float32(0.028311158)],0.028311158,6.9761195,fixed,fixed
24956,173,8.228977,0.0,-0.87101966,-1.5060576,1,[np.float32(5.877573)],[np.float32(0.07651761)],0.07651761,7.5358305,fixed,fixed
24956,174,6.214031,0.0,-0.74051565,-0.83440894,1,[np.float32(5.877573)],[np.float32(0.025936576)],0.025936576,5.284512,fixed,fixed
24956,175,5.5545464,0.0,-0.7050529,-0.58466166,1,[np.float32(5.0934668)],[np.float32(0.022772891)],0.022772891,8.228977,fixed,fixed
24956,176,6.088874,0.0,-0.7207635,-1.0013107,1,[np.float32(5.0934668)],[np.float32(0.06837011)],0.06837011,5.284512,fixed,fixed
24956,177,5.877573,1.0,-0.97725207,-1.3107322,2,"[np.float32(5.0934668), np.float32(7.5358305)]","[np.float32(0.028311158), np.float32(0.053509373)]",0.053509373,6.7248263,fixed,fixed
24956,178,5.977319,0.0,-0.7429757,-0.9947844,1,[np.float32(5.877573)],[np.float32(0.04764821)],0.04764821,7.5358305,fixed,fixed
24956,180,5.0934668,0.0,-0.6789556,-0.9160638,2,"[np.float32(5.0934668), np.float32(5.877573)]","[np.float32(0.08184193), np.float32(0.028311158)]",0.08184193,6.7248263,fixed,fixed
24956,182,5.877573,0.0,-0.74705523,-0.7222562,1,[np.float32(5.877573)],[np.float32(0.02113925)],0.02113925,6.7248263,fixed,fixed
24956,187,5.4253707,0.0,-0.65908825,-1.0266985,1,[np.float32(5.0934668)],[np.float32(0.098482996)],0.098482996,5.0934668,fixed,fixed
24956,188,7.1303654,0.0,-0.7867149,-1.3484745,1,[np.float32(5.0934668)],[np.float32(0.11897195)],0.11897195,5.0934668,fixed,fixed
24956,197,6.7248263,0.0,-0.7677881,-1.5031306,1,[np.float32(5.0934668)],[np.float32(0.21994561)],0.21994561,5.0934668,fixed,fixed
24956,198,5.5545464,0.0,-0.68331546,-0.8232016,1,[np.float32(5.0934668)],[np.float32(0.050411604)],0.050411604,5.0934668,fixed,fixed
24956,205,5.184434,0.0,-0.6644309,-0.6998308,1,[np.float32(5.0934668)],[np.float32(0.04016033)],0.04016033,6.7248263,fixed,fixed
24956,208,7.5358305,0.0,-0.8155923,-1.4836296,1,[np.float32(5.0934668)],[np.float32(0.14657553)],0.14657553,5.0934668,fixed,fixed
24956,209,5.4253707,0.0,-0.6944408,-0.5416031,1,[np.float32(5.0934668)],[np.float32(0.020732379)],0.020732379,8.228977,fixed,fixed
24956,212,7.5358305,0.0,-0.83797014,-1.8634847,1,[np.float32(7.5358305)],[np.float32(0.12459149)],0.12459149,7.5358305,fixed,fixed
24956,214,5.977319,0.0,-0.73136604,-1.090112,1,[np.float32(6.842684)],[np.float32(0.03904639)],0.03904639,7.5358305,fixed,fixed
24956,215,7.5358305,0.0,-0.82951224,-1.2450897,1,[np.float32(5.0934668)],[np.float32(0.07239285)],0.07239285,7.5358305,fixed,fixed
24956,216,6.214031,0.0,-0.7354218,-1.1858479,1,[np.float32(5.0934668)],[np.float32(0.111585006)],0.111585006,5.0934668,fixed,fixed
24956,217,7.5358305,0.0,-0.85971105,-1.8636626,1,[np.float32(6.842684)],[np.float32(0.17628156)],0.17628156,6.842684,fixed,fixed
24956,221,5.0934668,0.0,-0.68953675,-0.9160638,1,[np.float32(5.0934668)],[np.float32(0.08184193)],0.08184193,6.7248263,fixed,fixed
24956,222,7.1303654,0.0,-0.7895126,-1.3484745,1,[np.float32(5.0934668)],[np.float32(0.11897195)],0.11897195,5.0934668,fixed,fixed
24956,236,6.842684,0.0,-0.79025984,-1.9148684,1,[np.float32(7.5358305)],[np.float32(0.17628156)],0.17628156,7.5358305,fixed,fixed
24956,237,8.228977,0.0,-0.87008506,-2.0945337,1,[np.float32(7.5358305)],[np.float32(0.17652911)],0.17652911,7.5358305,fixed,fixed
24956,240,5.877573,0.0,-0.7370403,-1.3107322,1,[np.float32(7.5358305)],[np.float32(0.053509373)],0.053509373,6.7248263,fixed,fixed
24956,241,5.786329,0.0,-0.7423596,-1.0264486,1,[np.float32(6.842684)],[np.float32(0.03519518)],0.03519518,7.5358305,fixed,fixed
24956,242,7.5358305,1.0,-0.9368687,-1.2750087,1,[np.float32(5.877573)],[np.float32(0.053509373)],0.053509373,8.228977,fixed,fixed
24956,246,5.877573,0.0,-0.74840033,-1.4707679,1,[np.float32(6.842684)],[np.float32(0.11442152)],0.11442152,6.7248263,fixed,fixed
24956,256,5.284512,0.0,-0.7173068,-0.7331901,1,[np.float32(5.0934668)],[np.float32(0.04278246)],0.04278246,6.088874,fixed,fixed
24956,257,6.7248263,0.0,-0.7865231,-1.809466,1,[np.float32(5.877573)],[np.float32(0.32661414)],0.32661414,5.877573,fixed,fixed
24956,259,5.786329,0.0,-0.7275292,-1.0747151,1,[np.float32(5.877573)],[np.float32(0.06569621)],0.06569621,8.228977,fixed,fixed
24956,261,7.5358305,0.0,-0.8369179,-1.2750087,1,[np.float32(5.877573)],[np.float32(0.053509373)],0.053509373,7.5358305,fixed,fixed
24956,262,6.842684,0.0,-0.7922445,-1.4268335,1,[np.float32(5.877573)],[np.float32(0.11442152)],0.11442152,7.5358305,fixed,fixed
50685,48,4.5525913,0.0,-0.5916992,-0.48921657,1,[np.float32(5.0934668)],[np.float32(0.025679354)],0.025679354,6.088874,fixed,fixed
50685,51,6.088874,0.0,-0.7443498,-0.76277083,1,[np.float32(5.0934668)],[np.float32(0.03232453)],0.03232453,6.7248263,fixed,fixed
50685,57,4.45615,0.0,-0.5803626,-0.49699602,1,[np.float32(5.2083592)],[np.float32(0.026079133)],0.026079133,6.7248263,fixed,fixed
50685,59,6.088874,0.0,-0.74534166,-1.5412015,1,[np.float32(6.842684)],[np.float32(0.12746923)],0.12746923,6.7248263,fixed,fixed
50685,60,4.951692,0.0,-0.64298975,-1.0644442,1,[np.float32(5.2083592)],[np.float32(0.12398622)],0.12398622,5.2083592,fixed,fixed
50685,75,5.0934668,0.0,-0.70618695,-0.9160638,1,[np.float32(5.0934668)],[np.float32(0.08184193)],0.08184193,6.5241694,fixed,fixed
50685,96,7.5358305,0.0,-0.82784766,-1.2450897,1,[np.float32(5.0934668)],[np.float32(0.07239285)],0.07239285,7.5358305,fixed,fixed
50685,97,6.214031,0.0,-0.7317498,-1.4078817,1,[np.float32(5.0934668)],[np.float32(0.20743524)],0.20743524,5.0934668,fixed,fixed
50685,99,6.214031,0.0,-0.7302374,-1.422885,1,[np.float32(7.5358305)],[np.float32(0.06367433)],0.06367433,4.5525913,fixed,fixed
50685,100,8.228977,0.0,-0.8716386,-2.0945337,1,[np.float32(7.5358305)],[np.float32(0.17652911)],0.17652911,7.5358305,fixed,fixed
50685,101,6.842684,0.0,-0.7950926,-1.9148684,1,[np.float32(7.5358305)],[np.float32(0.17628156)],0.17628156,7.5358305,fixed,fixed
50685,103,7.1303654,0.0,-0.7881097,-1.3484745,1,[np.float32(5.0934668)],[np.float32(0.11897195)],0.11897195,5.0934668,fixed,fixed
50685,104,5.5545464,0.0,-0.70780927,-0.58466166,1,[np.float32(5.0934668)],[np.float32(0.022772891)],0.022772891,8.228977,fixed,fixed
50685,105,6.088874,0.0,-0.7247231,-1.0013107,1,[np.float32(5.0934668)],[np.float32(0.06837011)],0.06837011,4.5525913,fixed,fixed
50685,107,5.284512,0.0,-0.68211687,-0.7331901,1,[np.float32(5.0934668)],[np.float32(0.04278246)],0.04278246,6.088874,fixed,fixed
50685,126,7.5358305,0.0,-0.8386144,-1.8634847,1,[np.float32(7.5358305)],[np.float32(0.12459149)],0.12459149,7.5358305,fixed,fixed
50685,127,6.842684,0.0,-0.7950926,-1.4268335,1,[np.float32(5.877573)],[np.float32(0.11442152)],0.11442152,7.5358305,fixed,fixed
50685,129,5.877573,0.0,-0.74711955,-1.3107322,2,"[np.float32(7.5358305), np.float32(5.877573)]","[np.float32(0.053509373), np.float32(0.02113925)]",0.053509373,6.7248263,fixed,fixed
50685,135,5.877573,0.0,-0.7361058,-0.6923372,1,[np.float32(5.0934668)],[np.float32(0.028311158)],0.028311158,6.7248263,fixed,fixed
50685,145,7.5358305,0.0,-0.83797747,-1.2750087,1,[np.float32(5.877573)],[np.float32(0.053509373)],0.053509373,7.5358305,fixed,fixed
50685,148,5.877573,0.0,-0.7450183,-0.7222562,1,[np.float32(5.877573)],[np.float32(0.02113925)],0.02113925,6.7248263,fixed,fixed
50685,156,5.786329,0.0,-0.74627256,-1.0747151,1,[np.float32(5.877573)],[np.float32(0.06569621)],0.06569621,7.5358305,fixed,fixed
50685,157,7.5358305,0.0,-0.86089414,-1.2750087,1,[np.float32(5.877573)],[np.float32(0.053509373)],0.053509373,6.842684,fixed,fixed
50685,161,5.877573,0.0,-0.7476652,-0.7222562,1,[np.float32(5.877573)],[np.float32(0.02113925)],0.02113925,6.7248263,fixed,fixed
50685,162,5.5545464,0.0,-0.70209247,-0.9491878,1,[np.float32(6.842684)],[np.float32(0.030949712)],0.030949712,7.5358305,fixed,fixed
50685,163,7.5358305,0.0,-0.84877324,-1.8636626,1,[np.float32(6.842684)],[np.float32(0.17628156)],0.17628156,8.228977,fixed,fixed
50685,172,5.0934668,0.0,-0.757633,-0.7094349,1,[np.float32(5.2083592)],[np.float32(0.0407778)],0.0407778,6.9761195,fixed,fixed
50685,179,5.184434,0.0,-0.6727585,-0.9883506,1,[np.float32(5.2083592)],[np.float32(0.09186398)],0.09186398,6.9761195,fixed,fixed
50685,182,5.877573,0.0,-0.74706304,-0.7222562,1,[np.float32(5.877573)],[np.float32(0.02113925)],0.02113925,6.7248263,fixed,fixed
50685,184,5.4253707,0.0,-0.6925878,-0.9061293,1,[np.float32(6.842684)],[np.float32(0.028767666)],0.028767666,8.228977,fixed,fixed
50685,185,5.877573,0.0,-0.74640435,-1.4707679,1,[np.float32(6.842684)],[np.float32(0.11442152)],0.11442152,6.7248263,fixed,fixed
50685,197,6.7248263,0.0,-0.7677881,-1.5031306,1,[np.float32(5.0934668)],[np.float32(0.21994561)],0.21994561,5.0934668,fixed,fixed
50685,198,5.5545464,0.0,-0.68331546,-0.8232016,1,[np.float32(5.0934668)],[np.float32(0.050411604)],0.050411604,5.0934668,fixed,fixed
50685,205,5.184434,0.0,-0.6644309,-0.6998308,1,[np.float32(5.0934668)],[np.float32(0.04016033)],0.04016033,6.7248263,fixed,fixed
50685,208,7.5358305,0.0,-0.8155923,-1.4836296,1,[np.float32(5.0934668)],[np.float32(0.14657553)],0.14657553,5.0934668,fixed,fixed
50685,209,5.4253707,0.0,-0.6944408,-0.5416031,1,[np.float32(5.0934668)],[np.float32(0.020732379)],0.020732379,8.228977,fixed,fixed
50685,215,7.5358305,0.0,-0.82951224,-1.2450897,1,[np.float32(5.0934668)],[np.float32(0.07239285)],0.07239285,7.5358305,fixed,fixed
50685,216,6.214031,0.0,-0.7354218,-1.1858479,1,[np.float32(5.0934668)],[np.float32(0.111585006)],0.111585006,5.0934668,fixed,fixed
50685,217,7.5358305,0.0,-0.8579481,-1.2750087,1,[np.float32(5.877573)],[np.float32(0.053509373)],0.053509373,6.842684,fixed,fixed
50685,221,5.0934668,0.0,-0.68953675,-0.9160638,1,[np.float32(5.0934668)],[np.float32(0.08184193)],0.08184193,6.7248263,fixed,fixed
50685,222,7.1303654,0.0,-0.7895126,-1.3484745,1,[np.float32(5.0934668)],[np.float32(0.11897195)],0.11897195,5.0934668,fixed,fixed
50685,239,6.7248263,0.0,-0.78935796,-1.809466,1,[np.float32(5.877573)],[np.float32(0.32661414)],0.32661414,5.877573,fixed,fixed
50685,241,5.786329,0.0,-0.7428207,-1.0747151,1,[np.float32(5.877573)],[np.float32(0.06569621)],0.06569621,7.5358305,fixed,fixed
50685,243,7.5358305,0.0,-0.83630455,-1.2750087,1,[np.float32(5.877573)],[np.float32(0.053509373)],0.053509373,7.5358305,fixed,fixed
50685,244,6.842684,0.0,-0.7932607,-1.4268335,1,[np.float32(5.877573)],[np.float32(0.11442152)],0.11442152,7.5358305,fixed,fixed
50685,323,6.842684,0.0,-0.79029906,-1.4268335,1,[np.float32(5.877573)],[np.float32(0.11442152)],0.11442152,7.5358305,fixed,fixed
50685,327,7.5358305,0.0,-0.8286371,-1.2750087,1,[np.float32(5.877573)],[np.float32(0.053509373)],0.053509373,7.5358305,fixed,fixed
50685,328,6.357125,0.0,-0.74369,-0.8821068,1,[np.float32(5.877573)],[np.float32(0.02819126)],0.02819126,5.0934668,fixed,fixed
50685,337,7.5358305,0.0,-0.856033,-1.2750087,1,[np.float32(5.877573)],[np.float32(0.053509373)],0.053509373,8.228977,fixed,fixed
50685,350,4.45615,0.0,-0.61061674,-0.4877282,1,[np.float32(5.877573)],[np.float32(0.018026534)],0.018026534,6.7248263,fixed,fixed
50685,358,5.877573,1.0,-0.97386473,-1.9591898,1,[np.float32(6.9761195)],[np.float32(0.28801104)],0.28801104,6.9761195,fixed,fixed
50685,359,5.4253707,0.0,-0.704668,-0.9543958,1,[np.float32(5.877573)],[np.float32(0.053859804)],0.053859804,7.5358305,fixed,fixed
50685,364,6.088874,0.0,-0.75593257,-0.7926898,1,[np.float32(5.877573)],[np.float32(0.02407378)],0.02407378,6.7248263,fixed,fixed
50685,420,4.951692,0.0,-0.63038623,-1.054232,1,[np.float32(5.877573)],[np.float32(0.08631818)],0.08631818,5.487917,fixed,fixed
50685,427,6.9761195,1.0,-0.99285656,-1.7898527,1,[np.float32(5.877573)],[np.float32(0.28801104)],0.28801104,5.877573,fixed,fixed
50685,428,4.8111362,0.0,-0.6196848,-1.0073801,1,[np.float32(5.877573)],[np.float32(0.07992371)],0.07992371,6.18106,fixed,fixed
50685,430,4.8111362,0.0,-0.6243163,-0.6060569,1,[np.float32(5.877573)],[np.float32(0.023465414)],0.023465414,6.18106,fixed,fixed
78782,43,6.088874,0.0,-0.7441183,-1.3811659,1,[np.float32(7.5358305)],[np.float32(0.059698556)],0.059698556,6.7248263,fixed,fixed
78782,50,6.842684,0.0,-0.7819394,-1.3574401,1,[np.float32(6.088874)],[np.float32(0.08446663)],0.08446663,6.088874,fixed,fixed
78782,53,5.786329,0.0,-0.7070028,-1.0053219,1,[np.float32(6.088874)],[np.float32(0.048188686)],0.048188686,6.088874,fixed,fixed
78782,75,5.0934668,0.0,-0.7067638,-0.7743678,1,[np.float32(6.088874)],[np.float32(0.03232453)],0.03232453,6.5241694,fixed,fixed
78782,93,7.5358305,0.0,-0.83805853,-1.2750087,1,[np.float32(5.877573)],[np.float32(0.053509373)],0.053509373,7.5358305,fixed,fixed
78782,94,6.7248263,0.0,-0.8056455,-1.9018301,1,[np.float32(6.088874)],[np.float32(0.36320382)],0.36320382,6.088874,fixed,fixed
78782,95,5.977319,0.0,-0.73399884,-1.0689851,1,[np.float32(6.088874)],[np.float32(0.05349227)],0.05349227,7.5358305,fixed,fixed
78782,99,6.214031,0.0,-0.7307902,-0.9065835,1,[np.float32(6.088874)],[np.float32(0.029311275)],0.029311275,4.5525913,fixed,fixed
78782,100,8.228977,0.0,-0.87264556,-1.5782322,1,[np.float32(6.088874)],[np.float32(0.08518146)],0.08518146,7.5358305,fixed,fixed
78782,101,6.842684,0.0,-0.7974887,-1.5031776,1,[np.float32(6.088874)],[np.float32(0.12746923)],0.12746923,7.5358305,fixed,fixed
78782,102,5.0934668,0.0,-0.68796355,-1.2363725,2,"[np.float32(6.088874), np.float32(6.214031)]","[np.float32(0.03232453), np.float32(0.111585006)]",0.111585006,6.7248263,fixed,fixed
78782,106,7.5358305,0.0,-0.85599244,-1.8634847,1,[np.float32(7.5358305)],[np.float32(0.12459149)],0.12459149,8.228977,fixed,fixed
78782,118,6.842684,0.0,-0.78656435,-1.4268335,1,[np.float32(5.877573)],[np.float32(0.11442152)],0.11442152,7.5358305,fixed,fixed
78782,120,5.0934668,0.0,-0.68223363,-0.7001671,1,[np.float32(5.877573)],[np.float32(0.028311158)],0.028311158,6.7248263,fixed,fixed
78782,122,5.877573,0.0,-0.73711985,-0.7222562,1,[np.float32(5.877573)],[np.float32(0.02113925)],0.02113925,6.7248263,fixed,fixed
78782,130,5.4253707,0.0,-0.7054124,-1.4424306,1,[np.float32(7.5358305)],[np.float32(0.08591343)],0.08591343,7.5358305,fixed,fixed
78782,131,7.5358305,0.0,-0.84546125,-1.8634847,2,"[np.float32(7.5358305), np.float32(5.877573)]","[np.float32(0.12459149), np.float32(0.053509373)]",0.12459149,6.842684,fixed,fixed
78782,135,5.877573,0.0,-0.7365797,-1.3107322,1,[np.float32(7.5358305)],[np.float32(0.053509373)],0.053509373,6.7248263,fixed,fixed
78782,146,6.842684,0.0,-0.7950926,-1.4268335,1,[np.float32(5.877573)],[np.float32(0.11442152)],0.11442152,7.5358305,fixed,fixed
78782,148,5.877573,1.0,-0.97345454,-0.7222562,1,[np.float32(5.877573)],[np.float32(0.02113925)],0.02113925,6.7248263,fixed,fixed
78782,149,5.4253707,0.0,-0.70460427,-0.9543958,1,[np.float32(5.877573)],[np.float32(0.053859804)],0.053859804,7.5358305,fixed,fixed
78782,151,6.357125,0.0,-0.7607224,-1.2335458,1,[np.float32(5.0934668)],[np.float32(0.12033005)],0.12033005,5.0934668,fixed,fixed
78782,153,7.5358305,0.0,-0.8382065,-1.2450897,1,[np.float32(5.0934668)],[np.float32(0.07239285)],0.07239285,7.5358305,fixed,fixed
78782,155,5.877573,0.0,-0.73803186,-0.7222562,1,[np.float32(5.877573)],[np.float32(0.02113925)],0.02113925,6.7248263,fixed,fixed
78782,172,5.0934668,0.0,-0.7570314,-0.9160638,2,"[np.float32(5.877573), np.float32(5.0934668)]","[np.float32(0.028311158), np.float32(0.08184193)]",0.08184193,6.9761195,fixed,fixed
78782,173,8.228977,0.0,-0.87101966,-1.5060576,1,[np.float32(5.877573)],[np.float32(0.07651761)],0.07651761,7.5358305,fixed,fixed
78782,174,6.214031,0.0,-0.74051565,-0.83440894,1,[np.float32(5.877573)],[np.float32(0.025936576)],0.025936576,5.284512,fixed,fixed
78782,177,5.877573,1.0,-0.97689897,-0.7222562,2,"[np.float32(5.877573), np.float32(5.0934668)]","[np.float32(0.02113925), np.float32(0.028311158)]",0.028311158,6.7248263,fixed,fixed
78782,178,5.977319,0.0,-0.7429757,-0.9947844,1,[np.float32(5.877573)],[np.float32(0.04764821)],0.04764821,7.5358305,fixed,fixed
78782,179,5.184434,0.0,-0.6709613,-0.6998308,1,[np.float32(5.0934668)],[np.float32(0.04016033)],0.04016033,6.9761195,fixed,fixed
78782,180,5.0934668,1.0,-0.9755274,-0.7001671,1,[np.float32(5.877573)],[np.float32(0.028311158)],0.028311158,6.7248263,fixed,fixed
78782,182,5.877573,0.0,-0.74705523,-0.7222562,1,[np.float32(5.877573)],[np.float32(0.02113925)],0.02113925,6.7248263,fixed,fixed
78782,184,5.4253707,0.0,-0.6923864,-0.5416031,1,[np.float32(5.0934668)],[np.float32(0.020732379)],0.020732379,8.228977,fixed,fixed
78782,188,7.1303654,0.0,-0.78706914,-1.3484745,1,[np.float32(5.0934668)],[np.float32(0.11897195)],0.11897195,5.0934668,fixed,fixed
78782,189,7.5358305,0.0,-0.81643367,-1.4836296,1,[np.float32(5.0934668)],[np.float32(0.14657553)],0.14657553,5.0934668,fixed,fixed
78782,190,5.5545464,0.0,-0.68396616,-0.8232016,1,[np.float32(5.0934668)],[np.float32(0.050411604)],0.050411604,5.0934668,fixed,fixed
78782,205,5.184434,0.0,-0.6636893,-0.8491098,1,[np.float32(6.214031)],[np.float32(0.036789175)],0.036789175,6.7248263,fixed,fixed
78782,214,5.977319,0.0,-0.73060787,-0.8706591,1,[np.float32(6.214031)],[np.float32(0.027491292)],0.027491292,7.5358305,fixed,fixed
78782,217,7.5358305,0.0,-0.85804117,-1.3901631,1,[np.float32(6.214031)],[np.float32(0.06367433)],0.06367433,6.842684,fixed,fixed
78782,221,5.0934668,0.0,-0.6929825,-1.5163164,1,[np.float32(6.214031)],[np.float32(0.20743524)],0.20743524,6.7248263,fixed,fixed
78782,231,6.7248263,0.0,-0.7862993,-1.809466,1,[np.float32(5.877573)],[np.float32(0.32661414)],0.32661414,5.877573,fixed,fixed
78782,235,5.5545464,0.0,-0.7007969,-0.8538603,1,[np.float32(5.877573)],[np.float32(0.037488364)],0.037488364,7.5358305,fixed,fixed
78782,236,6.842684,0.0,-0.7921645,-1.4268335,1,[np.float32(5.877573)],[np.float32(0.11442152)],0.11442152,7.5358305,fixed,fixed
78782,237,8.228977,0.0,-0.87083757,-1.5060576,1,[np.float32(5.877573)],[np.float32(0.07651761)],0.07651761,7.5358305,fixed,fixed
78782,238,5.0934668,0.0,-0.6828825,-0.7001671,1,[np.float32(5.877573)],[np.float32(0.028311158)],0.028311158,6.7248263,fixed,fixed
78782,242,7.5358305,0.0,-0.8667314,-1.2750087,1,[np.float32(5.877573)],[np.float32(0.053509373)],0.053509373,8.228977,fixed,fixed
78782,246,5.877573,0.0,-0.74674726,-0.8374105,1,[np.float32(6.214031)],[np.float32(0.025936576)],0.025936576,6.7248263,fixed,fixed
78782,256,5.284512,0.0,-0.71738905,-0.7331901,1,[np.float32(5.0934668)],[np.float32(0.04278246)],0.04278246,6.088874,fixed,fixed
78782,257,6.7248263,0.0,-0.7865231,-1.809466,1,[np.float32(5.877573)],[np.float32(0.32661414)],0.32661414,5.877573,fixed,fixed
78782,259,5.786329,0.0,-0.7275292,-1.0747151,1,[np.float32(5.877573)],[np.float32(0.06569621)],0.06569621,8.228977,fixed,fixed
78782,261,7.5358305,0.0,-0.8369179,-1.2750087,1,[np.float32(5.877573)],[np.float32(0.053509373)],0.053509373,7.5358305,fixed,fixed
78782,262,6.842684,0.0,-0.7922445,-1.4268335,1,[np.float32(5.877573)],[np.float32(0.11442152)],0.11442152,7.5358305,fixed,fixed
78782,267,6.214031,0.0,-0.7333872,-1.4078817,1,[np.float32(5.0934668)],[np.float32(0.20743524)],0.20743524,5.0934668,fixed,fixed
78782,269,7.5358305,0.0,-0.8286071,-1.2450897,1,[np.float32(5.0934668)],[np.float32(0.07239285)],0.07239285,7.5358305,fixed,fixed
78782,286,6.7248263,0.0,-0.76988107,-1.5031306,1,[np.float32(5.0934668)],[np.float32(0.21994561)],0.21994561,5.0934668,fixed,fixed
78782,289,5.5545464,0.0,-0.70624566,-0.58466166,1,[np.float32(5.0934668)],[np.float32(0.022772891)],0.022772891,8.228977,fixed,fixed
78782,290,6.088874,0.0,-0.7226151,-1.0013107,1,[np.float32(5.0934668)],[np.float32(0.06837011)],0.06837011,5.284512,fixed,fixed
78782,291,5.877573,0.0,-0.74614704,-0.6923372,1,[np.float32(5.0934668)],[np.float32(0.028311158)],0.028311158,6.7248263,fixed,fixed
78782,293,5.0934668,0.0,-0.67241293,-0.9160638,1,[np.float32(5.0934668)],[np.float32(0.08184193)],0.08184193,6.7248263,fixed,fixed
78782,300,7.1303654,0.0,-0.79176646,-1.3484745,1,[np.float32(5.0934668)],[np.float32(0.11897195)],0.11897195,5.0934668,fixed,fixed
78782,368,5.284512,0.0,-0.71506715,-0.7331901,1,[np.float32(5.0934668)],[np.float32(0.04278246)],0.04278246,6.088874,fixed,fixed
92406,27,4.8111362,0.0,-0.6232312,-0.5264527,1,[np.float32(4.951692)],[np.float32(0.028111102)],0.028111102,7.5358305,fixed,fixed
92406,55,5.2083592,0.0,-0.6504584,-1.0522863,1,[np.float32(4.951692)],[np.float32(0.12398622)],0.12398622,4.951692,fixed,fixed
92406,57,4.45615,0.0,-0.5796101,-0.6525061,1,[np.float32(4.951692)],[np.float32(0.050913606)],0.050913606,6.7248263,fixed,fixed
92406,58,6.842684,0.0,-0.7877417,-0.96611446,1,[np.float32(4.951692)],[np.float32(0.046202783)],0.046202783,6.088874,fixed,fixed
92406,59,6.088874,0.0,-0.74534166,-1.1430093,1,[np.float32(5.786329)],[np.float32(0.07359712)],0.07359712,6.7248263,fixed,fixed
92406,61,8.228977,0.0,-0.85503906,-1.4282122,1,[np.float32(4.951692)],[np.float32(0.096448004)],0.096448004,4.951692,fixed,fixed
92406,120,5.0934668,0.0,-0.68223363,-1.2363725,1,[np.float32(6.214031)],[np.float32(0.111585006)],0.111585006,6.7248263,fixed,fixed
92406,132,6.842684,0.0,-0.7912479,-1.0129257,1,[np.float32(5.786329)],[np.float32(0.03519518)],0.03519518,7.5358305,fixed,fixed
92406,133,7.5358305,0.0,-0.8383318,-1.4825125,1,[np.float32(5.786329)],[np.float32(0.10332351)],0.10332351,7.5358305,fixed,fixed
92406,144,5.877573,0.0,-0.7071499,-1.0236865,1,[np.float32(4.951692)],[np.float32(0.08631818)],0.08631818,6.9761195,fixed,fixed
92406,152,6.842684,0.0,-0.7909195,-1.0129257,1,[np.float32(5.786329)],[np.float32(0.03519518)],0.03519518,7.5358305,fixed,fixed
92406,155,5.877573,0.0,-0.7376722,-1.4707679,2,"[np.float32(5.786329), np.float32(6.842684)]","[np.float32(0.06569621), np.float32(0.11442152)]",0.11442152,6.7248263,fixed,fixed
92406,164,5.0099363,0.0,-0.6297805,-0.5927194,1,[np.float32(4.951692)],[np.float32(0.032502197)],0.032502197,5.184434,fixed,fixed
92406,172,5.0934668,0.0,-0.758013,-0.864945,1,[np.float32(4.951692)],[np.float32(0.07544661)],0.07544661,6.9761195,fixed,fixed
92406,179,5.184434,0.0,-0.6724414,-0.8952674,1,[np.float32(4.951692)],[np.float32(0.079511344)],0.079511344,6.9761195,fixed,fixed
92406,187,5.4253707,0.0,-0.65833294,-0.73119754,1,[np.float32(4.951692)],[np.float32(0.042770606)],0.042770606,5.0934668,fixed,fixed
92406,201,5.877573,0.0,-0.7125975,-1.0801562,1,[np.float32(6.214031)],[np.float32(0.054237153)],0.054237153,5.184434,fixed,fixed
92406,204,6.842684,0.0,-0.7910573,-1.4268335,1,[np.float32(5.877573)],[np.float32(0.11442152)],0.11442152,7.5358305,fixed,fixed
92406,205,5.184434,0.0,-0.6636893,-0.9795687,2,"[np.float32(5.877573), np.float32(5.184434)]","[np.float32(0.029987883), np.float32(0.09065181)]",0.09065181,6.7248263,fixed,fixed
92406,210,7.5358305,0.0,-0.8554445,-1.3901631,1,[np.float32(6.214031)],[np.float32(0.06367433)],0.06367433,8.228977,fixed,fixed
92406,221,5.0934668,0.0,-0.68816906,-0.70109993,1,[np.float32(5.184434)],[np.float32(0.04016033)],0.04016033,6.7248263,fixed,fixed
92406,233,7.5358305,0.0,-0.8307908,-1.2750087,1,[np.float32(5.877573)],[np.float32(0.053509373)],0.053509373,7.5358305,fixed,fixed
92406,234,6.214031,1.0,-0.9782444,-0.83440894,1,[np.float32(5.877573)],[np.float32(0.025936576)],0.025936576,5.0934668,fixed,fixed
92406,235,5.5545464,0.0,-0.70049053,-0.72973496,1,[np.float32(6.214031)],[np.float32(0.021325735)],0.021325735,7.5358305,fixed,fixed
92406,238,5.0934668,0.0,-0.6871749,-1.5163164,1,[np.float32(6.214031)],[np.float32(0.20743524)],0.20743524,6.7248263,fixed,fixed
92406,240,5.877573,1.0,-0.9820197,-0.8374105,2,"[np.float32(6.214031), np.float32(5.184434)]","[np.float32(0.025936576), np.float32(0.029987883)]",0.029987883,6.7248263,fixed,fixed
92406,241,5.786329,0.0,-0.74281484,-1.0747151,1,[np.float32(5.877573)],[np.float32(0.06569621)],0.06569621,7.5358305,fixed,fixed
92406,242,7.5358305,0.0,-0.8667384,-1.2750087,1,[np.float32(5.877573)],[np.float32(0.053509373)],0.053509373,8.228977,fixed,fixed
92406,246,5.877573,0.0,-0.74665976,-0.7222562,1,[np.float32(5.877573)],[np.float32(0.02113925)],0.02113925,6.7248263,fixed,fixed
92406,247,5.4253707,0.0,-0.7043476,-0.9061293,1,[np.float32(6.842684)],[np.float32(0.028767666)],0.028767666,7.5358305,fixed,fixed
92406,248,7.5358305,0.0,-0.84664625,-1.8636626,1,[np.float32(6.842684)],[np.float32(0.17628156)],0.17628156,6.842684,fixed,fixed
92406,264,5.877573,0.0,-0.745361,-0.7222562,1,[np.float32(5.877573)],[np.float32(0.02113925)],0.02113925,6.7248263,fixed,fixed
92406,265,5.4253707,0.0,-0.7041994,-0.9061293,1,[np.float32(6.842684)],[np.float32(0.028767666)],0.028767666,7.5358305,fixed,fixed
92406,271,5.877573,0.0,-0.7403006,-1.4707679,1,[np.float32(6.842684)],[np.float32(0.11442152)],0.11442152,6.7248263,fixed,fixed
92406,311,6.7248263,0.0,-0.7886535,-1.809466,1,[np.float32(5.877573)],[np.float32(0.32661414)],0.32661414,5.877573,fixed,fixed
92406,312,5.977319,0.0,-0.72484034,-0.9947844,1,[np.float32(5.877573)],[np.float32(0.04764821)],0.04764821,5.877573,fixed,fixed
92406,313,5.0099363,0.0,-0.6319982,-1.2146889,1,[np.float32(5.184434)],[np.float32(0.18143204)],0.18143204,5.184434,fixed,fixed
92406,315,8.228977,0.0,-0.8712118,-1.5060576,1,[np.float32(5.877573)],[np.float32(0.07651761)],0.07651761,7.5358305,fixed,fixed
92406,316,6.842684,0.0,-0.79300755,-1.4268335,1,[np.float32(5.877573)],[np.float32(0.11442152)],0.11442152,7.5358305,fixed,fixed
92406,317,5.184434,1.0,-0.9783055,-0.7304895,1,[np.float32(5.877573)],[np.float32(0.029987883)],0.029987883,6.9761195,fixed,fixed
92406,319,7.1303654,0.0,-0.7917233,-1.3800663,1,[np.float32(5.184434)],[np.float32(0.12464258)],0.12464258,5.184434,fixed,fixed
92406,320,7.5358305,0.0,-0.81444055,-1.2759415,1,[np.float32(5.184434)],[np.float32(0.07588504)],0.07588504,5.0934668,fixed,fixed
92406,321,5.4253707,0.0,-0.6952014,-0.8117346,1,[np.float32(5.184434)],[np.float32(0.049271513)],0.049271513,8.228977,fixed,fixed
92406,328,6.357125,0.0,-0.7443405,-0.88303953,1,[np.float32(5.184434)],[np.float32(0.039985858)],0.039985858,5.0934668,fixed,fixed
92406,344,8.228977,0.0,-0.8512153,-1.5069904,1,[np.float32(5.184434)],[np.float32(0.10851108)],0.10851108,5.184434,fixed,fixed
92406,350,4.45615,0.0,-0.6111788,-0.48866105,1,[np.float32(5.184434)],[np.float32(0.025582792)],0.025582792,6.7248263,fixed,fixed
92406,419,6.9761195,0.0,-0.7881609,-1.5279642,1,[np.float32(5.184434)],[np.float32(0.20308375)],0.20308375,5.184434,fixed,fixed
92406,420,4.951692,0.0,-0.6302462,-0.9019881,1,[np.float32(5.184434)],[np.float32(0.079511344)],0.079511344,5.487917,fixed,fixed
92406,429,5.487917,0.0,-0.669534,-1.0807297,1,[np.float32(5.184434)],[np.float32(0.10704957)],0.10704957,4.951692,fixed,fixed
121691,40,4.8111362,0.0,-0.6218276,-1.0073801,1,[np.float32(5.877573)],[np.float32(0.07992371)],0.07992371,7.5358305,fixed,fixed
121691,43,6.088874,0.0,-0.7441183,-0.7926898,1,[np.float32(5.877573)],[np.float32(0.02407378)],0.02407378,6.7248263,fixed,fixed
121691,48,4.5525913,0.0,-0.5916992,-0.5198753,1,[np.float32(5.877573)],[np.float32(0.019440975)],0.019440975,6.088874,fixed,fixed
121691,57,4.45615,0.0,-0.5796101,-1.1195351,2,"[np.float32(6.842684), np.float32(5.877573)]","[np.float32(0.073229), np.float32(0.06546549)]",0.073229,6.7248263,fixed,fixed
121691,59,6.088874,0.0,-0.7468774,-1.3813437,2,"[np.float32(6.842684), np.float32(5.877573)]","[np.float32(0.08446663), np.float32(0.02407378)]",0.08446663,6.7248263,fixed,fixed
121691,60,4.951692,0.0,-0.64104986,-1.0022831,1,[np.float32(6.842684)],[np.float32(0.046202783)],0.046202783,5.2083592,fixed,fixed
121691,99,6.214031,0.0,-0.7302374,-0.7248516,1,[np.float32(5.5545464)],[np.float32(0.021325735)],0.021325735,4.5525913,fixed,fixed
121691,100,8.228977,0.0,-0.8716386,-1.3965002,1,[np.float32(5.5545464)],[np.float32(0.064895034)],0.064895034,7.5358305,fixed,fixed
121691,101,6.842684,0.0,-0.7950926,-0.93440247,1,[np.float32(5.5545464)],[np.float32(0.030949712)],0.030949712,7.5358305,fixed,fixed
121691,102,5.0934668,0.0,-0.68732744,-0.58827734,1,[np.float32(5.5545464)],[np.float32(0.022772891)],0.022772891,6.7248263,fixed,fixed
121691,128,6.9761195,0.0,-0.8016407,-1.7898527,1,[np.float32(5.877573)],[np.float32(0.28801104)],0.28801104,5.877573,fixed,fixed
121691,130,5.4253707,0.0,-0.7048465,-0.9543958,1,[np.float32(5.877573)],[np.float32(0.053859804)],0.053859804,7.5358305,fixed,fixed
121691,131,7.5358305,0.0,-0.84438884,-1.2750087,1,[np.float32(5.877573)],[np.float32(0.053509373)],0.053509373,6.842684,fixed,fixed
121691,132,6.842684,0.0,-0.793209,-1.4268335,1,[np.float32(5.877573)],[np.float32(0.11442152)],0.11442152,7.5358305,fixed,fixed
121691,133,7.5358305,0.0,-0.83895755,-1.2750087,1,[np.float32(5.877573)],[np.float32(0.053509373)],0.053509373,7.5358305,fixed,fixed
133545,59,6.088874,0.0,-0.74534166,-1.1430093,1,[np.float32(5.786329)],[np.float32(0.07359712)],0.07359712,6.7248263,fixed,fixed
133545,122,5.877573,0.0,-0.73711985,-1.4707679,1,[np.float32(6.842684)],[np.float32(0.11442152)],0.11442152,6.7248263,fixed,fixed
133545,132,6.842684,0.0,-0.7912479,-1.0129257,1,[np.float32(5.786329)],[np.float32(0.03519518)],0.03519518,7.5358305,fixed,fixed
133545,133,7.5358305,0.0,-0.8383318,-1.4825125,1,[np.float32(5.786329)],[np.float32(0.10332351)],0.10332351,7.5358305,fixed,fixed
133545,151,6.357125,0.0,-0.7607224,-1.2335458,1,[np.float32(5.0934668)],[np.float32(0.12033005)],0.12033005,5.0934668,fixed,fixed
133545,152,6.842684,0.0,-0.7909195,-1.0129257,1,[np.float32(5.786329)],[np.float32(0.03519518)],0.03519518,7.5358305,fixed,fixed
133545,153,7.5358305,0.0,-0.8382065,-1.2450897,1,[np.float32(5.0934668)],[np.float32(0.07239285)],0.07239285,7.5358305,fixed,fixed
133545,155,5.877573,0.0,-0.7376722,-1.0725757,1,[np.float32(5.786329)],[np.float32(0.06569621)],0.06569621,6.7248263,fixed,fixed
133545,172,5.0934668,0.0,-0.7570314,-0.9160638,1,[np.float32(5.0934668)],[np.float32(0.08184193)],0.08184193,6.9761195,fixed,fixed
133545,177,5.877573,0.0,-0.7442848,-0.6923372,1,[np.float32(5.0934668)],[np.float32(0.028311158)],0.028311158,6.7248263,fixed,fixed
133545,179,5.184434,0.0,-0.6709613,-0.6998308,1,[np.float32(5.0934668)],[np.float32(0.04016033)],0.04016033,6.9761195,fixed,fixed
133545,182,5.877573,0.0,-0.746713,-1.9591898,1,[np.float32(6.7248263)],[np.float32(0.32661414)],0.32661414,6.7248263,fixed,fixed
133545,184,5.4253707,0.0,-0.6923864,-0.5416031,1,[np.float32(5.0934668)],[np.float32(0.020732379)],0.020732379,8.228977,fixed,fixed
133545,188,7.1303654,0.0,-0.78706914,-1.3484745,1,[np.float32(5.0934668)],[np.float32(0.11897195)],0.11897195,5.0934668,fixed,fixed
133545,189,7.5358305,0.0,-0.81643367,-1.4836296,1,[np.float32(5.0934668)],[np.float32(0.14657553)],0.14657553,5.0934668,fixed,fixed
133545,190,5.5545464,0.0,-0.68396616,-0.8232016,1,[np.float32(5.0934668)],[np.float32(0.050411604)],0.050411604,5.0934668,fixed,fixed
133545,209,5.4253707,0.0,-0.6946551,-0.9061293,1,[np.float32(6.842684)],[np.float32(0.028767666)],0.028767666,8.228977,fixed,fixed
133545,210,7.5358305,0.0,-0.8578226,-1.8636626,1,[np.float32(6.842684)],[np.float32(0.17628156)],0.17628156,8.228977,fixed,fixed
133545,224,6.088874,0.0,-0.724727,-1.3587313,1,[np.float32(6.088874)],[np.float32(0.11587737)],0.11587737,5.284512,fixed,fixed
133545,226,5.284512,0.0,-0.6818721,-1.6024088,2,"[np.float32(6.088874), np.float32(4.5525913)]","[np.float32(0.2540094), np.float32(0.0667954)]",0.2540094,6.088874,fixed,fixed
133545,235,5.5545464,0.0,-0.70071316,-0.9491878,1,[np.float32(6.842684)],[np.float32(0.030949712)],0.030949712,7.5358305,fixed,fixed
133545,240,5.877573,0.0,-0.73922104,-1.4707679,1,[np.float32(6.842684)],[np.float32(0.11442152)],0.11442152,6.7248263,fixed,fixed
133545,256,5.284512,0.0,-0.71738905,-0.7331901,1,[np.float32(5.0934668)],[np.float32(0.04278246)],0.04278246,6.088874,fixed,fixed
133545,267,6.214031,0.0,-0.7333872,-1.4078817,1,[np.float32(5.0934668)],[np.float32(0.20743524)],0.20743524,5.0934668,fixed,fixed
133545,269,7.5358305,0.0,-0.8286071,-1.2450897,1,[np.float32(5.0934668)],[np.float32(0.07239285)],0.07239285,7.5358305,fixed,fixed
133545,281,5.0934668,0.0,-0.6765831,-0.48440185,1,[np.float32(4.5525913)],[np.float32(0.025679354)],0.025679354,6.7248263,fixed,fixed
133545,286,6.7248263,0.0,-0.76988107,-1.5031306,1,[np.float32(5.0934668)],[np.float32(0.21994561)],0.21994561,5.0934668,fixed,fixed
133545,289,5.5545464,0.0,-0.70624566,-0.58466166,1,[np.float32(5.0934668)],[np.float32(0.022772891)],0.022772891,8.228977,fixed,fixed
133545,290,6.088874,0.0,-0.7226151,-1.0013107,1,[np.float32(5.0934668)],[np.float32(0.06837011)],0.06837011,5.284512,fixed,fixed
133545,291,5.877573,0.0,-0.74614704,-0.6923372,1,[np.float32(5.0934668)],[np.float32(0.028311158)],0.028311158,6.7248263,fixed,fixed
133545,293,5.0934668,0.0,-0.67241293,-0.9160638,1,[np.float32(5.0934668)],[np.float32(0.08184193)],0.08184193,6.7248263,fixed,fixed
133545,300,7.1303654,0.0,-0.79176646,-1.3484745,1,[np.float32(5.0934668)],[np.float32(0.11897195)],0.11897195,5.0934668,fixed,fixed
133545,330,6.214031,0.0,-0.72759837,-0.99743533,1,[np.float32(4.5525913)],[np.float32(0.08361014)],0.08361014,5.284512,fixed,fixed
133545,333,5.0934668,0.0,-0.6850632,-1.0269289,2,"[np.float32(6.088874), np.float32(4.5525913)]","[np.float32(0.06837011), np.float32(0.093068875)]",0.093068875,6.9761195,fixed,fixed
133545,336,6.088874,1.0,-0.9538647,-1.0560249,1,[np.float32(4.5525913)],[np.float32(0.105595194)],0.105595194,5.284512,fixed,fixed
133545,338,4.5525913,1.0,-0.98540723,-1.1253842,1,[np.float32(6.088874)],[np.float32(0.105595194)],0.105595194,6.214031,fixed,fixed
133545,339,6.088501,0.0,-0.7359288,-0.58072996,1,[np.float32(4.5525913)],[np.float32(0.022736935)],0.022736935,4.5525913,fixed,fixed
133545,340,7.5358305,0.0,-0.81632656,-1.2985231,1,[np.float32(4.5525913)],[np.float32(0.11134854)],0.11134854,4.5525913,fixed,fixed
133545,365,5.786329,0.0,-0.7098213,-0.4800059,1,[np.float32(4.5525913)],[np.float32(0.018084316)],0.018084316,6.088874,fixed,fixed
133545,368,5.284512,0.0,-0.71506715,-0.7331901,1,[np.float32(5.0934668)],[np.float32(0.04278246)],0.04278246,6.088874,fixed,fixed
133545,421,5.4253707,0.0,-0.661307,-0.5950365,1,[np.float32(4.5525913)],[np.float32(0.032927886)],0.032927886,5.0934668,fixed,fixed
133545,428,4.8111362,0.0,-0.6190685,-0.63011235,1,[np.float32(4.5525913)],[np.float32(0.049403396)],0.049403396,6.18106,fixed,fixed
133545,435,6.842684,0.0,-0.77915347,-0.83212423,1,[np.float32(4.5525913)],[np.float32(0.036879055)],0.036879055,4.8111362,fixed,fixed
133545,436,6.088874,0.0,-0.7234952,-1.3587313,2,"[np.float32(6.088874), np.float32(4.5525913)]","[np.float32(0.11587737), np.float32(0.17459728)]",0.17459728,4.5525913,fixed,fixed
133545,437,5.487917,0.0,-0.672869,-0.99986964,1,[np.float32(4.5525913)],[np.float32(0.116307676)],0.116307676,4.5525913,fixed,fixed
133545,438,6.214031,0.0,-0.7224737,-1.270898,1,[np.float32(4.5525913)],[np.float32(0.18643393)],0.18643393,4.5525913,fixed,fixed
133545,439,8.228977,0.0,-0.8529455,-1.294222,1,[np.float32(4.5525913)],[np.float32(0.078724585)],0.078724585,4.8111362,fixed,fixed
150310,12,4.411208,0.0,-0.5692437,-0.34493503,1,[np.float32(4.8111362)],[np.float32(0.017441027)],0.017441027,6.214031,broken,broken
150310,25,5.2083592,0.0,-0.6504584,-0.610652,1,[np.float32(4.8111362)],[np.float32(0.0338484)],0.0338484,4.5525913,broken,broken
150310,26,5.901499,0.0,-0.7226517,-1.0842415,1,[np.float32(4.8111362)],[np.float32(0.109549694)],0.109549694,4.8111362,broken,broken
150310,28,6.842684,0.0,-0.7886848,-1.1554269,1,[np.float32(4.8111362)],[np.float32(0.08839323)],0.08839323,4.8111362,broken,broken
150310,30,4.5525913,0.0,-0.5949932,-0.80585074,2,"[np.float32(4.8111362), np.float32(5.284512)]","[np.float32(0.049403396), np.float32(0.0667954)]",0.0667954,6.214031,broken,broken
150310,31,8.228977,0.0,-0.85541505,-1.3808738,1,[np.float32(4.8111362)],[np.float32(0.089805946)],0.089805946,4.8111362,broken,broken
150310,32,5.977319,0.0,-0.7277689,-0.630321,1,[np.float32(4.8111362)],[np.float32(0.025133992)],0.025133992,6.088874,broken,broken
150310,40,4.8111362,0.0,-0.62321126,-1.0073801,2,"[np.float32(4.8111362), np.float32(5.877573)]","[np.float32(0.058463678), np.float32(0.07992371)]",0.07992371,7.5358305,broken,broken
150310,42,6.842684,0.0,-0.7825906,-0.91877604,1,[np.float32(4.8111362)],[np.float32(0.04272912)],0.04272912,4.8111362,broken,broken
150310,43,6.088874,0.0,-0.7441183,-0.7926898,1,[np.float32(5.877573)],[np.float32(0.02407378)],0.02407378,6.7248263,broken,broken
150310,44,7.5358305,0.0,-0.8203139,-1.3864759,1,[np.float32(4.8111362)],[np.float32(0.12702198)],0.12702198,4.8111362,broken,broken
150310,45,5.786329,0.0,-0.7068243,-0.5666577,1,[np.float32(4.8111362)],[np.float32(0.021990279)],0.021990279,4.8111362,broken,broken
150310,46,7.5358305,0.0,-0.8203139,-1.3864759,1,[np.float32(4.8111362)],[np.float32(0.12702198)],0.12702198,4.8111362,broken,broken
150310,48,4.5525913,0.0,-0.5916992,-0.80585074,2,"[np.float32(5.284512), np.float32(5.877573)]","[np.float32(0.0667954), np.float32(0.019440975)]",0.0667954,6.088874,broken,broken
150310,57,4.45615,0.0,-0.5796101,-0.8890514,2,"[np.float32(5.284512), np.float32(5.877573)]","[np.float32(0.027684145), np.float32(0.06546549)]",0.06546549,6.7248263,broken,broken
150310,59,6.088874,0.0,-0.74534166,-0.7926898,1,[np.float32(5.877573)],[np.float32(0.02407378)],0.02407378,6.7248263,broken,broken
150310,60,4.951692,0.0,-0.64061207,-0.52509636,1,[np.float32(4.8111362)],[np.float32(0.028111102)],0.028111102,5.2083592,broken,broken
150310,99,6.214031,0.0,-0.7302374,-1.2541078,1,[np.float32(5.284512)],[np.float32(0.123305775)],0.123305775,4.5525913,broken,broken
150310,102,5.0934668,0.0,-0.68732744,-0.73604125,1,[np.float32(5.284512)],[np.float32(0.04278246)],0.04278246,6.7248263,broken,broken
150310,105,6.088874,0.0,-0.7236538,-1.3179449,1,[np.float32(5.284512)],[np.float32(0.15505402)],0.15505402,4.5525913,broken,broken
150310,108,6.088501,0.0,-0.7355435,-0.82753754,1,[np.float32(5.284512)],[np.float32(0.03622828)],0.03622828,5.284512,broken,broken
150310,109,7.5358305,0.0,-0.817523,-1.5501624,1,[np.float32(5.284512)],[np.float32(0.1614404)],0.1614404,5.284512,broken,broken
150310,113,5.877573,0.0,-0.7632477,-0.97457576,1,[np.float32(4.8111362)],[np.float32(0.07992371)],0.07992371,6.9761195,broken,broken
150310,128,6.9761195,0.0,-0.8016407,-1.7898527,1,[np.float32(5.877573)],[np.float32(0.28801104)],0.28801104,5.877573,broken,broken
150310,130,5.4253707,0.0,-0.7048465,-0.9543958,1,[np.float32(5.877573)],[np.float32(0.053859804)],0.053859804,7.5358305,broken,broken
150310,131,7.5358305,0.0,-0.84438884,-1.2750087,1,[np.float32(5.877573)],[np.float32(0.053509373)],0.053509373,6.842684,broken,broken
150310,132,6.842684,0.0,-0.793209,-1.4268335,1,[np.float32(5.877573)],[np.float32(0.11442152)],0.11442152,7.5358305,broken,broken
150310,133,7.5358305,0.0,-0.8389576,-1.2750087,1,[np.float32(5.877573)],[np.float32(0.053509373)],0.053509373,7.5358305,broken,broken
150310,135,5.877573,0.0,-0.7356486,-1.4707679,1,[np.float32(6.842684)],[np.float32(0.11442152)],0.11442152,6.7248263,broken,broken
150310,136,5.786329,0.0,-0.7089791,-0.7268135,1,[np.float32(5.284512)],[np.float32(0.030146634)],0.030146634,8.228977,broken,broken
150310,139,6.214031,0.0,-0.7251206,-0.7092252,1,[np.float32(4.8111362)],[np.float32(0.029351974)],0.029351974,4.5525913,broken,broken
150310,144,5.877573,0.0,-0.7071042,-0.97457576,1,[np.float32(4.8111362)],[np.float32(0.07992371)],0.07992371,6.9761195,broken,broken
150310,172,5.0934668,0.0,-0.75746083,-0.73604125,2,"[np.float32(4.8111362), np.float32(5.284512)]","[np.float32(0.031217033), np.float32(0.04278246)]",0.04278246,6.9761195,broken,broken
150310,174,6.214031,0.0,-0.74051565,-1.4808785,1,[np.float32(5.284512)],[np.float32(0.22865157)],0.22865157,5.284512,broken,broken
150310,176,6.088874,0.0,-0.7197726,-1.5052582,1,[np.float32(5.284512)],[np.float32(0.2540094)],0.2540094,5.284512,broken,broken
150310,180,5.0934668,0.0,-0.67722356,-0.73604125,1,[np.float32(5.284512)],[np.float32(0.04278246)],0.04278246,6.7248263,broken,broken
150310,218,6.214031,0.0,-0.7340078,-1.4808785,1,[np.float32(5.284512)],[np.float32(0.22865157)],0.22865157,5.284512,broken,broken
150310,221,5.0934668,0.0,-0.6888977,-0.73604125,1,[np.float32(5.284512)],[np.float32(0.04278246)],0.04278246,6.7248263,broken,broken
150310,223,5.5545464,0.0,-0.707936,-0.9491878,1,[np.float32(6.842684)],[np.float32(0.030949712)],0.030949712,8.228977,broken,broken
150310,224,6.088874,0.0,-0.72984976,-1.5052582,1,[np.float32(5.284512)],[np.float32(0.2540094)],0.2540094,5.284512,broken,broken
150310,225,7.5358305,0.0,-0.8583937,-1.8636626,1,[np.float32(6.842684)],[np.float32(0.17628156)],0.17628156,8.228977,broken,broken
150310,226,5.284512,0.0,-0.68350995,-1.0498244,1,[np.float32(5.284512)],[np.float32(0.10120408)],0.10120408,6.088874,broken,broken
150310,238,5.0934668,0.0,-0.68235564,-0.73604125,1,[np.float32(5.284512)],[np.float32(0.04278246)],0.04278246,6.7248263,broken,broken
150310,247,5.4253707,0.0,-0.7043476,-0.9061293,1,[np.float32(6.842684)],[np.float32(0.028767666)],0.028767666,7.5358305,broken,broken
150310,252,5.877573,0.0,-0.73823005,-1.4707679,1,[np.float32(6.842684)],[np.float32(0.11442152)],0.11442152,6.7248263,broken,broken
150310,256,5.284512,1.0,-0.91492635,-0.8379178,1,[np.float32(6.088501)],[np.float32(0.03622828)],0.03622828,6.088874,broken,broken
150310,259,5.786329,0.0,-0.72686833,-0.7268135,1,[np.float32(5.284512)],[np.float32(0.030146634)],0.030146634,8.228977,broken,broken
150310,260,7.5358305,0.0,-0.81212723,-1.5501624,1,[np.float32(5.284512)],[np.float32(0.1614404)],0.1614404,5.284512,broken,broken
150310,285,6.088501,1.0,-0.9942766,-0.82753754,1,[np.float32(5.284512)],[np.float32(0.03622828)],0.03622828,5.284512,broken,broken
150310,288,6.214031,0.0,-0.738169,-1.2541078,1,[np.float32(5.284512)],[np.float32(0.123305775)],0.123305775,5.284512,broken,broken
150310,290,6.088874,0.0,-0.7239386,-1.3179449,1,[np.float32(5.284512)],[np.float32(0.15505402)],0.15505402,5.284512,broken,broken
150310,368,5.284512,0.0,-0.71575475,-1.0498244,1,[np.float32(5.284512)],[np.float32(0.10120408)],0.10120408,6.088874,broken,broken
150310,403,6.088874,0.0,-0.7628434,-1.0001935,1,[np.float32(5.786329)],[np.float32(0.048188686)],0.048188686,6.7248263,broken,broken
150310,430,4.8111362,0.0,-0.6237959,-0.574281,1,[np.float32(5.786329)],[np.float32(0.021990279)],0.021990279,6.18106,broken,broken
150310,445,4.5525913,0.0,-0.6472548,-0.7346501,1,[np.float32(5.786329)],[np.float32(0.041849934)],0.041849934,6.088874,broken,broken
173821,101,6.842684,0.0,-0.7950926,-1.4268335,1,[np.float32(5.877573)],[np.float32(0.11442152)],0.11442152,7.5358305,fixed,fixed
173821,102,5.0934668,0.0,-0.68732744,-1.2363725,2,"[np.float32(5.877573), np.float32(6.214031)]","[np.float32(0.028311158), np.float32(0.111585006)]",0.111585006,6.7248263,fixed,fixed
173821,126,7.5358305,0.0,-0.8370089,-1.2750087,1,[np.float32(5.877573)],[np.float32(0.053509373)],0.053509373,7.5358305,fixed,fixed
173821,129,5.877573,0.0,-0.7463118,-0.7222562,1,[np.float32(5.877573)],[np.float32(0.02113925)],0.02113925,6.7248263,fixed,fixed
173821,136,5.786329,0.0,-0.70968145,-1.0747151,1,[np.float32(5.877573)],[np.float32(0.06569621)],0.06569621,8.228977,fixed,fixed
173821,138,7.5358305,0.0,-0.8683417,-1.2750087,1,[np.float32(5.877573)],[np.float32(0.053509373)],0.053509373,8.228977,fixed,fixed
173821,161,5.877573,0.0,-0.74766415,-0.7222562,1,[np.float32(5.877573)],[np.float32(0.02113925)],0.02113925,6.7248263,fixed,fixed
173821,185,5.877573,0.0,-0.74432117,-1.3107322,1,[np.float32(7.5358305)],[np.float32(0.053509373)],0.053509373,6.7248263,fixed,fixed
173821,205,5.184434,0.0,-0.6636893,-0.8491098,1,[np.float32(6.214031)],[np.float32(0.036789175)],0.036789175,6.7248263,fixed,fixed
173821,213,6.7248263,0.0,-0.78898627,-1.809466,1,[np.float32(5.877573)],[np.float32(0.32661414)],0.32661414,5.877573,fixed,fixed
173821,214,5.977319,0.0,-0.73148906,-0.9947844,2,"[np.float32(5.877573), np.float32(6.214031)]","[np.float32(0.04764821), np.float32(0.027491292)]",0.04764821,7.5358305,fixed,fixed
173821,217,7.5358305,0.0,-0.85804117,-1.3901631,1,[np.float32(6.214031)],[np.float32(0.06367433)],0.06367433,6.842684,fixed,fixed
173821,218,6.214031,0.0,-0.7297028,-0.83440894,1,[np.float32(5.877573)],[np.float32(0.025936576)],0.025936576,5.284512,fixed,fixed
173821,219,8.228977,0.0,-0.871265,-1.5060576,1,[np.float32(5.877573)],[np.float32(0.07651761)],0.07651761,7.5358305,fixed,fixed
173821,220,6.842684,0.0,-0.79312706,-1.4268335,1,[np.float32(5.877573)],[np.float32(0.11442152)],0.11442152,7.5358305,fixed,fixed
173821,221,5.0934668,0.0,-0.6938456,-1.5163164,2,"[np.float32(5.877573), np.float32(6.214031)]","[np.float32(0.028311158), np.float32(0.20743524)]",0.20743524,6.7248263,fixed,fixed
173821,246,5.877573,0.0,-0.74674726,-0.8374105,1,[np.float32(6.214031)],[np.float32(0.025936576)],0.025936576,6.7248263,fixed,fixed
173821,249,6.842684,0.0,-0.7905878,-1.9148684,1,[np.float32(7.5358305)],[np.float32(0.17628156)],0.17628156,7.5358305,fixed,fixed
173821,250,7.5358305,0.0,-0.8380801,-1.8634847,1,[np.float32(7.5358305)],[np.float32(0.12459149)],0.12459149,7.5358305,fixed,fixed
173821,252,5.877573,0.0,-0.73603666,-1.3107322,1,[np.float32(7.5358305)],[np.float32(0.053509373)],0.053509373,6.7248263,fixed,fixed
173821,254,8.228977,0.0,-0.8707773,-2.0945337,1,[np.float32(7.5358305)],[np.float32(0.17652911)],0.17652911,7.5358305,fixed,fixed
173821,295,5.877573,0.0,-0.746713,-0.9457287,1,[np.float32(5.4253707)],[np.float32(0.053859804)],0.053859804,6.7248263,fixed,fixed
173821,298,5.877573,0.0,-0.7450323,-1.9591898,1,[np.float32(6.7248263)],[np.float32(0.32661414)],0.32661414,6.7248263,fixed,fixed
173821,356,6.842684,0.0,-0.7912968,-0.89081335,1,[np.float32(5.4253707)],[np.float32(0.028767666)],0.028767666,7.5358305,fixed,fixed
173821,373,7.5358305,0.0,-0.83633095,-1.358078,1,[np.float32(5.4253707)],[np.float32(0.08591343)],0.08591343,7.5358305,fixed,fixed
173821,374,6.842684,0.0,-0.7903354,-0.89081335,1,[np.float32(5.4253707)],[np.float32(0.028767666)],0.028767666,7.5358305,fixed,fixed
173821,376,5.877573,0.0,-0.7423331,-0.9457287,1,[np.float32(5.4253707)],[np.float32(0.053859804)],0.053859804,6.9761195,fixed,fixed
175567,75,5.0934668,0.0,-0.70618695,-1.697821,1,[np.float32(6.9761195)],[np.float32(0.19394967)],0.19394967,6.5241694,fixed,fixed
175567,83,5.877573,0.0,-0.70861584,-1.4707679,1,[np.float32(6.842684)],[np.float32(0.11442152)],0.11442152,6.9761195,fixed,fixed
175567,95,5.977319,0.0,-0.7337162,-1.090112,1,[np.float32(6.842684)],[np.float32(0.03904639)],0.03904639,7.5358305,fixed,fixed
175567,98,7.5358305,0.0,-0.8610144,-1.8636626,1,[np.float32(6.842684)],[np.float32(0.17628156)],0.17628156,6.842684,fixed,fixed
175567,123,5.786329,0.0,-0.74566776,-1.0264486,1,[np.float32(6.842684)],[np.float32(0.03519518)],0.03519518,7.5358305,fixed,fixed
175567,129,5.877573,0.0,-0.74840033,-1.4707679,1,[np.float32(6.842684)],[np.float32(0.11442152)],0.11442152,6.7248263,fixed,fixed
175567,133,7.5358305,0.0,-0.8383318,-1.2750087,1,[np.float32(5.877573)],[np.float32(0.053509373)],0.053509373,7.5358305,fixed,fixed
175567,151,6.357125,0.0,-0.7607224,-1.2335458,1,[np.float32(5.0934668)],[np.float32(0.12033005)],0.12033005,5.0934668,fixed,fixed
175567,152,6.842684,0.0,-0.7909195,-1.4268335,1,[np.float32(5.877573)],[np.float32(0.11442152)],0.11442152,7.5358305,fixed,fixed
175567,153,7.5358305,0.0,-0.8382065,-1.2450897,1,[np.float32(5.0934668)],[np.float32(0.07239285)],0.07239285,7.5358305,fixed,fixed
175567,155,5.877573,0.0,-0.7376722,-1.0725757,2,"[np.float32(5.877573), np.float32(5.786329)]","[np.float32(0.02113925), np.float32(0.06569621)]",0.06569621,6.7248263,fixed,fixed
175567,163,7.5358305,0.0,-0.84625447,-1.2750087,1,[np.float32(5.877573)],[np.float32(0.053509373)],0.053509373,8.228977,fixed,fixed
175567,172,5.0934668,0.0,-0.7570314,-0.9160638,1,[np.float32(5.0934668)],[np.float32(0.08184193)],0.08184193,6.9761195,fixed,fixed
175567,177,5.877573,0.0,-0.7442848,-0.7222562,2,"[np.float32(5.0934668), np.float32(5.877573)]","[np.float32(0.028311158), np.float32(0.02113925)]",0.028311158,6.7248263,fixed,fixed
175567,179,5.184434,0.0,-0.6709613,-0.6998308,1,[np.float32(5.0934668)],[np.float32(0.04016033)],0.04016033,6.9761195,fixed,fixed
175567,184,5.4253707,0.0,-0.69340295,-0.9543958,2,"[np.float32(5.0934668), np.float32(5.877573)]","[np.float32(0.020732379), np.float32(0.053859804)]",0.053859804,8.228977,fixed,fixed
175567,185,5.877573,0.0,-0.7446665,-0.7222562,1,[np.float32(5.877573)],[np.float32(0.02113925)],0.02113925,6.7248263,fixed,fixed
175567,188,7.1303654,0.0,-0.78706914,-1.3484745,1,[np.float32(5.0934668)],[np.float32(0.11897195)],0.11897195,5.0934668,fixed,fixed
175567,189,7.5358305,0.0,-0.81643367,-1.4836296,1,[np.float32(5.0934668)],[np.float32(0.14657553)],0.14657553,5.0934668,fixed,fixed
175567,190,5.5545464,0.0,-0.68396616,-0.8232016,1,[np.float32(5.0934668)],[np.float32(0.050411604)],0.050411604,5.0934668,fixed,fixed
175567,211,6.842684,0.0,-0.79029906,-1.0129257,1,[np.float32(5.786329)],[np.float32(0.03519518)],0.03519518,7.5358305,fixed,fixed
175567,212,7.5358305,0.0,-0.83797014,-1.4825125,1,[np.float32(5.786329)],[np.float32(0.10332351)],0.10332351,7.5358305,fixed,fixed
175567,236,6.842684,0.0,-0.79025984,-1.0129257,1,[np.float32(5.786329)],[np.float32(0.03519518)],0.03519518,7.5358305,fixed,fixed
175567,240,5.877573,0.0,-0.7370403,-1.0725757,1,[np.float32(5.786329)],[np.float32(0.06569621)],0.06569621,6.7248263,fixed,fixed
175567,244,6.842684,0.0,-0.7912968,-1.4268335,1,[np.float32(5.877573)],[np.float32(0.11442152)],0.11442152,7.5358305,fixed,fixed
175567,246,5.877573,0.0,-0.7463118,-0.7222562,1,[np.float32(5.877573)],[np.float32(0.02113925)],0.02113925,6.7248263,fixed,fixed
175567,256,5.284512,0.0,-0.71738905,-0.7331901,1,[np.float32(5.0934668)],[np.float32(0.04278246)],0.04278246,6.088874,fixed,fixed
175567,261,7.5358305,0.0,-0.83633095,-1.2750087,1,[np.float32(5.877573)],[np.float32(0.053509373)],0.053509373,7.5358305,fixed,fixed
175567,263,6.7248263,0.0,-0.7866514,-1.809466,1,[np.float32(5.877573)],[np.float32(0.32661414)],0.32661414,5.877573,fixed,fixed
175567,264,5.877573,0.0,-0.7450119,-0.7222562,1,[np.float32(5.877573)],[np.float32(0.02113925)],0.02113925,6.7248263,fixed,fixed
175567,265,5.4253707,0.0,-0.70461595,-0.9543958,1,[np.float32(5.877573)],[np.float32(0.053859804)],0.053859804,7.5358305,fixed,fixed
175567,266,7.5358305,0.0,-0.8445293,-1.2750087,1,[np.float32(5.877573)],[np.float32(0.053509373)],0.053509373,8.228977,fixed,fixed
175567,267,6.214031,0.0,-0.73412,-1.4078817,2,"[np.float32(5.0934668), np.float32(5.877573)]","[np.float32(0.20743524), np.float32(0.025936576)]",0.20743524,5.0934668,fixed,fixed
175567,268,6.842684,0.0,-0.7922902,-1.4268335,1,[np.float32(5.877573)],[np.float32(0.11442152)],0.11442152,7.5358305,fixed,fixed
175567,269,7.5358305,0.0,-0.8296271,-1.2750087,2,"[np.float32(5.0934668), np.float32(5.877573)]","[np.float32(0.07239285), np.float32(0.053509373)]",0.07239285,7.5358305,fixed,fixed
175567,272,5.786329,0.0,-0.7423953,-1.0747151,1,[np.float32(5.877573)],[np.float32(0.06569621)],0.06569621,7.5358305,fixed,fixed
175567,273,7.5358305,0.0,-0.85741496,-1.2750087,1,[np.float32(5.877573)],[np.float32(0.053509373)],0.053509373,6.842684,fixed,fixed
175567,277,5.877573,0.0,-0.7477483,-0.7222562,1,[np.float32(5.877573)],[np.float32(0.02113925)],0.02113925,6.7248263,fixed,fixed
175567,286,6.7248263,0.0,-0.76988107,-1.5031306,1,[np.float32(5.0934668)],[np.float32(0.21994561)],0.21994561,5.0934668,fixed,fixed
175567,289,5.5545464,0.0,-0.70624566,-0.58466166,1,[np.float32(5.0934668)],[np.float32(0.022772891)],0.022772891,8.228977,fixed,fixed
175567,290,6.088874,0.0,-0.7226151,-1.0013107,1,[np.float32(5.0934668)],[np.float32(0.06837011)],0.06837011,5.284512,fixed,fixed
175567,291,5.877573,0.0,-0.74614704,-0.6923372,1,[np.float32(5.0934668)],[np.float32(0.028311158)],0.028311158,6.7248263,fixed,fixed
175567,293,5.0934668,0.0,-0.67241293,-0.9160638,2,"[np.float32(5.0934668), np.float32(5.5545464)]","[np.float32(0.08184193), np.float32(0.022772891)]",0.08184193,6.7248263,fixed,fixed
175567,295,5.877573,0.0,-0.74706304,-0.7222562,1,[np.float32(5.877573)],[np.float32(0.02113925)],0.02113925,6.7248263,fixed,fixed
175567,300,7.1303654,0.0,-0.79176646,-1.3484745,1,[np.float32(5.0934668)],[np.float32(0.11897195)],0.11897195,5.0934668,fixed,fixed
175567,329,7.5358305,0.0,-0.85835445,-1.2750087,1,[np.float32(5.877573)],[np.float32(0.053509373)],0.053509373,6.842684,fixed,fixed
175567,351,6.7248263,0.0,-0.78935796,-1.809466,1,[np.float32(5.877573)],[np.float32(0.32661414)],0.32661414,5.877573,fixed,fixed
175567,353,5.786329,0.0,-0.7444302,-1.0747151,1,[np.float32(5.877573)],[np.float32(0.06569621)],0.06569621,7.5358305,fixed,fixed
175567,355,7.5358305,0.0,-0.83630455,-1.2750087,1,[np.float32(5.877573)],[np.float32(0.053509373)],0.053509373,7.5358305,fixed,fixed
175567,356,6.842684,0.0,-0.7932607,-1.4268335,1,[np.float32(5.877573)],[np.float32(0.11442152)],0.11442152,7.5358305,fixed,fixed
175567,368,5.284512,0.0,-0.71506715,-0.7331901,1,[np.float32(5.0934668)],[np.float32(0.04278246)],0.04278246,6.088874,fixed,fixed
175567,374,6.842684,0.0,-0.7903354,-0.93440247,1,[np.float32(5.5545464)],[np.float32(0.030949712)],0.030949712,7.5358305,fixed,fixed
175567,399,8.228977,0.0,-0.87101966,-1.3965002,1,[np.float32(5.5545464)],[np.float32(0.064895034)],0.064895034,7.5358305,fixed,fixed
175567,400,6.214031,0.0,-0.73608416,-0.7248516,1,[np.float32(5.5545464)],[np.float32(0.021325735)],0.021325735,4.5525913,fixed,fixed
178192,36,5.0301485,0.0,-0.63041127,-0.4632958,1,[np.float32(4.5525913)],[np.float32(0.024382805)],0.024382805,5.1152887,fixed,fixed
178192,40,4.8111362,0.0,-0.6218276,-0.63011235,1,[np.float32(4.5525913)],[np.float32(0.049403396)],0.049403396,7.5358305,fixed,fixed
178192,47,5.901499,0.0,-0.7226517,-0.9935665,1,[np.float32(4.5525913)],[np.float32(0.09528099)],0.09528099,4.5525913,fixed,fixed
178192,50,6.842684,0.0,-0.7831212,-1.0674742,1,[np.float32(4.5525913)],[np.float32(0.07710127)],0.07710127,6.088874,fixed,fixed
178192,51,6.088874,0.0,-0.7443498,-1.0668824,1,[np.float32(5.977319)],[np.float32(0.05349227)],0.05349227,6.7248263,fixed,fixed
178192,52,7.5358305,0.0,-0.81873685,-1.0631732,1,[np.float32(4.5525913)],[np.float32(0.054496072)],0.054496072,4.8111362,fixed,fixed
178192,53,5.786329,0.0,-0.706843,-0.7153559,1,[np.float32(4.5525913)],[np.float32(0.041849934)],0.041849934,6.088874,fixed,fixed
178192,54,7.5358305,0.0,-0.81873685,-1.0631732,1,[np.float32(4.5525913)],[np.float32(0.054496072)],0.054496072,4.8111362,fixed,fixed
178192,63,8.228977,0.0,-0.8670087,-1.294222,1,[np.float32(4.5525913)],[np.float32(0.078724585)],0.078724585,4.5525913,fixed,fixed
178192,64,6.088501,0.0,-0.73663044,-0.58072996,1,[np.float32(4.5525913)],[np.float32(0.022736935)],0.022736935,4.5525913,fixed,fixed
178192,65,7.5358305,0.0,-0.82755214,-1.2985231,1,[np.float32(4.5525913)],[np.float32(0.11134854)],0.11134854,4.5525913,fixed,fixed
178192,66,5.901499,0.0,-0.7119071,-0.9935665,1,[np.float32(4.5525913)],[np.float32(0.09528099)],0.09528099,6.088874,fixed,fixed
178192,75,5.0934668,0.0,-0.70719165,-0.7242225,1,[np.float32(4.5525913)],[np.float32(0.0593831)],0.0593831,6.5241694,fixed,fixed
178192,83,5.877573,0.0,-0.70898587,-0.5104206,1,[np.float32(4.5525913)],[np.float32(0.019440975)],0.019440975,6.9761195,fixed,fixed
178192,92,6.842684,0.0,-0.79053104,-1.0779737,1,[np.float32(5.977319)],[np.float32(0.03904639)],0.03904639,7.5358305,fixed,fixed
178192,96,7.5358305,0.0,-0.82855624,-1.3090227,1,[np.float32(5.977319)],[np.float32(0.05635246)],0.05635246,7.5358305,fixed,fixed
178192,97,6.214031,0.0,-0.73227113,-0.8684229,1,[np.float32(5.977319)],[np.float32(0.027491292)],0.027491292,5.0934668,fixed,fixed
178192,99,6.214031,0.0,-0.73365736,-1.2106506,1,[np.float32(4.5525913)],[np.float32(0.1570683)],0.1570683,4.5525913,fixed,fixed
178192,102,5.0934668,0.0,-0.68781424,-0.48440185,1,[np.float32(4.5525913)],[np.float32(0.025679354)],0.025679354,6.7248263,fixed,fixed
178192,105,6.088874,0.0,-0.7273744,-1.2291789,1,[np.float32(4.5525913)],[np.float32(0.17459728)],0.17459728,4.5525913,fixed,fixed
178192,107,5.284512,0.0,-0.68263406,-0.78790426,1,[np.float32(4.5525913)],[np.float32(0.0667954)],0.0667954,6.088874,fixed,fixed
178192,125,5.877573,0.0,-0.7077892,-0.5104206,1,[np.float32(4.5525913)],[np.float32(0.019440975)],0.019440975,6.9761195,fixed,fixed
178192,129,5.877573,0.0,-0.7463118,-1.4707679,1,[np.float32(6.842684)],[np.float32(0.11442152)],0.11442152,6.7248263,fixed,fixed
178192,164,5.0099363,0.0,-0.62899435,-0.9214029,1,[np.float32(5.184434)],[np.float32(0.08219252)],0.08219252,5.184434,fixed,fixed
178192,179,5.184434,0.0,-0.6709613,-0.9795687,1,[np.float32(5.184434)],[np.float32(0.09065181)],0.09065181,6.9761195,fixed,fixed
178192,185,5.877573,0.0,-0.74432117,-0.72318894,1,[np.float32(5.184434)],[np.float32(0.029987883)],0.029987883,6.7248263,fixed,fixed
178192,191,8.228977,0.0,-0.8623768,-1.5069904,1,[np.float32(5.184434)],[np.float32(0.10851108)],0.10851108,5.184434,fixed,fixed
178192,193,7.1303654,0.0,-0.7916567,-1.3800663,1,[np.float32(5.184434)],[np.float32(0.12464258)],0.12464258,5.184434,fixed,fixed
178192,194,5.625983,0.0,-0.6934587,-0.6393257,1,[np.float32(5.184434)],[np.float32(0.025467675)],0.025467675,5.184434,fixed,fixed
178192,214,5.977319,0.0,-0.73136604,-1.090112,1,[np.float32(6.842684)],[np.float32(0.03904639)],0.03904639,7.5358305,fixed,fixed
178192,217,7.5358305,0.0,-0.85971105,-1.8636626,1,[np.float32(6.842684)],[np.float32(0.17628156)],0.17628156,6.842684,fixed,fixed
178192,241,5.786329,0.0,-0.7423596,-1.0264486,1,[np.float32(6.842684)],[np.float32(0.03519518)],0.03519518,7.5358305,fixed,fixed
178192,246,5.877573,0.0,-0.74840033,-1.4707679,1,[np.float32(6.842684)],[np.float32(0.11442152)],0.11442152,6.7248263,fixed,fixed
178192,267,6.214031,0.0,-0.7296206,-0.8353417,1,[np.float32(5.184434)],[np.float32(0.036789175)],0.036789175,5.0934668,fixed,fixed
178192,271,5.877573,0.0,-0.7381043,-1.9591898,1,[np.float32(6.7248263)],[np.float32(0.32661414)],0.32661414,6.7248263,fixed,fixed
178192,280,5.877573,0.0,-0.71584666,-1.3951551,1,[np.float32(5.184434)],[np.float32(0.2165618)],0.2165618,5.184434,fixed,fixed
178192,293,5.0934668,0.0,-0.67167604,-0.70109993,1,[np.float32(5.184434)],[np.float32(0.04016033)],0.04016033,6.7248263,fixed,fixed
178192,294,6.7248263,0.0,-0.7717423,-1.5367365,1,[np.float32(5.184434)],[np.float32(0.23030394)],0.23030394,5.184434,fixed,fixed
178192,297,5.4253707,0.0,-0.69385344,-0.8117346,1,[np.float32(5.184434)],[np.float32(0.049271513)],0.049271513,8.228977,fixed,fixed
178192,298,5.877573,0.0,-0.74551207,-0.72318894,1,[np.float32(5.184434)],[np.float32(0.029987883)],0.029987883,6.7248263,fixed,fixed
178192,301,7.5358305,0.0,-0.8160423,-1.2759415,1,[np.float32(5.184434)],[np.float32(0.07588504)],0.07588504,5.0934668,fixed,fixed
178192,303,8.228977,0.0,-0.86457276,-1.5069904,1,[np.float32(5.184434)],[np.float32(0.10851108)],0.10851108,5.184434,fixed,fixed
178192,304,5.184434,0.0,-0.6943436,-0.9795687,1,[np.float32(5.184434)],[np.float32(0.09065181)],0.09065181,6.7248263,fixed,fixed
178192,305,7.1303654,0.0,-0.7924046,-1.3800663,1,[np.float32(5.184434)],[np.float32(0.12464258)],0.12464258,5.184434,fixed,fixed
188238,57,4.45615,0.0,-0.5796101,-1.4853821,1,[np.float32(6.7248263)],[np.float32(0.15904854)],0.15904854,6.7248263,fixed,fixed
188238,101,6.842684,0.0,-0.7950926,-1.4268335,1,[np.float32(5.877573)],[np.float32(0.11442152)],0.11442152,7.5358305,fixed,fixed
188238,102,5.0934668,0.0,-0.68732744,-0.7001671,1,[np.float32(5.877573)],[np.float32(0.028311158)],0.028311158,6.7248263,fixed,fixed
188238,105,6.088874,0.0,-0.7236538,-1.3587313,1,[np.float32(6.088874)],[np.float32(0.11587737)],0.11587737,4.5525913,fixed,fixed
188238,107,5.284512,0.0,-0.68137205,-1.6024088,1,[np.float32(6.088874)],[np.float32(0.2540094)],0.2540094,6.088874,fixed,fixed
188238,126,7.5358305,0.0,-0.8370089,-1.2750087,1,[np.float32(5.877573)],[np.float32(0.053509373)],0.053509373,7.5358305,fixed,fixed
188238,129,5.877573,0.0,-0.7463118,-0.7222562,1,[np.float32(5.877573)],[np.float32(0.02113925)],0.02113925,6.7248263,fixed,fixed
188238,136,5.786329,0.0,-0.70968145,-1.0747151,1,[np.float32(5.877573)],[np.float32(0.06569621)],0.06569621,8.228977,fixed,fixed
188238,138,7.5358305,0.0,-0.8683417,-1.2750087,1,[np.float32(5.877573)],[np.float32(0.053509373)],0.053509373,8.228977,fixed,fixed
188238,161,5.877573,0.0,-0.74766415,-0.7222562,1,[np.float32(5.877573)],[np.float32(0.02113925)],0.02113925,6.7248263,fixed,fixed
188238,164,5.0099363,0.0,-0.62899435,-0.9214029,1,[np.float32(5.184434)],[np.float32(0.08219252)],0.08219252,5.184434,fixed,fixed
188238,179,5.184434,0.0,-0.6709613,-0.9795687,1,[np.float32(5.184434)],[np.float32(0.09065181)],0.09065181,6.9761195,fixed,fixed
188238,185,5.877573,0.0,-0.74432117,-0.72318894,1,[np.float32(5.184434)],[np.float32(0.029987883)],0.029987883,6.7248263,fixed,fixed
188238,191,8.228977,0.0,-0.8623768,-1.5069904,1,[np.float32(5.184434)],[np.float32(0.10851108)],0.10851108,5.184434,fixed,fixed
188238,193,7.1303654,0.0,-0.7916567,-1.3800663,1,[np.float32(5.184434)],[np.float32(0.12464258)],0.12464258,5.184434,fixed,fixed
188238,194,5.625983,0.0,-0.6934587,-0.6393257,1,[np.float32(5.184434)],[np.float32(0.025467675)],0.025467675,5.184434,fixed,fixed
188238,213,6.7248263,0.0,-0.78898627,-1.809466,1,[np.float32(5.877573)],[np.float32(0.32661414)],0.32661414,5.877573,fixed,fixed
188238,214,5.977319,0.0,-0.73148906,-0.9947844,1,[np.float32(5.877573)],[np.float32(0.04764821)],0.04764821,7.5358305,fixed,fixed
188238,218,6.214031,0.0,-0.7297028,-0.83440894,1,[np.float32(5.877573)],[np.float32(0.025936576)],0.025936576,5.284512,fixed,fixed
188238,219,8.228977,0.0,-0.871265,-1.5060576,1,[np.float32(5.877573)],[np.float32(0.07651761)],0.07651761,7.5358305,fixed,fixed
188238,220,6.842684,0.0,-0.79312706,-1.4268335,1,[np.float32(5.877573)],[np.float32(0.11442152)],0.11442152,7.5358305,fixed,fixed
188238,221,5.0934668,0.0,-0.6886913,-1.0269289,2,"[np.float32(5.877573), np.float32(6.088874)]","[np.float32(0.028311158), np.float32(0.06837011)]",0.06837011,6.7248263,fixed,fixed
188238,226,5.284512,0.0,-0.6845774,-1.3693577,1,[np.float32(6.088874)],[np.float32(0.15505402)],0.15505402,6.088874,fixed,fixed
188238,267,6.214031,0.0,-0.7296206,-0.8353417,1,[np.float32(5.184434)],[np.float32(0.036789175)],0.036789175,5.0934668,fixed,fixed
188238,280,5.877573,0.0,-0.71584666,-1.3951551,1,[np.float32(5.184434)],[np.float32(0.2165618)],0.2165618,5.184434,fixed,fixed
188238,293,5.0934668,0.0,-0.67167604,-0.70109993,1,[np.float32(5.184434)],[np.float32(0.04016033)],0.04016033,6.7248263,fixed,fixed
188238,294,6.7248263,0.0,-0.7717423,-1.5367365,1,[np.float32(5.184434)],[np.float32(0.23030394)],0.23030394,5.184434,fixed,fixed
188238,297,5.4253707,0.0,-0.69385344,-0.8117346,1,[np.float32(5.184434)],[np.float32(0.049271513)],0.049271513,8.228977,fixed,fixed
188238,298,5.877573,0.0,-0.74551207,-0.72318894,1,[np.float32(5.184434)],[np.float32(0.029987883)],0.029987883,6.7248263,fixed,fixed
188238,301,7.5358305,0.0,-0.8160423,-1.2759415,1,[np.float32(5.184434)],[np.float32(0.07588504)],0.07588504,5.0934668,fixed,fixed
188238,303,8.228977,0.0,-0.86457276,-1.5069904,1,[np.float32(5.184434)],[np.float32(0.10851108)],0.10851108,5.184434,fixed,fixed
188238,304,5.184434,0.0,-0.6943436,-0.9795687,1,[np.float32(5.184434)],[np.float32(0.09065181)],0.09065181,6.7248263,fixed,fixed
188238,305,7.1303654,0.0,-0.7924046,-1.3800663,1,[np.float32(5.184434)],[np.float32(0.12464258)],0.12464258,5.184434,fixed,fixed
188238,336,6.088874,0.0,-0.7235651,-1.3587313,1,[np.float32(6.088874)],[np.float32(0.11587737)],0.11587737,5.284512,fixed,fixed
188238,352,6.088874,0.0,-0.75630844,-2.0296233,1,[np.float32(6.7248263)],[np.float32(0.36320382)],0.36320382,6.7248263,fixed,fixed
221788,148,5.877573,0.0,-0.7450183,-1.5930758,1,[np.float32(8.228977)],[np.float32(0.07651761)],0.07651761,6.7248263,fixed,fixed
221788,155,5.877573,0.0,-0.7376722,-1.0725757,1,[np.float32(5.786329)],[np.float32(0.06569621)],0.06569621,6.7248263,fixed,fixed
221788,177,5.877573,0.0,-0.7442848,-1.9591898,1,[np.float32(6.7248263)],[np.float32(0.32661414)],0.32661414,6.7248263,fixed,fixed
221788,205,5.184434,0.0,-0.6636893,-0.9795687,1,[np.float32(5.184434)],[np.float32(0.09065181)],0.09065181,6.7248263,fixed,fixed
221788,211,6.842684,0.0,-0.79029906,-1.0129257,1,[np.float32(5.786329)],[np.float32(0.03519518)],0.03519518,7.5358305,fixed,fixed
221788,212,7.5358305,0.0,-0.83797014,-1.4825125,1,[np.float32(5.786329)],[np.float32(0.10332351)],0.10332351,7.5358305,fixed,fixed
221788,221,5.0934668,0.0,-0.68816906,-0.70109993,1,[np.float32(5.184434)],[np.float32(0.04016033)],0.04016033,6.7248263,fixed,fixed
221788,236,6.842684,0.0,-0.79025984,-1.0129257,1,[np.float32(5.786329)],[np.float32(0.03519518)],0.03519518,7.5358305,fixed,fixed
221788,240,5.877573,0.0,-0.7370403,-1.0725757,2,"[np.float32(5.786329), np.float32(5.184434)]","[np.float32(0.06569621), np.float32(0.029987883)]",0.06569621,6.7248263,fixed,fixed
221788,242,7.5358305,0.0,-0.86844414,-2.1458282,1,[np.float32(8.228977)],[np.float32(0.17652911)],0.17652911,8.228977,fixed,fixed
221788,259,5.786329,0.0,-0.7277534,-1.5626608,1,[np.float32(8.228977)],[np.float32(0.07304597)],0.07304597,8.228977,fixed,fixed
221788,313,5.0099363,0.0,-0.6319982,-1.2146889,1,[np.float32(5.184434)],[np.float32(0.18143204)],0.18143204,5.184434,fixed,fixed
221788,319,7.1303654,0.0,-0.7917233,-1.3800663,1,[np.float32(5.184434)],[np.float32(0.12464258)],0.12464258,5.184434,fixed,fixed
221788,320,7.5358305,0.0,-0.81444055,-1.2759415,1,[np.float32(5.184434)],[np.float32(0.07588504)],0.07588504,5.0934668,fixed,fixed
221788,321,5.4253707,0.0,-0.6952014,-0.8117346,1,[np.float32(5.184434)],[np.float32(0.049271513)],0.049271513,8.228977,fixed,fixed
221788,328,6.357125,0.0,-0.7443405,-0.88303953,1,[np.float32(5.184434)],[np.float32(0.039985858)],0.039985858,5.0934668,fixed,fixed
221788,344,8.228977,0.0,-0.8512153,-1.5069904,1,[np.float32(5.184434)],[np.float32(0.10851108)],0.10851108,5.184434,fixed,fixed
221788,350,4.45615,0.0,-0.6111788,-0.48866105,1,[np.float32(5.184434)],[np.float32(0.025582792)],0.025582792,6.7248263,fixed,fixed
221788,419,6.9761195,0.0,-0.7881609,-1.5279642,1,[np.float32(5.184434)],[np.float32(0.20308375)],0.20308375,5.184434,fixed,fixed
221788,420,4.951692,0.0,-0.6302462,-0.9019881,1,[np.float32(5.184434)],[np.float32(0.079511344)],0.079511344,5.487917,fixed,fixed
221788,429,5.487917,0.0,-0.669534,-1.0807297,1,[np.float32(5.184434)],[np.float32(0.10704957)],0.10704957,4.951692,fixed,fixed
227294,238,5.0934668,0.0,-0.68235564,-1.697821,2,"[np.float32(7.5358305), np.float32(4.45615)]","[np.float32(0.14657553), np.float32(0.055879492)]",0.14657553,6.7248263,broken,broken
227294,264,5.877573,0.0,-0.7450119,-0.47823286,1,[np.float32(4.45615)],[np.float32(0.018026534)],0.018026534,6.7248263,broken,broken
227294,290,6.088874,0.0,-0.7215057,-1.3587313,1,[np.float32(6.088874)],[np.float32(0.11587737)],0.11587737,5.284512,broken,broken
227294,293,5.0934668,0.0,-0.6709071,-1.0269289,1,[np.float32(6.088874)],[np.float32(0.06837011)],0.06837011,6.7248263,broken,broken
227294,313,5.0099363,0.0,-0.6319982,-1.3039526,1,[np.float32(7.5358305)],[np.float32(0.069318235)],0.069318235,5.184434,broken,broken
227294,317,5.184434,0.0,-0.6504253,-0.48213395,1,[np.float32(4.45615)],[np.float32(0.025582792)],0.025582792,6.9761195,broken,broken
227294,345,7.5358305,0.0,-0.8307791,-1.0309854,1,[np.float32(4.45615)],[np.float32(0.051759012)],0.051759012,7.5358305,broken,broken
227294,346,6.214031,0.0,-0.7396824,-1.1765699,1,[np.float32(4.45615)],[np.float32(0.14939366)],0.14939366,4.45615,broken,broken
227294,358,5.877573,0.0,-0.7448754,-0.47823286,1,[np.float32(4.45615)],[np.float32(0.018026534)],0.018026534,6.9761195,broken,broken
227294,368,5.284512,0.0,-0.7148487,-1.3693577,2,"[np.float32(4.45615), np.float32(6.088874)]","[np.float32(0.027684145), np.float32(0.15505402)]",0.15505402,6.088874,broken,broken
227294,370,7.1303654,0.0,-0.7904805,-1.1307777,1,[np.float32(4.45615)],[np.float32(0.08554994)],0.08554994,5.0934668,broken,broken
227294,371,5.786329,0.0,-0.7262788,-0.68276554,1,[np.float32(4.45615)],[np.float32(0.03937889)],0.03937889,8.228977,broken,broken
227294,372,7.5358305,0.0,-0.81109124,-1.0309854,1,[np.float32(4.45615)],[np.float32(0.051759012)],0.051759012,5.284512,broken,broken
227294,376,5.877573,0.0,-0.7433552,-0.85227984,1,[np.float32(4.45615)],[np.float32(0.06546549)],0.06546549,6.9761195,broken,broken
227294,400,6.214031,0.0,-0.7364769,-0.5903856,1,[np.float32(4.45615)],[np.float32(0.023234414)],0.023234414,4.5525913,broken,broken
227294,420,4.951692,0.0,-0.6297361,-0.6435387,1,[np.float32(4.45615)],[np.float32(0.050913606)],0.050913606,5.487917,broken,broken
227294,424,7.5358305,0.0,-0.82619214,-1.2659328,1,[np.float32(4.45615)],[np.float32(0.10599228)],0.10599228,4.45615,broken,broken
227294,425,5.977319,0.0,-0.72563297,-0.51148146,1,[np.float32(4.45615)],[np.float32(0.01951078)],0.01951078,6.088874,broken,broken
227294,426,6.842684,0.0,-0.779548,-1.0348839,1,[np.float32(4.45615)],[np.float32(0.073229)],0.073229,6.088874,broken,broken
227294,429,5.487917,0.0,-0.6682989,-0.5832949,1,[np.float32(4.45615)],[np.float32(0.03217449)],0.03217449,4.951692,broken,broken
227294,430,4.8111362,0.0,-0.6241959,-0.3577014,1,[np.float32(4.45615)],[np.float32(0.018269394)],0.018269394,6.18106,broken,broken
227294,432,8.228977,0.0,-0.8530113,-1.2620343,1,[np.float32(4.45615)],[np.float32(0.07493763)],0.07493763,4.951692,broken,broken
227294,442,6.7248263,0.0,-0.7678679,-1.2758845,1,[np.float32(4.45615)],[np.float32(0.15904854)],0.15904854,4.45615,broken,broken
227294,443,5.977319,0.0,-0.7226732,-0.7464289,1,[np.float32(4.45615)],[np.float32(0.044439927)],0.044439927,4.45615,broken,broken
227294,445,4.5525913,0.0,-0.65066624,-1.3584352,1,[np.float32(6.088874)],[np.float32(0.17459728)],0.17459728,6.088874,broken,broken
227294,447,7.5358305,0.0,-0.82619214,-1.2659328,1,[np.float32(4.45615)],[np.float32(0.10599228)],0.10599228,4.45615,broken,broken
227294,458,7.1303654,0.0,-0.8046711,-1.1307777,1,[np.float32(4.45615)],[np.float32(0.08554994)],0.08554994,4.45615,broken,broken
227294,477,6.18106,0.0,-0.72718984,-1.38946,1,[np.float32(6.088874)],[np.float32(0.12152803)],0.12152803,6.088874,broken,broken
227294,486,6.18106,0.0,-0.73213947,-1.0533279,1,[np.float32(4.45615)],[np.float32(0.10544442)],0.10544442,4.45615,broken,broken
232622,99,6.214031,0.0,-0.7302374,-0.7248516,1,[np.float32(5.5545464)],[np.float32(0.021325735)],0.021325735,4.5525913,fixed,fixed
232622,100,8.228977,0.0,-0.8716386,-1.3965002,1,[np.float32(5.5545464)],[np.float32(0.064895034)],0.064895034,7.5358305,fixed,fixed
232622,101,6.842684,0.0,-0.7950926,-0.93440247,1,[np.float32(5.5545464)],[np.float32(0.030949712)],0.030949712,7.5358305,fixed,fixed
232622,102,5.0934668,0.0,-0.68732744,-0.9160638,2,"[np.float32(5.5545464), np.float32(5.0934668)]","[np.float32(0.022772891), np.float32(0.08184193)]",0.08184193,6.7248263,fixed,fixed
232622,107,5.284512,0.0,-0.68137205,-0.7331901,1,[np.float32(5.0934668)],[np.float32(0.04278246)],0.04278246,6.088874,fixed,fixed
232622,135,5.877573,0.0,-0.7356486,-0.6923372,1,[np.float32(5.0934668)],[np.float32(0.028311158)],0.028311158,6.7248263,fixed,fixed
232622,180,5.0934668,0.0,-0.67722356,-0.9160638,1,[np.float32(5.0934668)],[np.float32(0.08184193)],0.08184193,6.7248263,fixed,fixed
232622,185,5.877573,0.0,-0.74432117,-1.0725757,1,[np.float32(5.786329)],[np.float32(0.06569621)],0.06569621,6.7248263,fixed,fixed
232622,192,5.184434,0.0,-0.6850254,-0.6998308,1,[np.float32(5.0934668)],[np.float32(0.04016033)],0.04016033,6.7248263,fixed,fixed
232622,215,7.5358305,0.0,-0.8287196,-1.2450897,1,[np.float32(5.0934668)],[np.float32(0.07239285)],0.07239285,7.5358305,fixed,fixed
232622,216,6.214031,0.0,-0.7336399,-1.4078817,1,[np.float32(5.0934668)],[np.float32(0.20743524)],0.20743524,5.0934668,fixed,fixed
232622,222,7.1303654,0.0,-0.78950065,-1.3484745,1,[np.float32(5.0934668)],[np.float32(0.11897195)],0.11897195,5.0934668,fixed,fixed
232622,223,5.5545464,0.0,-0.7077137,-0.58466166,1,[np.float32(5.0934668)],[np.float32(0.022772891)],0.022772891,8.228977,fixed,fixed
232622,224,6.088874,0.0,-0.7257549,-1.0013107,1,[np.float32(5.0934668)],[np.float32(0.06837011)],0.06837011,5.284512,fixed,fixed
232622,226,5.284512,0.0,-0.6826005,-0.7331901,1,[np.float32(5.0934668)],[np.float32(0.04278246)],0.04278246,6.088874,fixed,fixed
232622,238,5.0934668,0.0,-0.68235564,-0.6907969,1,[np.float32(4.45615)],[np.float32(0.055879492)],0.055879492,6.7248263,fixed,fixed
232622,244,6.842684,0.0,-0.7912968,-1.4268335,1,[np.float32(5.877573)],[np.float32(0.11442152)],0.11442152,7.5358305,fixed,fixed
232622,246,5.877573,0.0,-0.7463118,-0.7222562,1,[np.float32(5.877573)],[np.float32(0.02113925)],0.02113925,6.7248263,fixed,fixed
232622,249,6.842684,0.0,-0.7905878,-1.0129257,1,[np.float32(5.786329)],[np.float32(0.03519518)],0.03519518,7.5358305,fixed,fixed
232622,250,7.5358305,0.0,-0.8380801,-1.4825125,1,[np.float32(5.786329)],[np.float32(0.10332351)],0.10332351,7.5358305,fixed,fixed
232622,252,5.877573,0.0,-0.7364913,-0.6923372,1,[np.float32(5.0934668)],[np.float32(0.028311158)],0.028311158,6.7248263,fixed,fixed
232622,261,7.5358305,0.0,-0.83633095,-1.2750087,1,[np.float32(5.877573)],[np.float32(0.053509373)],0.053509373,7.5358305,fixed,fixed
232622,264,5.877573,0.0,-0.7450119,-0.7222562,2,"[np.float32(5.877573), np.float32(4.45615)]","[np.float32(0.02113925), np.float32(0.018026534)]",0.02113925,6.7248263,fixed,fixed
232622,267,6.214031,0.0,-0.7290038,-1.1858479,1,[np.float32(5.0934668)],[np.float32(0.111585006)],0.111585006,5.0934668,fixed,fixed
232622,268,6.842684,0.0,-0.79037875,-1.0129257,1,[np.float32(5.786329)],[np.float32(0.03519518)],0.03519518,7.5358305,fixed,fixed
232622,269,7.5358305,0.0,-0.82778764,-1.2450897,1,[np.float32(5.0934668)],[np.float32(0.07239285)],0.07239285,7.5358305,fixed,fixed
232622,271,5.877573,1.0,-0.98037255,-1.0725757,1,[np.float32(5.786329)],[np.float32(0.06569621)],0.06569621,6.7248263,fixed,fixed
232622,272,5.786329,1.0,-0.9790064,-1.0747151,1,[np.float32(5.877573)],[np.float32(0.06569621)],0.06569621,7.5358305,fixed,fixed
232622,273,7.5358305,0.0,-0.85741496,-1.2750087,1,[np.float32(5.877573)],[np.float32(0.053509373)],0.053509373,6.842684,fixed,fixed
232622,277,5.877573,0.0,-0.7477483,-0.7222562,1,[np.float32(5.877573)],[np.float32(0.02113925)],0.02113925,6.7248263,fixed,fixed
232622,291,5.877573,0.0,-0.7457011,-0.6923372,1,[np.float32(5.0934668)],[np.float32(0.028311158)],0.028311158,6.7248263,fixed,fixed
232622,295,5.877573,0.0,-0.74706304,-1.4707679,2,"[np.float32(5.877573), np.float32(6.842684)]","[np.float32(0.02113925), np.float32(0.11442152)]",0.11442152,6.7248263,fixed,fixed
232622,297,5.4253707,0.0,-0.69331765,-0.5416031,1,[np.float32(5.0934668)],[np.float32(0.020732379)],0.020732379,8.228977,fixed,fixed
232622,300,7.1303654,0.0,-0.7917751,-1.3484745,1,[np.float32(5.0934668)],[np.float32(0.11897195)],0.11897195,5.0934668,fixed,fixed
232622,301,7.5358305,0.0,-0.81735575,-1.4836296,1,[np.float32(5.0934668)],[np.float32(0.14657553)],0.14657553,5.0934668,fixed,fixed
232622,302,5.5545464,0.0,-0.68404394,-0.8232016,1,[np.float32(5.0934668)],[np.float32(0.050411604)],0.050411604,5.0934668,fixed,fixed
232622,309,6.7248263,0.0,-0.7674461,-1.5031306,1,[np.float32(5.0934668)],[np.float32(0.21994561)],0.21994561,5.0934668,fixed,fixed
232622,310,5.5545464,0.0,-0.6832094,-0.8232016,1,[np.float32(5.0934668)],[np.float32(0.050411604)],0.050411604,5.0934668,fixed,fixed
232622,317,5.184434,0.0,-0.6511961,-0.6998308,2,"[np.float32(5.0934668), np.float32(4.45615)]","[np.float32(0.04016033), np.float32(0.025582792)]",0.04016033,6.9761195,fixed,fixed
232622,320,7.5358305,0.0,-0.81566864,-1.4836296,1,[np.float32(5.0934668)],[np.float32(0.14657553)],0.14657553,5.0934668,fixed,fixed
232622,321,5.4253707,0.0,-0.6946643,-0.5416031,1,[np.float32(5.0934668)],[np.float32(0.020732379)],0.020732379,8.228977,fixed,fixed
232622,327,7.5358305,0.0,-0.8294266,-1.2450897,1,[np.float32(5.0934668)],[np.float32(0.07239285)],0.07239285,7.5358305,fixed,fixed
232622,328,6.357125,0.0,-0.7456478,-1.2335458,1,[np.float32(5.0934668)],[np.float32(0.12033005)],0.12033005,5.0934668,fixed,fixed
232622,329,7.5358305,0.0,-0.85835445,-1.2750087,1,[np.float32(5.877573)],[np.float32(0.053509373)],0.053509373,6.842684,fixed,fixed
232622,333,5.0934668,0.0,-0.6864479,-0.9160638,1,[np.float32(5.0934668)],[np.float32(0.08184193)],0.08184193,6.9761195,fixed,fixed
232622,334,7.1303654,0.0,-0.7896489,-1.3484745,1,[np.float32(5.0934668)],[np.float32(0.11897195)],0.11897195,5.0934668,fixed,fixed
232622,345,7.5358305,0.0,-0.8307791,-1.0309854,1,[np.float32(4.45615)],[np.float32(0.051759012)],0.051759012,7.5358305,fixed,fixed
232622,346,6.214031,0.0,-0.7396824,-1.1765699,1,[np.float32(4.45615)],[np.float32(0.14939366)],0.14939366,4.45615,fixed,fixed
232622,351,6.7248263,0.0,-0.78935796,-1.809466,1,[np.float32(5.877573)],[np.float32(0.32661414)],0.32661414,5.877573,fixed,fixed
232622,353,5.786329,0.0,-0.7444302,-1.0747151,1,[np.float32(5.877573)],[np.float32(0.06569621)],0.06569621,7.5358305,fixed,fixed
232622,355,7.5358305,0.0,-0.83630455,-1.2750087,1,[np.float32(5.877573)],[np.float32(0.053509373)],0.053509373,7.5358305,fixed,fixed
232622,356,6.842684,0.0,-0.7932607,-1.4268335,1,[np.float32(5.877573)],[np.float32(0.11442152)],0.11442152,7.5358305,fixed,fixed
232622,358,5.877573,0.0,-0.7448754,-0.47823286,1,[np.float32(4.45615)],[np.float32(0.018026534)],0.018026534,6.9761195,fixed,fixed
232622,368,5.284512,0.0,-0.7154743,-0.7331901,2,"[np.float32(5.0934668), np.float32(4.45615)]","[np.float32(0.04278246), np.float32(0.027684145)]",0.04278246,6.088874,fixed,fixed
232622,370,7.1303654,0.0,-0.7904805,-1.1307777,1,[np.float32(4.45615)],[np.float32(0.08554994)],0.08554994,5.0934668,fixed,fixed
232622,371,5.786329,0.0,-0.7262788,-0.68276554,1,[np.float32(4.45615)],[np.float32(0.03937889)],0.03937889,8.228977,fixed,fixed
232622,372,7.5358305,0.0,-0.81109124,-1.0309854,1,[np.float32(4.45615)],[np.float32(0.051759012)],0.051759012,5.284512,fixed,fixed
232622,376,5.877573,0.0,-0.7433552,-0.85227984,1,[np.float32(4.45615)],[np.float32(0.06546549)],0.06546549,6.9761195,fixed,fixed
232622,379,6.214031,0.0,-0.7333993,-1.4078817,1,[np.float32(5.0934668)],[np.float32(0.20743524)],0.20743524,5.0934668,fixed,fixed
232622,381,7.5358305,0.0,-0.8286704,-1.2450897,1,[np.float32(5.0934668)],[np.float32(0.07239285)],0.07239285,7.5358305,fixed,fixed
232622,384,5.786329,0.0,-0.7434667,-1.0264486,1,[np.float32(6.842684)],[np.float32(0.03519518)],0.03519518,7.5358305,fixed,fixed
232622,385,7.5358305,0.0,-0.8597145,-1.8636626,1,[np.float32(6.842684)],[np.float32(0.17628156)],0.17628156,6.842684,fixed,fixed
232622,398,6.7248263,0.0,-0.77013016,-1.5031306,1,[np.float32(5.0934668)],[np.float32(0.21994561)],0.21994561,5.0934668,fixed,fixed
232622,400,6.214031,0.0,-0.7364769,-0.5903856,1,[np.float32(4.45615)],[np.float32(0.023234414)],0.023234414,4.5525913,fixed,fixed
232622,401,5.5545464,0.0,-0.70633084,-0.58466166,1,[np.float32(5.0934668)],[np.float32(0.022772891)],0.022772891,8.228977,fixed,fixed
232622,402,6.088874,0.0,-0.72145677,-1.0013107,1,[np.float32(5.0934668)],[np.float32(0.06837011)],0.06837011,4.5525913,fixed,fixed
232622,403,6.088874,0.0,-0.76332295,-0.76277083,1,[np.float32(5.0934668)],[np.float32(0.03232453)],0.03232453,6.7248263,fixed,fixed
232622,404,5.977319,0.0,-0.7406265,-1.090112,1,[np.float32(6.842684)],[np.float32(0.03904639)],0.03904639,7.5358305,fixed,fixed
232622,405,5.0934668,0.0,-0.6731962,-0.9160638,1,[np.float32(5.0934668)],[np.float32(0.08184193)],0.08184193,6.5241694,fixed,fixed
232622,407,5.877573,0.0,-0.74867475,-1.4707679,1,[np.float32(6.842684)],[np.float32(0.11442152)],0.11442152,6.9761195,fixed,fixed
232622,412,7.1303654,0.0,-0.79183626,-1.3484745,1,[np.float32(5.0934668)],[np.float32(0.11897195)],0.11897195,5.0934668,fixed,fixed
232622,420,4.951692,0.0,-0.6297361,-0.6435387,1,[np.float32(4.45615)],[np.float32(0.050913606)],0.050913606,5.487917,fixed,fixed
232622,424,7.5358305,0.0,-0.82619214,-1.2659328,1,[np.float32(4.45615)],[np.float32(0.10599228)],0.10599228,4.45615,fixed,fixed
232622,425,5.977319,0.0,-0.72563297,-0.51148146,1,[np.float32(4.45615)],[np.float32(0.01951078)],0.01951078,6.088874,fixed,fixed
232622,426,6.842684,0.0,-0.779548,-1.0348839,1,[np.float32(4.45615)],[np.float32(0.073229)],0.073229,6.088874,fixed,fixed
232622,429,5.487917,0.0,-0.6682989,-0.5832949,1,[np.float32(4.45615)],[np.float32(0.03217449)],0.03217449,4.951692,fixed,fixed
232622,430,4.8111362,0.0,-0.6241959,-0.3577014,1,[np.float32(4.45615)],[np.float32(0.018269394)],0.018269394,6.18106,fixed,fixed
232622,432,8.228977,0.0,-0.8530113,-1.2620343,1,[np.float32(4.45615)],[np.float32(0.07493763)],0.07493763,4.951692,fixed,fixed
232622,442,6.7248263,0.0,-0.7678679,-1.2758845,1,[np.float32(4.45615)],[np.float32(0.15904854)],0.15904854,4.45615,fixed,fixed
232622,443,5.977319,0.0,-0.7226732,-0.7464289,1,[np.float32(4.45615)],[np.float32(0.044439927)],0.044439927,4.45615,fixed,fixed
232622,445,4.5525913,0.0,-0.6477318,-0.48921657,1,[np.float32(5.0934668)],[np.float32(0.025679354)],0.025679354,6.088874,fixed,fixed
232622,447,7.5358305,0.0,-0.82619214,-1.2659328,1,[np.float32(4.45615)],[np.float32(0.10599228)],0.10599228,4.45615,fixed,fixed
232622,458,7.1303654,0.0,-0.8046711,-1.1307777,1,[np.float32(4.45615)],[np.float32(0.08554994)],0.08554994,4.45615,fixed,fixed
232622,486,6.18106,0.0,-0.7321395,-1.0533279,1,[np.float32(4.45615)],[np.float32(0.10544442)],0.10544442,4.45615,fixed,fixed
239456,21,6.088874,0.0,-0.744298,-0.79362255,1,[np.float32(5.184434)],[np.float32(0.034148183)],0.034148183,6.7248263,fixed,fixed
239456,27,4.8111362,0.0,-0.6232312,-0.5264527,1,[np.float32(4.951692)],[np.float32(0.028111102)],0.028111102,7.5358305,fixed,fixed
239456,55,5.2083592,0.0,-0.6504584,-1.0522863,1,[np.float32(4.951692)],[np.float32(0.12398622)],0.12398622,4.951692,fixed,fixed
239456,57,4.45615,0.0,-0.5796101,-0.6525061,1,[np.float32(4.951692)],[np.float32(0.050913606)],0.050913606,6.7248263,fixed,fixed
239456,58,6.842684,0.0,-0.7877417,-0.96611446,1,[np.float32(4.951692)],[np.float32(0.046202783)],0.046202783,6.088874,fixed,fixed
239456,61,8.228977,0.0,-0.85503906,-1.4282122,1,[np.float32(4.951692)],[np.float32(0.096448004)],0.096448004,4.951692,fixed,fixed
239456,72,5.184434,0.0,-0.72822607,-0.9795687,1,[np.float32(5.184434)],[np.float32(0.09065181)],0.09065181,4.8615465,fixed,fixed
239456,75,5.0934668,0.0,-0.70618695,-0.70109993,1,[np.float32(5.184434)],[np.float32(0.04016033)],0.04016033,6.5241694,fixed,fixed
239456,81,5.877573,0.0,-0.7034753,-1.3951551,1,[np.float32(5.184434)],[np.float32(0.2165618)],0.2165618,5.184434,fixed,fixed
239456,85,6.842684,0.0,-0.7950926,-1.4268335,1,[np.float32(5.877573)],[np.float32(0.11442152)],0.11442152,7.5358305,fixed,fixed
239456,86,5.184434,1.0,-0.968516,-0.7304895,1,[np.float32(5.877573)],[np.float32(0.029987883)],0.029987883,6.7248263,fixed,fixed
239456,88,7.1303654,0.0,-0.787572,-1.3800663,1,[np.float32(5.184434)],[np.float32(0.12464258)],0.12464258,5.184434,fixed,fixed
239456,89,7.5358305,0.0,-0.8125859,-1.2759415,1,[np.float32(5.184434)],[np.float32(0.07588504)],0.07588504,5.0934668,fixed,fixed
239456,90,5.4253707,0.0,-0.6944233,-0.8117346,1,[np.float32(5.184434)],[np.float32(0.049271513)],0.049271513,8.228977,fixed,fixed
239456,97,6.214031,0.0,-0.73236865,-0.8353417,1,[np.float32(5.184434)],[np.float32(0.036789175)],0.036789175,5.0934668,fixed,fixed
239456,114,8.228977,0.0,-0.8485179,-1.5069904,1,[np.float32(5.184434)],[np.float32(0.10851108)],0.10851108,5.184434,fixed,fixed
239456,115,7.5358305,0.0,-0.83291256,-1.2750087,1,[np.float32(5.877573)],[np.float32(0.053509373)],0.053509373,7.5358305,fixed,fixed
239456,116,6.214031,0.0,-0.7432409,-0.83440894,1,[np.float32(5.877573)],[np.float32(0.025936576)],0.025936576,5.0934668,fixed,fixed
239456,122,5.877573,1.0,-0.98225534,-0.72318894,1,[np.float32(5.184434)],[np.float32(0.029987883)],0.029987883,6.7248263,fixed,fixed
239456,123,5.786329,0.0,-0.7461167,-1.0747151,1,[np.float32(5.877573)],[np.float32(0.06569621)],0.06569621,7.5358305,fixed,fixed
239456,124,7.5358305,0.0,-0.8682243,-1.2750087,1,[np.float32(5.877573)],[np.float32(0.053509373)],0.053509373,8.228977,fixed,fixed
239456,129,5.877573,0.0,-0.74665976,-0.7222562,1,[np.float32(5.877573)],[np.float32(0.02113925)],0.02113925,6.7248263,fixed,fixed
239456,144,5.877573,0.0,-0.7071499,-1.0236865,1,[np.float32(4.951692)],[np.float32(0.08631818)],0.08631818,6.9761195,fixed,fixed
239456,148,5.877573,0.0,-0.7453674,-0.7222562,1,[np.float32(5.877573)],[np.float32(0.02113925)],0.02113925,6.7248263,fixed,fixed
239456,155,5.877573,0.0,-0.7376722,-1.0725757,1,[np.float32(5.786329)],[np.float32(0.06569621)],0.06569621,6.7248263,fixed,fixed
239456,164,5.0099363,0.0,-0.6297805,-0.5927194,1,[np.float32(4.951692)],[np.float32(0.032502197)],0.032502197,5.184434,fixed,fixed
239456,172,5.0934668,0.0,-0.758013,-0.864945,1,[np.float32(4.951692)],[np.float32(0.07544661)],0.07544661,6.9761195,fixed,fixed
239456,179,5.184434,0.0,-0.6724414,-0.8952674,1,[np.float32(4.951692)],[np.float32(0.079511344)],0.079511344,6.9761195,fixed,fixed
239456,187,5.4253707,0.0,-0.65833294,-0.73119754,1,[np.float32(4.951692)],[np.float32(0.042770606)],0.042770606,5.0934668,fixed,fixed
239456,195,6.7248263,0.0,-0.76956505,-1.5367365,1,[np.float32(5.184434)],[np.float32(0.23030394)],0.23030394,5.184434,fixed,fixed
239456,196,5.625983,0.0,-0.6931442,-0.6393257,1,[np.float32(5.184434)],[np.float32(0.025467675)],0.025467675,5.184434,fixed,fixed
239456,199,6.7248263,0.0,-0.7886535,-1.809466,1,[np.float32(5.877573)],[np.float32(0.32661414)],0.32661414,5.877573,fixed,fixed
239456,200,5.977319,0.0,-0.7248482,-0.9947844,1,[np.float32(5.877573)],[np.float32(0.04764821)],0.04764821,5.877573,fixed,fixed
239456,201,5.877573,0.0,-0.7148247,-1.210615,1,[np.float32(5.184434)],[np.float32(0.13178323)],0.13178323,5.184434,fixed,fixed
239456,203,8.228977,0.0,-0.8712118,-1.5060576,1,[np.float32(5.877573)],[np.float32(0.07651761)],0.07651761,7.5358305,fixed,fixed
239456,204,6.842684,0.0,-0.79300755,-1.4268335,1,[np.float32(5.877573)],[np.float32(0.11442152)],0.11442152,7.5358305,fixed,fixed
239456,205,5.184434,0.0,-0.6657275,-0.9795687,2,"[np.float32(5.184434), np.float32(5.877573)]","[np.float32(0.09065181), np.float32(0.029987883)]",0.09065181,6.7248263,fixed,fixed
239456,207,7.1303654,0.0,-0.7911558,-1.3800663,1,[np.float32(5.184434)],[np.float32(0.12464258)],0.12464258,5.184434,fixed,fixed
239456,211,6.842684,0.0,-0.79029906,-1.0129257,1,[np.float32(5.786329)],[np.float32(0.03519518)],0.03519518,7.5358305,fixed,fixed
239456,212,7.5358305,0.0,-0.83797014,-1.4825125,1,[np.float32(5.786329)],[np.float32(0.10332351)],0.10332351,7.5358305,fixed,fixed
239456,232,8.228977,0.0,-0.8508436,-1.5069904,1,[np.float32(5.184434)],[np.float32(0.10851108)],0.10851108,5.184434,fixed,fixed
239456,236,6.842684,0.0,-0.79025984,-1.0129257,1,[np.float32(5.786329)],[np.float32(0.03519518)],0.03519518,7.5358305,fixed,fixed
239456,240,5.877573,0.0,-0.7370403,-1.0725757,1,[np.float32(5.786329)],[np.float32(0.06569621)],0.06569621,6.7248263,fixed,fixed
239456,264,5.877573,0.0,-0.7450119,-1.4707679,1,[np.float32(6.842684)],[np.float32(0.11442152)],0.11442152,6.7248263,fixed,fixed
239456,291,5.877573,0.0,-0.7457011,-1.4707679,1,[np.float32(6.842684)],[np.float32(0.11442152)],0.11442152,6.7248263,fixed,fixed
239456,353,5.786329,0.0,-0.7439729,-1.0264486,1,[np.float32(6.842684)],[np.float32(0.03519518)],0.03519518,7.5358305,fixed,fixed
239456,354,7.5358305,0.0,-0.86893564,-1.8636626,1,[np.float32(6.842684)],[np.float32(0.17628156)],0.17628156,8.228977,fixed,fixed
239456,371,5.786329,0.0,-0.7262564,-1.0264486,1,[np.float32(6.842684)],[np.float32(0.03519518)],0.03519518,8.228977,fixed,fixed
239456,376,5.877573,0.0,-0.7443814,-1.4707679,1,[np.float32(6.842684)],[np.float32(0.11442152)],0.11442152,6.9761195,fixed,fixed
239456,377,5.4253707,0.0,-0.70381355,-0.9061293,1,[np.float32(6.842684)],[np.float32(0.028767666)],0.028767666,7.5358305,fixed,fixed
239456,378,7.5358305,0.0,-0.8465792,-1.8636626,1,[np.float32(6.842684)],[np.float32(0.17628156)],0.17628156,8.228977,fixed,fixed
239456,401,5.5545464,0.0,-0.706539,-0.9491878,1,[np.float32(6.842684)],[np.float32(0.030949712)],0.030949712,8.228977,fixed,fixed
239456,403,6.088874,0.0,-0.7652141,-1.5412015,1,[np.float32(6.842684)],[np.float32(0.12746923)],0.12746923,6.7248263,fixed,fixed
262180,3,6.118513,0.0,-0.7425283,-1.368611,1,[np.float32(6.088874)],[np.float32(0.11766673)],0.11766673,6.088874,fixed,fixed
262180,12,4.411208,0.0,-0.57150805,-0.9988746,1,[np.float32(5.901499)],[np.float32(0.08816675)],0.08816675,6.214031,fixed,fixed
262180,21,6.088874,0.0,-0.744298,-0.79362255,1,[np.float32(5.184434)],[np.float32(0.034148183)],0.034148183,6.7248263,fixed,fixed
262180,25,5.2083592,0.0,-0.6504584,-1.0652264,1,[np.float32(6.088874)],[np.float32(0.07279101)],0.07279101,4.5525913,fixed,fixed
262180,29,6.088874,0.0,-0.74501234,-1.3811659,1,[np.float32(7.5358305)],[np.float32(0.059698556)],0.059698556,6.7248263,fixed,fixed
262180,30,4.5525913,0.0,-0.59375,-1.3584352,1,[np.float32(6.088874)],[np.float32(0.17459728)],0.17459728,6.214031,fixed,fixed
262180,72,5.184434,0.0,-0.72822607,-0.9795687,1,[np.float32(5.184434)],[np.float32(0.09065181)],0.09065181,4.8615465,fixed,fixed
262180,75,5.0934668,0.0,-0.70618695,-0.70109993,1,[np.float32(5.184434)],[np.float32(0.04016033)],0.04016033,6.5241694,fixed,fixed
262180,81,5.877573,0.0,-0.7034753,-1.3951551,1,[np.float32(5.184434)],[np.float32(0.2165618)],0.2165618,5.184434,fixed,fixed
262180,83,5.877573,0.0,-0.70861584,-1.3107322,1,[np.float32(7.5358305)],[np.float32(0.053509373)],0.053509373,6.9761195,fixed,fixed
262180,84,8.228977,0.0,-0.8716386,-2.0945337,1,[np.float32(7.5358305)],[np.float32(0.17652911)],0.17652911,7.5358305,fixed,fixed
262180,85,6.842684,0.0,-0.7950926,-1.9148684,1,[np.float32(7.5358305)],[np.float32(0.17628156)],0.17628156,7.5358305,fixed,fixed
262180,88,7.1303654,0.0,-0.787572,-1.3800663,1,[np.float32(5.184434)],[np.float32(0.12464258)],0.12464258,5.184434,fixed,fixed
262180,89,7.5358305,0.0,-0.8125859,-1.2759415,1,[np.float32(5.184434)],[np.float32(0.07588504)],0.07588504,5.0934668,fixed,fixed
262180,90,5.4253707,0.0,-0.6944233,-0.8117346,1,[np.float32(5.184434)],[np.float32(0.049271513)],0.049271513,8.228977,fixed,fixed
262180,93,7.5358305,0.0,-0.83805853,-1.8634847,1,[np.float32(7.5358305)],[np.float32(0.12459149)],0.12459149,7.5358305,fixed,fixed
262180,97,6.214031,0.0,-0.73236865,-0.8353417,1,[np.float32(5.184434)],[np.float32(0.036789175)],0.036789175,5.0934668,fixed,fixed
262180,114,8.228977,0.0,-0.8485179,-1.5069904,1,[np.float32(5.184434)],[np.float32(0.10851108)],0.10851108,5.184434,fixed,fixed
262180,115,7.5358305,0.0,-0.83456004,-1.8634847,1,[np.float32(7.5358305)],[np.float32(0.12459149)],0.12459149,7.5358305,fixed,fixed
262180,116,6.214031,0.0,-0.7442396,-1.422885,1,[np.float32(7.5358305)],[np.float32(0.06367433)],0.06367433,5.0934668,fixed,fixed
262180,118,6.842684,0.0,-0.78656435,-1.9148684,1,[np.float32(7.5358305)],[np.float32(0.17628156)],0.17628156,7.5358305,fixed,fixed
262180,119,8.228977,0.0,-0.8684644,-2.0945337,1,[np.float32(7.5358305)],[np.float32(0.17652911)],0.17652911,7.5358305,fixed,fixed
262180,122,5.877573,0.0,-0.73760724,-1.3107322,2,"[np.float32(5.184434), np.float32(7.5358305)]","[np.float32(0.029987883), np.float32(0.053509373)]",0.053509373,6.7248263,fixed,fixed
262180,176,6.088874,0.0,-0.7216177,-1.3587313,1,[np.float32(6.088874)],[np.float32(0.11587737)],0.11587737,5.284512,fixed,fixed
262180,195,6.7248263,0.0,-0.76956505,-1.5367365,1,[np.float32(5.184434)],[np.float32(0.23030394)],0.23030394,5.184434,fixed,fixed
262180,196,5.625983,0.0,-0.6931442,-0.6393257,1,[np.float32(5.184434)],[np.float32(0.025467675)],0.025467675,5.184434,fixed,fixed
262180,201,5.877573,0.0,-0.7148247,-1.210615,1,[np.float32(5.184434)],[np.float32(0.13178323)],0.13178323,5.184434,fixed,fixed
262180,205,5.184434,0.0,-0.6652993,-0.9795687,1,[np.float32(5.184434)],[np.float32(0.09065181)],0.09065181,6.7248263,fixed,fixed
262180,207,7.1303654,0.0,-0.7911558,-1.3800663,1,[np.float32(5.184434)],[np.float32(0.12464258)],0.12464258,5.184434,fixed,fixed
262180,232,8.228977,0.0,-0.8508436,-1.5069904,1,[np.float32(5.184434)],[np.float32(0.10851108)],0.10851108,5.184434,fixed,fixed
269384,105,6.088874,0.0,-0.7236538,-1.3587313,1,[np.float32(6.088874)],[np.float32(0.11587737)],0.11587737,4.5525913,fixed,fixed
269384,107,5.284512,0.0,-0.68137205,-1.6024088,2,"[np.float32(6.088874), np.float32(5.284512)]","[np.float32(0.2540094), np.float32(0.10120408)]",0.2540094,6.088874,fixed,fixed
269384,165,5.0934668,0.0,-0.67240787,-0.73604125,2,"[np.float32(5.284512), np.float32(5.877573)]","[np.float32(0.04278246), np.float32(0.028311158)]",0.04278246,6.7248263,fixed,fixed
269384,180,5.0934668,0.0,-0.67722356,-0.8314453,1,[np.float32(5.5545464)],[np.float32(0.050411604)],0.050411604,6.7248263,fixed,fixed
269384,218,6.214031,0.0,-0.72925425,-1.2541078,1,[np.float32(5.284512)],[np.float32(0.123305775)],0.123305775,5.284512,fixed,fixed
269384,221,5.0934668,0.0,-0.68816906,-1.0269289,2,"[np.float32(6.088874), np.float32(5.284512)]","[np.float32(0.06837011), np.float32(0.04278246)]",0.06837011,6.7248263,fixed,fixed
269384,224,6.088874,1.0,-0.95342714,-1.3179449,1,[np.float32(5.284512)],[np.float32(0.15505402)],0.15505402,5.284512,fixed,fixed
269384,226,5.284512,1.0,-0.9790386,-1.3693577,1,[np.float32(6.088874)],[np.float32(0.15505402)],0.15505402,6.088874,fixed,fixed
269384,227,6.088501,0.0,-0.73528844,-0.82753754,1,[np.float32(5.284512)],[np.float32(0.03622828)],0.03622828,5.284512,fixed,fixed
269384,228,7.5358305,0.0,-0.8157157,-1.5501624,1,[np.float32(5.284512)],[np.float32(0.1614404)],0.1614404,5.284512,fixed,fixed
269384,249,6.842684,0.0,-0.7905878,-1.4268335,1,[np.float32(5.877573)],[np.float32(0.11442152)],0.11442152,7.5358305,fixed,fixed
269384,252,5.877573,0.0,-0.73603666,-0.7222562,1,[np.float32(5.877573)],[np.float32(0.02113925)],0.02113925,6.7248263,fixed,fixed
269384,253,5.786329,0.0,-0.7090062,-0.7268135,1,[np.float32(5.284512)],[np.float32(0.030146634)],0.030146634,8.228977,fixed,fixed
269384,254,8.228977,0.0,-0.8707773,-1.5060576,1,[np.float32(5.877573)],[np.float32(0.07651761)],0.07651761,7.5358305,fixed,fixed
269384,267,6.214031,0.0,-0.7290038,-0.8684229,1,[np.float32(5.977319)],[np.float32(0.027491292)],0.027491292,5.0934668,fixed,fixed
269384,268,6.842684,0.0,-0.79037875,-1.0779737,1,[np.float32(5.977319)],[np.float32(0.03904639)],0.03904639,7.5358305,fixed,fixed
269384,269,7.5358305,0.0,-0.82778764,-1.3090227,1,[np.float32(5.977319)],[np.float32(0.05635246)],0.05635246,7.5358305,fixed,fixed
269384,271,5.877573,0.0,-0.7381043,-0.7222562,1,[np.float32(5.877573)],[np.float32(0.02113925)],0.02113925,6.7248263,fixed,fixed
269384,278,5.5545464,0.0,-0.7017627,-0.8538603,1,[np.float32(5.877573)],[np.float32(0.037488364)],0.037488364,7.5358305,fixed,fixed
269384,281,5.0934668,0.0,-0.67712665,-0.7001671,1,[np.float32(5.877573)],[np.float32(0.028311158)],0.028311158,6.7248263,fixed,fixed
269384,291,5.877573,0.0,-0.7457011,-0.99644876,1,[np.float32(5.977319)],[np.float32(0.04764821)],0.04764821,6.7248263,fixed,fixed
269384,295,5.877573,0.0,-0.746713,-0.9457287,1,[np.float32(5.4253707)],[np.float32(0.053859804)],0.053859804,6.7248263,fixed,fixed
269384,298,5.877573,0.0,-0.7453772,-0.7222562,1,[np.float32(5.877573)],[np.float32(0.02113925)],0.02113925,6.7248263,fixed,fixed
269384,330,6.214031,0.0,-0.7322669,-1.4808785,1,[np.float32(5.284512)],[np.float32(0.22865157)],0.22865157,5.284512,fixed,fixed
269384,333,5.0934668,0.0,-0.68579197,-0.73604125,1,[np.float32(5.284512)],[np.float32(0.04278246)],0.04278246,6.9761195,fixed,fixed
269384,336,6.088874,0.0,-0.731576,-1.5052582,2,"[np.float32(6.088874), np.float32(5.284512)]","[np.float32(0.11587737), np.float32(0.2540094)]",0.2540094,5.284512,fixed,fixed
269384,338,4.5525913,0.0,-0.60832417,-0.80585074,1,[np.float32(5.284512)],[np.float32(0.0667954)],0.0667954,6.214031,fixed,fixed
269384,356,6.842684,0.0,-0.7912968,-0.89081335,1,[np.float32(5.4253707)],[np.float32(0.028767666)],0.028767666,7.5358305,fixed,fixed
269384,357,6.7248263,0.0,-0.7867593,-1.809466,1,[np.float32(5.877573)],[np.float32(0.32661414)],0.32661414,5.877573,fixed,fixed
269384,359,5.4253707,0.0,-0.70467037,-0.9543958,1,[np.float32(5.877573)],[np.float32(0.053859804)],0.053859804,7.5358305,fixed,fixed
269384,360,7.5358305,0.0,-0.8445415,-1.2750087,1,[np.float32(5.877573)],[np.float32(0.053509373)],0.053509373,6.842684,fixed,fixed
269384,361,6.842684,0.0,-0.79232883,-1.4268335,1,[np.float32(5.877573)],[np.float32(0.11442152)],0.11442152,7.5358305,fixed,fixed
269384,362,7.5358305,0.0,-0.8386294,-1.2750087,1,[np.float32(5.877573)],[np.float32(0.053509373)],0.053509373,7.5358305,fixed,fixed
269384,373,7.5358305,0.0,-0.83633095,-1.358078,1,[np.float32(5.4253707)],[np.float32(0.08591343)],0.08591343,7.5358305,fixed,fixed
269384,374,6.842684,0.0,-0.7903354,-0.89081335,1,[np.float32(5.4253707)],[np.float32(0.028767666)],0.028767666,7.5358305,fixed,fixed
269384,376,5.877573,0.0,-0.7423332,-0.9457287,1,[np.float32(5.4253707)],[np.float32(0.053859804)],0.053859804,6.9761195,fixed,fixed
286734,11,5.901499,0.0,-0.7226517,-0.9446309,1,[np.float32(4.411208)],[np.float32(0.08816675)],0.08816675,4.411208,fixed,fixed
286734,14,7.1303654,0.0,-0.8069442,-1.1156284,1,[np.float32(4.411208)],[np.float32(0.083557665)],0.083557665,4.411208,fixed,fixed
286734,15,5.786329,0.0,-0.7048193,-0.80653757,1,[np.float32(4.411208)],[np.float32(0.060431734)],0.060431734,4.411208,fixed,fixed
286734,16,7.5358305,0.0,-0.83604264,-1.0160102,1,[np.float32(4.411208)],[np.float32(0.05052502)],0.05052502,4.411208,fixed,fixed
286734,18,4.8111362,0.0,-0.62237555,-0.58117676,1,[np.float32(4.411208)],[np.float32(0.044807605)],0.044807605,7.5358305,fixed,fixed
286734,20,6.842684,0.0,-0.7829998,-0.7849612,1,[np.float32(4.411208)],[np.float32(0.033946827)],0.033946827,4.8111362,fixed,fixed
286734,22,7.5358305,0.0,-0.821002,-1.2507834,1,[np.float32(4.411208)],[np.float32(0.10358117)],0.10358117,4.411208,fixed,fixed
286734,23,5.786329,0.0,-0.7068554,-0.43284288,1,[np.float32(4.411208)],[np.float32(0.01608032)],0.01608032,4.8111362,fixed,fixed
286734,24,7.5358305,0.0,-0.821002,-1.2507834,1,[np.float32(4.411208)],[np.float32(0.10358117)],0.10358117,4.411208,fixed,fixed
286734,27,4.8111362,0.0,-0.6236705,-0.34255204,1,[np.float32(4.411208)],[np.float32(0.017441027)],0.017441027,7.5358305,fixed,fixed
286734,57,4.45615,0.0,-0.5796101,-0.4877282,1,[np.float32(5.877573)],[np.float32(0.018026534)],0.018026534,6.7248263,fixed,fixed
286734,78,6.214031,0.0,-0.73108464,-1.2203809,1,[np.float32(4.411208)],[np.float32(0.17334172)],0.17334172,4.411208,fixed,fixed
286734,80,5.977319,0.0,-0.72787076,-0.4965062,1,[np.float32(4.411208)],[np.float32(0.018846264)],0.018846264,6.088874,fixed,fixed
286734,81,5.877573,0.0,-0.7042743,-0.69803095,1,[np.float32(4.411208)],[np.float32(0.040589653)],0.040589653,5.184434,fixed,fixed
286734,82,7.5358305,0.0,-0.82122904,-1.2507834,1,[np.float32(4.411208)],[np.float32(0.10358117)],0.10358117,5.877573,fixed,fixed
286734,110,6.7248263,0.0,-0.7723836,-1.2602814,1,[np.float32(4.411208)],[np.float32(0.15543056)],0.15543056,4.411208,fixed,fixed
286734,111,5.977319,0.0,-0.7242054,-0.73127955,1,[np.float32(4.411208)],[np.float32(0.043234326)],0.043234326,4.411208,fixed,fixed
286734,113,5.877573,0.0,-0.76338625,-0.9366557,1,[np.float32(4.411208)],[np.float32(0.086986564)],0.086986564,6.9761195,fixed,fixed
286734,115,7.5358305,0.0,-0.833522,-1.0160102,1,[np.float32(4.411208)],[np.float32(0.05052502)],0.05052502,7.5358305,fixed,fixed
286734,116,6.214031,0.0,-0.74461156,-0.949105,1,[np.float32(4.411208)],[np.float32(0.077383995)],0.077383995,5.0934668,fixed,fixed
286734,120,5.0934668,0.0,-0.68330914,-0.67528695,1,[np.float32(4.411208)],[np.float32(0.054291654)],0.054291654,6.7248263,fixed,fixed
286734,125,5.877573,0.0,-0.70741165,-1.4707679,1,[np.float32(6.842684)],[np.float32(0.11442152)],0.11442152,6.9761195,fixed,fixed
286734,132,6.842684,1.0,-0.9852359,-1.4268335,1,[np.float32(5.877573)],[np.float32(0.11442152)],0.11442152,7.5358305,fixed,fixed
286734,135,5.877573,0.0,-0.7356486,-0.7222562,1,[np.float32(5.877573)],[np.float32(0.02113925)],0.02113925,6.7248263,fixed,fixed
286734,136,5.786329,0.0,-0.7091459,-1.0264486,1,[np.float32(6.842684)],[np.float32(0.03519518)],0.03519518,8.228977,fixed,fixed
286734,137,8.228977,0.0,-0.87091637,-1.5060576,1,[np.float32(5.877573)],[np.float32(0.07651761)],0.07651761,7.5358305,fixed,fixed
286734,138,7.5358305,0.0,-0.86998165,-1.8636626,1,[np.float32(6.842684)],[np.float32(0.17628156)],0.17628156,8.228977,fixed,fixed
286734,139,6.214031,0.0,-0.72500885,-0.57541037,1,[np.float32(4.411208)],[np.float32(0.022515984)],0.022515984,4.5525913,fixed,fixed
286734,141,7.1303654,0.0,-0.79263777,-1.1156284,1,[np.float32(4.411208)],[np.float32(0.083557665)],0.083557665,5.0934668,fixed,fixed
286734,155,5.877573,0.0,-0.7376722,-0.7222562,1,[np.float32(5.877573)],[np.float32(0.02113925)],0.02113925,6.7248263,fixed,fixed
286734,156,5.786329,0.0,-0.74581814,-1.0264486,1,[np.float32(6.842684)],[np.float32(0.03519518)],0.03519518,7.5358305,fixed,fixed
286734,161,5.877573,1.0,-0.98754895,-1.4707679,1,[np.float32(6.842684)],[np.float32(0.11442152)],0.11442152,6.7248263,fixed,fixed
286734,162,5.5545464,0.0,-0.7021851,-0.8538603,1,[np.float32(5.877573)],[np.float32(0.037488364)],0.037488364,7.5358305,fixed,fixed
286734,165,5.0934668,0.0,-0.67297,-0.7001671,1,[np.float32(5.877573)],[np.float32(0.028311158)],0.028311158,6.7248263,fixed,fixed
286734,185,5.877573,0.0,-0.7446682,-0.7222562,1,[np.float32(5.877573)],[np.float32(0.02113925)],0.02113925,6.7248263,fixed,fixed
286734,245,6.7248263,0.0,-0.7872694,-1.809466,1,[np.float32(5.877573)],[np.float32(0.32661414)],0.32661414,5.877573,fixed,fixed
286734,247,5.4253707,0.0,-0.7047687,-0.9543958,1,[np.float32(5.877573)],[np.float32(0.053859804)],0.053859804,7.5358305,fixed,fixed
286734,248,7.5358305,0.0,-0.8445994,-1.2750087,1,[np.float32(5.877573)],[np.float32(0.053509373)],0.053509373,6.842684,fixed,fixed
286734,249,6.842684,0.0,-0.7925113,-1.4268335,1,[np.float32(5.877573)],[np.float32(0.11442152)],0.11442152,7.5358305,fixed,fixed
286734,250,7.5358305,0.0,-0.8386974,-1.2750087,1,[np.float32(5.877573)],[np.float32(0.053509373)],0.053509373,7.5358305,fixed,fixed
286734,338,4.5525913,0.0,-0.6069725,-1.4287801,1,[np.float32(6.214031)],[np.float32(0.18643393)],0.18643393,6.214031,fixed,fixed
286734,389,5.877573,0.0,-0.74689966,-1.9591898,1,[np.float32(6.9761195)],[np.float32(0.28801104)],0.28801104,6.9761195,fixed,fixed
286734,393,4.411208,0.0,-0.6072367,-0.5913679,2,"[np.float32(6.214031), np.float32(5.786329)]","[np.float32(0.022515984), np.float32(0.01608032)]",0.022515984,6.214031,fixed,fixed
286734,405,5.0934668,0.0,-0.67169046,-1.0167384,1,[np.float32(5.366584)],[np.float32(0.09535143)],0.09535143,6.5241694,fixed,fixed
286734,410,6.088874,0.0,-0.76191,-1.0001935,1,[np.float32(5.786329)],[np.float32(0.048188686)],0.048188686,6.7248263,fixed,fixed
286734,416,5.184434,0.0,-0.6923108,-0.795176,1,[np.float32(5.366584)],[np.float32(0.04756625)],0.04756625,4.8615465,fixed,fixed
286734,428,4.8111362,0.0,-0.6180178,-0.72467726,1,[np.float32(6.214031)],[np.float32(0.029351974)],0.029351974,6.18106,fixed,fixed
286734,452,4.8111362,0.0,-0.61247504,-0.8208317,2,"[np.float32(5.786329), np.float32(5.366584)]","[np.float32(0.048971288), np.float32(0.037656948)]",0.048971288,6.18106,fixed,fixed
286734,463,5.0301485,0.0,-0.6265319,-1.2727207,1,[np.float32(5.366584)],[np.float32(0.18958113)],0.18958113,5.366584,fixed,fixed
286734,480,6.5241694,0.0,-0.7503852,-1.2417545,1,[np.float32(5.366584)],[np.float32(0.0998975)],0.0998975,5.0934668,fixed,fixed
289833,75,5.0934668,0.0,-0.70618695,-1.2363725,1,[np.float32(6.214031)],[np.float32(0.111585006)],0.111585006,6.5241694,fixed,fixed
289833,86,5.184434,0.0,-0.6640365,-0.8491098,1,[np.float32(6.214031)],[np.float32(0.036789175)],0.036789175,6.7248263,fixed,fixed
289833,95,5.977319,0.0,-0.7329656,-0.8706591,1,[np.float32(6.214031)],[np.float32(0.027491292)],0.027491292,7.5358305,fixed,fixed
289833,98,7.5358305,0.0,-0.8593595,-1.3901631,1,[np.float32(6.214031)],[np.float32(0.06367433)],0.06367433,6.842684,fixed,fixed
289833,102,5.0934668,0.0,-0.69217837,-1.5163164,1,[np.float32(6.214031)],[np.float32(0.20743524)],0.20743524,6.7248263,fixed,fixed
289833,129,5.877573,0.0,-0.74674726,-0.8374105,1,[np.float32(6.214031)],[np.float32(0.025936576)],0.025936576,6.7248263,fixed,fixed
289833,135,5.877573,0.0,-0.7356486,-1.9591898,1,[np.float32(6.7248263)],[np.float32(0.32661414)],0.32661414,6.7248263,fixed,fixed
289833,180,5.0934668,0.0,-0.67722356,-0.9160638,1,[np.float32(5.0934668)],[np.float32(0.08184193)],0.08184193,6.7248263,fixed,fixed
289833,192,5.184434,0.0,-0.6850254,-0.6998308,1,[np.float32(5.0934668)],[np.float32(0.04016033)],0.04016033,6.7248263,fixed,fixed
289833,267,6.214031,0.0,-0.7290038,-1.1858479,1,[np.float32(5.0934668)],[np.float32(0.111585006)],0.111585006,5.0934668,fixed,fixed
289833,269,7.5358305,0.0,-0.82778764,-1.2450897,1,[np.float32(5.0934668)],[np.float32(0.07239285)],0.07239285,7.5358305,fixed,fixed
289833,291,5.877573,0.0,-0.7457011,-1.3107322,2,"[np.float32(5.0934668), np.float32(7.5358305)]","[np.float32(0.028311158), np.float32(0.053509373)]",0.053509373,6.7248263,fixed,fixed
289833,297,5.4253707,0.0,-0.69331765,-0.5416031,1,[np.float32(5.0934668)],[np.float32(0.020732379)],0.020732379,8.228977,fixed,fixed
289833,300,7.1303654,0.0,-0.7917751,-1.3484745,1,[np.float32(5.0934668)],[np.float32(0.11897195)],0.11897195,5.0934668,fixed,fixed
289833,301,7.5358305,0.0,-0.81735575,-1.4836296,1,[np.float32(5.0934668)],[np.float32(0.14657553)],0.14657553,5.0934668,fixed,fixed
289833,302,5.5545464,0.0,-0.68404394,-0.8232016,1,[np.float32(5.0934668)],[np.float32(0.050411604)],0.050411604,5.0934668,fixed,fixed
289833,360,7.5358305,0.0,-0.84401536,-1.8634847,1,[np.float32(7.5358305)],[np.float32(0.12459149)],0.12459149,6.842684,fixed,fixed
289833,368,5.284512,0.0,-0.7150692,-0.7331901,1,[np.float32(5.0934668)],[np.float32(0.04278246)],0.04278246,6.088874,fixed,fixed
289833,377,5.4253707,0.0,-0.7048197,-1.4424306,1,[np.float32(7.5358305)],[np.float32(0.08591343)],0.08591343,7.5358305,fixed,fixed
289833,378,7.5358305,0.0,-0.84561723,-1.8634847,1,[np.float32(7.5358305)],[np.float32(0.12459149)],0.12459149,8.228977,fixed,fixed
289833,379,6.214031,0.0,-0.7333993,-1.4078817,1,[np.float32(5.0934668)],[np.float32(0.20743524)],0.20743524,5.0934668,fixed,fixed
289833,381,7.5358305,0.0,-0.8286704,-1.2450897,1,[np.float32(5.0934668)],[np.float32(0.07239285)],0.07239285,7.5358305,fixed,fixed
289833,383,6.088874,0.0,-0.7563597,-1.3811659,1,[np.float32(7.5358305)],[np.float32(0.059698556)],0.059698556,6.7248263,fixed,fixed
289833,393,4.411208,0.0,-0.6072367,-1.3816524,2,"[np.float32(5.786329), np.float32(6.214031)]","[np.float32(0.060431734), np.float32(0.17334172)]",0.17334172,6.214031,fixed,fixed
289833,398,6.7248263,0.0,-0.77013016,-1.5031306,1,[np.float32(5.0934668)],[np.float32(0.21994561)],0.21994561,5.0934668,fixed,fixed
289833,401,5.5545464,0.0,-0.70633084,-0.58466166,1,[np.float32(5.0934668)],[np.float32(0.022772891)],0.022772891,8.228977,fixed,fixed
289833,402,6.088874,0.0,-0.72145677,-1.0013107,1,[np.float32(5.0934668)],[np.float32(0.06837011)],0.06837011,4.5525913,fixed,fixed
289833,403,6.088874,0.0,-0.76332295,-0.76277083,1,[np.float32(5.0934668)],[np.float32(0.03232453)],0.03232453,6.7248263,fixed,fixed
289833,405,5.0934668,0.0,-0.6731962,-0.9160638,1,[np.float32(5.0934668)],[np.float32(0.08184193)],0.08184193,6.5241694,fixed,fixed
289833,412,7.1303654,0.0,-0.79183626,-1.3484745,1,[np.float32(5.0934668)],[np.float32(0.11897195)],0.11897195,5.0934668,fixed,fixed
289833,445,4.5525913,0.0,-0.6477318,-0.48921657,1,[np.float32(5.0934668)],[np.float32(0.025679354)],0.025679354,6.088874,fixed,fixed
289833,452,4.8111362,0.0,-0.61247504,-0.72467726,1,[np.float32(6.214031)],[np.float32(0.029351974)],0.029351974,6.18106,fixed,fixed
289833,470,4.8615465,0.0,-0.6237176,-0.74148065,1,[np.float32(6.214031)],[np.float32(0.030291062)],0.030291062,5.184434,fixed,fixed
293108,8,4.8615465,0.0,-0.61285555,-1.2561784,1,[np.float32(5.184434)],[np.float32(0.2086917)],0.2086917,5.184434,fixed,fixed
293108,10,5.2083592,0.0,-0.6498278,-0.9875438,1,[np.float32(5.184434)],[np.float32(0.09186398)],0.09186398,4.8615465,fixed,fixed
293108,12,4.411208,0.0,-0.5692437,-0.5913679,1,[np.float32(6.214031)],[np.float32(0.022515984)],0.022515984,6.214031,fixed,fixed
293108,18,4.8111362,0.0,-0.6212669,-0.85513616,1,[np.float32(5.184434)],[np.float32(0.07331457)],0.07331457,7.5358305,fixed,fixed
293108,21,6.088874,0.0,-0.744298,-0.79362255,1,[np.float32(5.184434)],[np.float32(0.034148183)],0.034148183,6.7248263,fixed,fixed
293108,27,4.8111362,0.0,-0.6232312,-0.72467726,1,[np.float32(6.214031)],[np.float32(0.029351974)],0.029351974,7.5358305,fixed,fixed
293108,30,4.5525913,0.0,-0.59375,-1.4287801,2,"[np.float32(6.214031), np.float32(6.088874)]","[np.float32(0.18643393), np.float32(0.105595194)]",0.18643393,6.214031,fixed,fixed
293108,36,5.0301485,0.0,-0.63041127,-0.67999387,1,[np.float32(5.184434)],[np.float32(0.038555223)],0.038555223,5.1152887,fixed,fixed
293108,38,5.1152887,0.0,-0.64119995,-0.70837396,1,[np.float32(5.184434)],[np.float32(0.040722754)],0.040722754,5.0301485,fixed,fixed
293108,71,6.9761195,0.0,-0.8095387,-1.5279642,1,[np.float32(5.184434)],[np.float32(0.20308375)],0.20308375,5.184434,fixed,fixed
293108,73,5.625983,0.0,-0.69199926,-0.6393257,1,[np.float32(5.184434)],[np.float32(0.025467675)],0.025467675,5.184434,fixed,fixed
293108,81,5.877573,0.0,-0.7054467,-1.210615,1,[np.float32(5.184434)],[np.float32(0.13178323)],0.13178323,5.184434,fixed,fixed
293108,86,5.184434,0.0,-0.6655269,-0.9795687,1,[np.float32(5.184434)],[np.float32(0.09065181)],0.09065181,6.7248263,fixed,fixed
293108,88,7.1303654,0.0,-0.7873055,-1.3800663,1,[np.float32(5.184434)],[np.float32(0.12464258)],0.12464258,5.184434,fixed,fixed
293108,113,5.877573,0.0,-0.762109,-1.4707679,1,[np.float32(6.842684)],[np.float32(0.11442152)],0.11442152,6.9761195,fixed,fixed
293108,114,8.228977,0.0,-0.84833115,-1.5069904,1,[np.float32(5.184434)],[np.float32(0.10851108)],0.10851108,5.184434,fixed,fixed
293108,123,5.786329,0.0,-0.7456678,-1.0264486,1,[np.float32(6.842684)],[np.float32(0.03519518)],0.03519518,7.5358305,fixed,fixed
293108,124,7.5358305,0.0,-0.86986643,-1.8636626,1,[np.float32(6.842684)],[np.float32(0.17628156)],0.17628156,8.228977,fixed,fixed
293108,142,5.786329,0.0,-0.73197126,-1.0264486,1,[np.float32(6.842684)],[np.float32(0.03519518)],0.03519518,6.088874,fixed,fixed
293108,148,5.877573,0.0,-0.7471083,-1.4707679,1,[np.float32(6.842684)],[np.float32(0.11442152)],0.11442152,6.7248263,fixed,fixed
293108,169,6.088874,0.0,-0.7342092,-1.3587313,1,[np.float32(6.088874)],[np.float32(0.11587737)],0.11587737,4.5525913,fixed,fixed
293108,172,5.0934668,0.0,-0.7570314,-1.0269289,1,[np.float32(6.088874)],[np.float32(0.06837011)],0.06837011,6.9761195,fixed,fixed
293108,256,5.284512,0.0,-0.72176933,-1.6024088,1,[np.float32(6.088874)],[np.float32(0.2540094)],0.2540094,6.088874,fixed,fixed
293108,290,6.088874,0.0,-0.7233781,-1.3587313,1,[np.float32(6.088874)],[np.float32(0.11587737)],0.11587737,5.284512,fixed,fixed
306185,57,4.45615,0.0,-0.5796101,-0.4877282,1,[np.float32(5.877573)],[np.float32(0.018026534)],0.018026534,6.7248263,fixed,fixed
306185,102,5.0934668,0.0,-0.68732744,-0.9160638,1,[np.float32(5.0934668)],[np.float32(0.08184193)],0.08184193,6.7248263,fixed,fixed
306185,107,5.284512,0.0,-0.68137205,-0.7331901,1,[np.float32(5.0934668)],[np.float32(0.04278246)],0.04278246,6.088874,fixed,fixed
306185,132,6.842684,0.0,-0.7912479,-1.4268335,1,[np.float32(5.877573)],[np.float32(0.11442152)],0.11442152,7.5358305,fixed,fixed
306185,135,5.877573,0.0,-0.7356486,-0.7222562,2,"[np.float32(5.877573), np.float32(5.0934668)]","[np.float32(0.02113925), np.float32(0.028311158)]",0.028311158,6.7248263,fixed,fixed
306185,137,8.228977,0.0,-0.87091637,-1.5060576,1,[np.float32(5.877573)],[np.float32(0.07651761)],0.07651761,7.5358305,fixed,fixed
306185,155,5.877573,0.0,-0.7376722,-0.7222562,1,[np.float32(5.877573)],[np.float32(0.02113925)],0.02113925,6.7248263,fixed,fixed
306185,162,5.5545464,0.0,-0.7021851,-0.8538603,1,[np.float32(5.877573)],[np.float32(0.037488364)],0.037488364,7.5358305,fixed,fixed
306185,165,5.0934668,0.0,-0.67297,-0.7001671,1,[np.float32(5.877573)],[np.float32(0.028311158)],0.028311158,6.7248263,fixed,fixed
306185,180,5.0934668,0.0,-0.67722356,-0.7001671,1,[np.float32(5.877573)],[np.float32(0.028311158)],0.028311158,6.7248263,fixed,fixed
306185,182,5.877573,0.0,-0.746713,-1.9591898,1,[np.float32(6.7248263)],[np.float32(0.32661414)],0.32661414,6.7248263,fixed,fixed
306185,185,5.877573,0.0,-0.7446682,-0.7222562,1,[np.float32(5.877573)],[np.float32(0.02113925)],0.02113925,6.7248263,fixed,fixed
306185,211,6.842684,0.0,-0.79029906,-1.4268335,1,[np.float32(5.877573)],[np.float32(0.11442152)],0.11442152,7.5358305,fixed,fixed
306185,215,7.5358305,0.0,-0.8287196,-1.2750087,2,"[np.float32(5.0934668), np.float32(5.877573)]","[np.float32(0.07239285), np.float32(0.053509373)]",0.07239285,7.5358305,fixed,fixed
306185,216,6.214031,0.0,-0.7336399,-1.4078817,2,"[np.float32(5.0934668), np.float32(5.877573)]","[np.float32(0.20743524), np.float32(0.025936576)]",0.20743524,5.0934668,fixed,fixed
306185,218,6.214031,0.0,-0.72925425,-1.422885,1,[np.float32(7.5358305)],[np.float32(0.06367433)],0.06367433,5.284512,fixed,fixed
306185,219,8.228977,0.0,-0.87048537,-2.0945337,1,[np.float32(7.5358305)],[np.float32(0.17652911)],0.17652911,7.5358305,fixed,fixed
306185,220,6.842684,0.0,-0.7911704,-1.9148684,1,[np.float32(7.5358305)],[np.float32(0.17628156)],0.17628156,7.5358305,fixed,fixed
306185,222,7.1303654,0.0,-0.78950065,-1.3484745,1,[np.float32(5.0934668)],[np.float32(0.11897195)],0.11897195,5.0934668,fixed,fixed
306185,223,5.5545464,0.0,-0.7077137,-0.58466166,1,[np.float32(5.0934668)],[np.float32(0.022772891)],0.022772891,8.228977,fixed,fixed
306185,224,6.088874,0.0,-0.7257549,-1.0013107,1,[np.float32(5.0934668)],[np.float32(0.06837011)],0.06837011,5.284512,fixed,fixed
306185,225,7.5358305,1.0,-0.94636154,-1.2750087,1,[np.float32(5.877573)],[np.float32(0.053509373)],0.053509373,8.228977,fixed,fixed
306185,226,5.284512,0.0,-0.6826005,-0.7331901,1,[np.float32(5.0934668)],[np.float32(0.04278246)],0.04278246,6.088874,fixed,fixed
306185,240,5.877573,0.0,-0.7370403,-0.7222562,1,[np.float32(5.877573)],[np.float32(0.02113925)],0.02113925,6.7248263,fixed,fixed
306185,243,7.5358305,0.0,-0.83732194,-1.8634847,1,[np.float32(7.5358305)],[np.float32(0.12459149)],0.12459149,7.5358305,fixed,fixed
306185,245,6.7248263,0.0,-0.7872694,-1.809466,1,[np.float32(5.877573)],[np.float32(0.32661414)],0.32661414,5.877573,fixed,fixed
306185,246,5.877573,1.0,-0.980025,-1.3107322,1,[np.float32(7.5358305)],[np.float32(0.053509373)],0.053509373,6.7248263,fixed,fixed
306185,247,5.4253707,0.0,-0.7056041,-0.9543958,2,"[np.float32(5.877573), np.float32(5.877573)]","[np.float32(0.053859804), np.float32(0.053859804)]",0.053859804,7.5358305,fixed,fixed
306185,248,7.5358305,0.0,-0.8445994,-1.2750087,1,[np.float32(5.877573)],[np.float32(0.053509373)],0.053509373,6.842684,fixed,fixed
306185,249,6.842684,0.0,-0.7925113,-1.4268335,1,[np.float32(5.877573)],[np.float32(0.11442152)],0.11442152,7.5358305,fixed,fixed
306185,250,7.5358305,0.0,-0.8386974,-1.2750087,1,[np.float32(5.877573)],[np.float32(0.053509373)],0.053509373,7.5358305,fixed,fixed
306185,252,5.877573,0.0,-0.7368422,-0.7222562,2,"[np.float32(5.0934668), np.float32(5.877573)]","[np.float32(0.028311158), np.float32(0.02113925)]",0.028311158,6.7248263,fixed,fixed
306185,262,6.842684,0.0,-0.7903354,-1.4268335,1,[np.float32(5.877573)],[np.float32(0.11442152)],0.11442152,7.5358305,fixed,fixed
306185,264,5.877573,0.0,-0.7450119,-0.7222562,1,[np.float32(5.877573)],[np.float32(0.02113925)],0.02113925,6.7248263,fixed,fixed
306185,271,5.877573,0.0,-0.7384637,-0.7222562,1,[np.float32(5.877573)],[np.float32(0.02113925)],0.02113925,6.7248263,fixed,fixed
306185,287,8.228977,0.0,-0.87101966,-1.5060576,1,[np.float32(5.877573)],[np.float32(0.07651761)],0.07651761,7.5358305,fixed,fixed
306185,288,6.214031,0.0,-0.73640144,-0.83440894,1,[np.float32(5.877573)],[np.float32(0.025936576)],0.025936576,5.284512,fixed,fixed
306185,292,5.977319,0.0,-0.7399432,-0.9947844,1,[np.float32(5.877573)],[np.float32(0.04764821)],0.04764821,7.5358305,fixed,fixed
306185,293,5.0934668,0.0,-0.67146146,-0.7001671,1,[np.float32(5.877573)],[np.float32(0.028311158)],0.028311158,6.7248263,fixed,fixed
306185,295,5.877573,0.0,-0.74705523,-0.7222562,1,[np.float32(5.877573)],[np.float32(0.02113925)],0.02113925,6.7248263,fixed,fixed
306185,309,6.7248263,0.0,-0.7674461,-1.5031306,1,[np.float32(5.0934668)],[np.float32(0.21994561)],0.21994561,5.0934668,fixed,fixed
306185,310,5.5545464,0.0,-0.6832094,-0.8232016,1,[np.float32(5.0934668)],[np.float32(0.050411604)],0.050411604,5.0934668,fixed,fixed
306185,317,5.184434,0.0,-0.6511961,-0.6998308,1,[np.float32(5.0934668)],[np.float32(0.04016033)],0.04016033,6.9761195,fixed,fixed
306185,318,6.7248263,0.0,-0.7864156,-1.809466,1,[np.float32(5.877573)],[np.float32(0.32661414)],0.32661414,5.877573,fixed,fixed
306185,320,7.5358305,0.0,-0.81566864,-1.4836296,1,[np.float32(5.0934668)],[np.float32(0.14657553)],0.14657553,5.0934668,fixed,fixed
306185,321,5.4253707,0.0,-0.69567335,-0.9543958,2,"[np.float32(5.0934668), np.float32(5.877573)]","[np.float32(0.020732379), np.float32(0.053859804)]",0.053859804,8.228977,fixed,fixed
306185,322,7.5358305,0.0,-0.8559254,-1.2750087,1,[np.float32(5.877573)],[np.float32(0.053509373)],0.053509373,8.228977,fixed,fixed
306185,323,6.842684,0.0,-0.79220605,-1.4268335,1,[np.float32(5.877573)],[np.float32(0.11442152)],0.11442152,7.5358305,fixed,fixed
306185,324,7.5358305,0.0,-0.8385837,-1.2750087,1,[np.float32(5.877573)],[np.float32(0.053509373)],0.053509373,7.5358305,fixed,fixed
306185,327,7.5358305,0.0,-0.8294266,-1.2450897,1,[np.float32(5.0934668)],[np.float32(0.07239285)],0.07239285,7.5358305,fixed,fixed
306185,328,6.357125,0.0,-0.7456478,-1.2335458,1,[np.float32(5.0934668)],[np.float32(0.12033005)],0.12033005,5.0934668,fixed,fixed
306185,333,5.0934668,0.0,-0.6864479,-0.9160638,1,[np.float32(5.0934668)],[np.float32(0.08184193)],0.08184193,6.9761195,fixed,fixed
306185,334,7.1303654,0.0,-0.7896489,-1.3484745,1,[np.float32(5.0934668)],[np.float32(0.11897195)],0.11897195,5.0934668,fixed,fixed
306185,354,7.5358305,0.0,-0.8672782,-1.2750087,1,[np.float32(5.877573)],[np.float32(0.053509373)],0.053509373,8.228977,fixed,fixed
306185,369,6.7248263,0.0,-0.7865231,-1.809466,1,[np.float32(5.877573)],[np.float32(0.32661414)],0.32661414,5.877573,fixed,fixed
306185,371,5.786329,0.0,-0.7267284,-1.0747151,1,[np.float32(5.877573)],[np.float32(0.06569621)],0.06569621,8.228977,fixed,fixed
306185,373,7.5358305,0.0,-0.8369178,-1.2750087,1,[np.float32(5.877573)],[np.float32(0.053509373)],0.053509373,7.5358305,fixed,fixed
306185,374,6.842684,0.0,-0.7922445,-1.4268335,1,[np.float32(5.877573)],[np.float32(0.11442152)],0.11442152,7.5358305,fixed,fixed
315962,192,5.184434,0.0,-0.6850254,-0.9795687,1,[np.float32(5.184434)],[np.float32(0.09065181)],0.09065181,6.7248263,fixed,fixed
315962,201,5.877573,0.0,-0.7125975,-0.9019987,1,[np.float32(5.0099363)],[np.float32(0.057961278)],0.057961278,5.184434,fixed,fixed
315962,205,5.184434,0.0,-0.6636893,-0.9161854,1,[np.float32(5.0099363)],[np.float32(0.08219252)],0.08219252,6.7248263,fixed,fixed
315962,238,5.0934668,0.0,-0.68235564,-0.64062995,1,[np.float32(5.0099363)],[np.float32(0.03582518)],0.03582518,6.7248263,fixed,fixed
315962,240,5.877573,0.0,-0.7370403,-1.9591898,1,[np.float32(6.7248263)],[np.float32(0.32661414)],0.32661414,6.7248263,fixed,fixed
315962,244,6.842684,0.0,-0.7912968,-1.4268335,1,[np.float32(5.877573)],[np.float32(0.11442152)],0.11442152,7.5358305,fixed,fixed
315962,246,5.877573,0.0,-0.7463118,-0.7222562,1,[np.float32(5.877573)],[np.float32(0.02113925)],0.02113925,6.7248263,fixed,fixed
315962,261,7.5358305,0.0,-0.83633095,-1.2750087,1,[np.float32(5.877573)],[np.float32(0.053509373)],0.053509373,7.5358305,fixed,fixed
315962,264,5.877573,0.0,-0.7450119,-0.7222562,1,[np.float32(5.877573)],[np.float32(0.02113925)],0.02113925,6.7248263,fixed,fixed
315962,271,5.877573,1.0,-0.98037255,-1.0725757,1,[np.float32(5.786329)],[np.float32(0.06569621)],0.06569621,6.7248263,fixed,fixed
315962,272,5.786329,0.0,-0.7423953,-1.0747151,1,[np.float32(5.877573)],[np.float32(0.06569621)],0.06569621,7.5358305,fixed,fixed
315962,273,7.5358305,0.0,-0.85741496,-1.2750087,1,[np.float32(5.877573)],[np.float32(0.053509373)],0.053509373,6.842684,fixed,fixed
315962,277,5.877573,0.0,-0.7477483,-0.7222562,1,[np.float32(5.877573)],[np.float32(0.02113925)],0.02113925,6.7248263,fixed,fixed
315962,280,5.877573,0.0,-0.71108824,-1.210615,1,[np.float32(5.184434)],[np.float32(0.13178323)],0.13178323,5.184434,fixed,fixed
315962,295,5.877573,0.0,-0.74706304,-0.7222562,1,[np.float32(5.877573)],[np.float32(0.02113925)],0.02113925,6.7248263,fixed,fixed
315962,298,5.877573,0.0,-0.7450323,-0.72318894,1,[np.float32(5.184434)],[np.float32(0.029987883)],0.029987883,6.7248263,fixed,fixed
315962,303,8.228977,0.0,-0.86328214,-1.5069904,1,[np.float32(5.184434)],[np.float32(0.10851108)],0.10851108,5.184434,fixed,fixed
315962,305,7.1303654,0.0,-0.7923543,-1.3800663,1,[np.float32(5.184434)],[np.float32(0.12464258)],0.12464258,5.184434,fixed,fixed
315962,306,5.625983,0.0,-0.693234,-0.6393257,1,[np.float32(5.184434)],[np.float32(0.025467675)],0.025467675,5.184434,fixed,fixed
315962,312,5.977319,0.0,-0.72393954,-0.69732624,1,[np.float32(5.0099363)],[np.float32(0.028617572)],0.028617572,5.877573,fixed,fixed
315962,314,7.5358305,0.0,-0.8159531,-1.2168301,1,[np.float32(5.0099363)],[np.float32(0.069318235)],0.069318235,5.0934668,fixed,fixed
315962,317,5.184434,0.0,-0.6548086,-1.2017678,1,[np.float32(5.0099363)],[np.float32(0.18143204)],0.18143204,6.9761195,fixed,fixed
315962,323,6.842684,0.0,-0.79029906,-1.0129257,1,[np.float32(5.786329)],[np.float32(0.03519518)],0.03519518,7.5358305,fixed,fixed
315962,324,7.5358305,0.0,-0.83797014,-1.4825125,1,[np.float32(5.786329)],[np.float32(0.10332351)],0.10332351,7.5358305,fixed,fixed
315962,329,7.5358305,0.0,-0.85835445,-1.2750087,1,[np.float32(5.877573)],[np.float32(0.053509373)],0.053509373,6.842684,fixed,fixed
315962,346,6.214031,0.0,-0.7402581,-0.7762304,1,[np.float32(5.0099363)],[np.float32(0.03316943)],0.03316943,4.45615,fixed,fixed
315962,348,6.842684,0.0,-0.79025984,-1.0129257,1,[np.float32(5.786329)],[np.float32(0.03519518)],0.03519518,7.5358305,fixed,fixed
315962,351,6.7248263,0.0,-0.78935796,-1.809466,1,[np.float32(5.877573)],[np.float32(0.32661414)],0.32661414,5.877573,fixed,fixed
315962,352,6.088874,0.0,-0.75630844,-1.1430093,1,[np.float32(5.786329)],[np.float32(0.07359712)],0.07359712,6.7248263,fixed,fixed
315962,353,5.786329,1.0,-0.97812814,-1.0747151,1,[np.float32(5.877573)],[np.float32(0.06569621)],0.06569621,7.5358305,fixed,fixed
315962,355,7.5358305,0.0,-0.83630455,-1.2750087,1,[np.float32(5.877573)],[np.float32(0.053509373)],0.053509373,7.5358305,fixed,fixed
315962,356,6.842684,0.0,-0.7932607,-1.4268335,1,[np.float32(5.877573)],[np.float32(0.11442152)],0.11442152,7.5358305,fixed,fixed
315962,379,6.214031,0.0,-0.7296031,-0.8353417,1,[np.float32(5.184434)],[np.float32(0.036789175)],0.036789175,5.0934668,fixed,fixed
315962,392,5.877573,0.0,-0.717441,-1.3951551,1,[np.float32(5.184434)],[np.float32(0.2165618)],0.2165618,5.184434,fixed,fixed
315962,405,5.0934668,0.0,-0.6724432,-0.70109993,1,[np.float32(5.184434)],[np.float32(0.04016033)],0.04016033,6.5241694,fixed,fixed
315962,406,6.7248263,0.0,-0.7701838,-1.5367365,1,[np.float32(5.184434)],[np.float32(0.23030394)],0.23030394,5.184434,fixed,fixed
315962,409,5.4253707,0.0,-0.6936331,-0.8117346,1,[np.float32(5.184434)],[np.float32(0.049271513)],0.049271513,8.228977,fixed,fixed
315962,410,6.088874,0.0,-0.76241404,-0.79362255,1,[np.float32(5.184434)],[np.float32(0.034148183)],0.034148183,6.7248263,fixed,fixed
315962,413,7.5358305,0.0,-0.8155912,-1.2759415,1,[np.float32(5.184434)],[np.float32(0.07588504)],0.07588504,5.0934668,fixed,fixed
315962,415,8.228977,0.0,-0.8641088,-1.5069904,1,[np.float32(5.184434)],[np.float32(0.10851108)],0.10851108,5.184434,fixed,fixed
315962,416,5.184434,0.0,-0.6938501,-0.9795687,1,[np.float32(5.184434)],[np.float32(0.09065181)],0.09065181,4.8615465,fixed,fixed
315962,417,7.1303654,0.0,-0.7916135,-1.3800663,1,[np.float32(5.184434)],[np.float32(0.12464258)],0.12464258,5.184434,fixed,fixed
315962,420,4.951692,0.0,-0.62938434,-0.5933717,1,[np.float32(5.0099363)],[np.float32(0.032502197)],0.032502197,5.487917,fixed,fixed
315962,452,4.8111362,0.0,-0.61247504,-1.2522821,1,[np.float32(6.18106)],[np.float32(0.12722044)],0.12722044,6.18106,fixed,fixed
332515,102,5.0934668,0.0,-0.68732744,-1.697821,1,[np.float32(6.7248263)],[np.float32(0.21994561)],0.21994561,6.7248263,fixed,fixed
332515,129,5.877573,0.0,-0.7463118,-1.4707679,1,[np.float32(6.842684)],[np.float32(0.11442152)],0.11442152,6.7248263,fixed,fixed
332515,214,5.977319,0.0,-0.73136604,-1.090112,1,[np.float32(6.842684)],[np.float32(0.03904639)],0.03904639,7.5358305,fixed,fixed
332515,217,7.5358305,0.0,-0.85971105,-1.8636626,1,[np.float32(6.842684)],[np.float32(0.17628156)],0.17628156,6.842684,fixed,fixed
332515,241,5.786329,0.0,-0.7423596,-1.0264486,1,[np.float32(6.842684)],[np.float32(0.03519518)],0.03519518,7.5358305,fixed,fixed
332515,246,5.877573,0.0,-0.74840033,-1.4707679,1,[np.float32(6.842684)],[np.float32(0.11442152)],0.11442152,6.7248263,fixed,fixed
332515,271,5.877573,0.0,-0.7381043,-1.9591898,1,[np.float32(6.7248263)],[np.float32(0.32661414)],0.32661414,6.7248263,fixed,fixed
332515,362,7.5358305,0.0,-0.83801436,-1.8634847,1,[np.float32(7.5358305)],[np.float32(0.12459149)],0.12459149,7.5358305,fixed,fixed
332515,379,6.214031,0.0,-0.7289972,-1.422885,1,[np.float32(7.5358305)],[np.float32(0.06367433)],0.06367433,5.0934668,fixed,fixed
332515,380,6.842684,0.0,-0.79037875,-1.9148684,1,[np.float32(7.5358305)],[np.float32(0.17628156)],0.17628156,7.5358305,fixed,fixed
332515,381,7.5358305,0.0,-0.82784855,-1.8634847,1,[np.float32(7.5358305)],[np.float32(0.12459149)],0.12459149,7.5358305,fixed,fixed
332515,383,6.088874,0.0,-0.7553851,-1.3811659,1,[np.float32(7.5358305)],[np.float32(0.059698556)],0.059698556,6.7248263,fixed,fixed
358969,12,4.411208,0.0,-0.57150805,-0.9988746,1,[np.float32(5.901499)],[np.float32(0.08816675)],0.08816675,6.214031,fixed,fixed
358969,18,4.8111362,0.0,-0.62386,-1.1321839,2,"[np.float32(5.901499), np.float32(5.0301485)]","[np.float32(0.109549694), np.float32(0.06689753)]",0.109549694,7.5358305,fixed,fixed
358969,25,5.2083592,0.0,-0.6504584,-0.95436126,1,[np.float32(5.0934668)],[np.float32(0.087324865)],0.087324865,4.5525913,fixed,fixed
358969,27,4.8111362,0.0,-0.6232312,-0.5753982,1,[np.float32(5.0934668)],[np.float32(0.031217033)],0.031217033,7.5358305,fixed,fixed
358969,30,4.5525913,0.0,-0.59375,-0.88719004,1,[np.float32(5.0934668)],[np.float32(0.093068875)],0.093068875,6.214031,fixed,fixed
358969,35,5.977319,0.0,-0.72633404,-0.7041583,1,[np.float32(5.0301485)],[np.float32(0.028986992)],0.028986992,5.0301485,fixed,fixed
358969,37,7.5358305,0.0,-0.81979454,-1.2236623,1,[np.float32(5.0301485)],[np.float32(0.0700509)],0.0700509,4.8111362,fixed,fixed
358969,38,5.1152887,0.0,-0.6457414,-1.162496,1,[np.float32(5.0301485)],[np.float32(0.1660328)],0.1660328,5.0301485,fixed,fixed
358969,48,4.5525913,0.0,-0.59234726,-0.46731496,1,[np.float32(5.0301485)],[np.float32(0.024382805)],0.024382805,6.088874,fixed,fixed
358969,55,5.2083592,0.0,-0.6504584,-0.7078059,1,[np.float32(5.0934668)],[np.float32(0.0407778)],0.0407778,4.951692,fixed,fixed
358969,60,4.951692,0.0,-0.63997406,-0.8688056,1,[np.float32(5.0934668)],[np.float32(0.07544661)],0.07544661,5.2083592,fixed,fixed
358969,72,5.184434,0.0,-0.7288406,-0.67792916,1,[np.float32(5.0301485)],[np.float32(0.038555223)],0.038555223,4.8615465,fixed,fixed
358969,75,5.0934668,0.0,-0.7075566,-0.8931484,1,[np.float32(5.0301485)],[np.float32(0.078936815)],0.078936815,6.5241694,fixed,fixed
358969,83,5.877573,0.0,-0.70914996,-0.6709097,1,[np.float32(5.0301485)],[np.float32(0.02717884)],0.02717884,6.9761195,fixed,fixed
358969,151,6.357125,0.0,-0.7607224,-1.3805634,1,[np.float32(5.0934668)],[np.float32(0.18210293)],0.18210293,5.0934668,fixed,fixed
358969,153,7.5358305,0.0,-0.8382065,-1.2450897,1,[np.float32(5.0934668)],[np.float32(0.07239285)],0.07239285,7.5358305,fixed,fixed
358969,171,6.9761195,0.0,-0.8095387,-1.4951938,1,[np.float32(5.0934668)],[np.float32(0.19394967)],0.19394967,5.0934668,fixed,fixed
358969,175,5.5545464,0.0,-0.7050529,-0.58466166,1,[np.float32(5.0934668)],[np.float32(0.022772891)],0.022772891,8.228977,fixed,fixed
358969,176,6.088874,0.0,-0.7207635,-1.0013107,1,[np.float32(5.0934668)],[np.float32(0.06837011)],0.06837011,5.284512,fixed,fixed
358969,177,5.877573,0.0,-0.7446745,-0.6923372,1,[np.float32(5.0934668)],[np.float32(0.028311158)],0.028311158,6.7248263,fixed,fixed
358969,180,5.0934668,0.0,-0.6785245,-0.9160638,1,[np.float32(5.0934668)],[np.float32(0.08184193)],0.08184193,6.7248263,fixed,fixed
358969,187,5.4253707,0.0,-0.65908825,-1.0266985,1,[np.float32(5.0934668)],[np.float32(0.098482996)],0.098482996,5.0934668,fixed,fixed
358969,188,7.1303654,0.0,-0.7867149,-1.3484745,1,[np.float32(5.0934668)],[np.float32(0.11897195)],0.11897195,5.0934668,fixed,fixed
358969,256,5.284512,0.0,-0.7173068,-0.7331901,1,[np.float32(5.0934668)],[np.float32(0.04278246)],0.04278246,6.088874,fixed,fixed
358969,298,5.877573,0.0,-0.7450323,-1.4707679,1,[np.float32(6.842684)],[np.float32(0.11442152)],0.11442152,6.7248263,fixed,fixed
358969,304,5.184434,0.0,-0.6927825,-0.81590843,1,[np.float32(5.4253707)],[np.float32(0.049271513)],0.049271513,6.7248263,fixed,fixed
358969,388,6.842684,1.0,-0.9852922,-0.89081335,1,[np.float32(5.4253707)],[np.float32(0.028767666)],0.028767666,7.5358305,fixed,fixed
358969,390,5.5545464,0.0,-0.70181143,-0.9491878,1,[np.float32(6.842684)],[np.float32(0.030949712)],0.030949712,7.5358305,fixed,fixed
358969,391,7.5358305,0.0,-0.84844613,-1.8636626,1,[np.float32(6.842684)],[np.float32(0.17628156)],0.17628156,8.228977,fixed,fixed
358969,405,5.0934668,0.0,-0.67169046,-0.54395676,1,[np.float32(5.4253707)],[np.float32(0.020732379)],0.020732379,6.5241694,fixed,fixed
358969,407,5.877573,0.0,-0.7465571,-0.9457287,1,[np.float32(5.4253707)],[np.float32(0.053859804)],0.053859804,6.9761195,fixed,fixed
358969,408,8.228977,0.0,-0.8708322,-1.3529111,1,[np.float32(5.4253707)],[np.float32(0.060737602)],0.060737602,7.5358305,fixed,fixed
358969,409,5.4253707,1.0,-0.9859847,-0.9061293,1,[np.float32(6.842684)],[np.float32(0.028767666)],0.028767666,8.228977,fixed,fixed
358969,410,6.088874,0.0,-0.7642901,-1.5412015,1,[np.float32(6.842684)],[np.float32(0.12746923)],0.12746923,6.7248263,fixed,fixed
401141,7,5.977319,0.0,-0.7297385,-0.64727956,1,[np.float32(4.8615465)],[np.float32(0.025992488)],0.025992488,4.8615465,fixed,fixed
401141,9,7.5358305,0.0,-0.8361185,-1.1667835,1,[np.float32(4.8615465)],[np.float32(0.064151175)],0.064151175,4.8615465,fixed,fixed
401141,10,5.2083592,0.0,-0.65437186,-1.1277764,1,[np.float32(4.8615465)],[np.float32(0.1595158)],0.1595158,4.8615465,fixed,fixed
401141,18,4.8111362,0.0,-0.6219438,-0.4955001,1,[np.float32(4.8615465)],[np.float32(0.026210686)],0.026210686,7.5358305,fixed,fixed
401141,21,6.088874,0.0,-0.744298,-2.0296233,1,[np.float32(6.7248263)],[np.float32(0.36320382)],0.36320382,6.7248263,fixed,fixed
401141,25,5.2083592,0.0,-0.6504584,-0.95436126,1,[np.float32(5.0934668)],[np.float32(0.087324865)],0.087324865,4.5525913,fixed,fixed
401141,27,4.8111362,0.0,-0.6232312,-0.5753982,1,[np.float32(5.0934668)],[np.float32(0.031217033)],0.031217033,7.5358305,fixed,fixed
401141,29,6.088874,0.0,-0.74501234,-1.1430093,1,[np.float32(5.786329)],[np.float32(0.07359712)],0.07359712,6.7248263,fixed,fixed
401141,30,4.5525913,0.0,-0.59375,-0.88719004,2,"[np.float32(5.786329), np.float32(5.0934668)]","[np.float32(0.018084316), np.float32(0.093068875)]",0.093068875,6.214031,fixed,fixed
401141,55,5.2083592,0.0,-0.6504584,-0.7078059,1,[np.float32(5.0934668)],[np.float32(0.0407778)],0.0407778,4.951692,fixed,fixed
401141,60,4.951692,0.0,-0.63997406,-0.8688056,1,[np.float32(5.0934668)],[np.float32(0.07544661)],0.07544661,5.2083592,fixed,fixed
401141,72,5.184434,0.0,-0.7326045,-1.2275537,1,[np.float32(4.8615465)],[np.float32(0.2086917)],0.2086917,4.8615465,fixed,fixed
401141,78,6.214031,0.0,-0.7275985,-0.7261837,1,[np.float32(4.8615465)],[np.float32(0.030291062)],0.030291062,4.411208,fixed,fixed
401141,81,5.877573,0.0,-0.7045455,-0.85097903,1,[np.float32(4.8615465)],[np.float32(0.0532357)],0.0532357,5.184434,fixed,fixed
401141,113,5.877573,0.0,-0.762109,-1.5930758,1,[np.float32(8.228977)],[np.float32(0.07651761)],0.07651761,6.9761195,fixed,fixed
401141,118,6.842684,0.0,-0.78656435,-1.0129257,1,[np.float32(5.786329)],[np.float32(0.03519518)],0.03519518,7.5358305,fixed,fixed
401141,119,8.228977,1.0,-0.9832179,-1.4750236,1,[np.float32(5.786329)],[np.float32(0.07304597)],0.07304597,7.5358305,fixed,fixed
401141,120,5.0934668,0.0,-0.68223363,-0.91494185,1,[np.float32(5.786329)],[np.float32(0.05768841)],0.05768841,6.7248263,fixed,fixed
401141,124,7.5358305,0.0,-0.8699123,-2.1458282,1,[np.float32(8.228977)],[np.float32(0.17652911)],0.17652911,8.228977,fixed,fixed
401141,142,5.786329,1.0,-0.98465466,-1.5626608,1,[np.float32(8.228977)],[np.float32(0.07304597)],0.07304597,6.088874,fixed,fixed
401141,151,6.357125,0.0,-0.7607224,-1.3805634,1,[np.float32(5.0934668)],[np.float32(0.18210293)],0.18210293,5.0934668,fixed,fixed
401141,153,7.5358305,0.0,-0.8382065,-1.2450897,1,[np.float32(5.0934668)],[np.float32(0.07239285)],0.07239285,7.5358305,fixed,fixed
401141,171,6.9761195,0.0,-0.8095387,-1.4951938,1,[np.float32(5.0934668)],[np.float32(0.19394967)],0.19394967,5.0934668,fixed,fixed
401141,175,5.5545464,0.0,-0.7050529,-0.58466166,1,[np.float32(5.0934668)],[np.float32(0.022772891)],0.022772891,8.228977,fixed,fixed
401141,176,6.088874,0.0,-0.7207635,-1.0013107,1,[np.float32(5.0934668)],[np.float32(0.06837011)],0.06837011,5.284512,fixed,fixed
401141,177,5.877573,0.0,-0.7446745,-0.6923372,1,[np.float32(5.0934668)],[np.float32(0.028311158)],0.028311158,6.7248263,fixed,fixed
401141,180,5.0934668,0.0,-0.6785245,-0.9160638,1,[np.float32(5.0934668)],[np.float32(0.08184193)],0.08184193,6.7248263,fixed,fixed
401141,187,5.4253707,0.0,-0.65908825,-1.0266985,1,[np.float32(5.0934668)],[np.float32(0.098482996)],0.098482996,5.0934668,fixed,fixed
401141,188,7.1303654,0.0,-0.7867149,-1.3484745,1,[np.float32(5.0934668)],[np.float32(0.11897195)],0.11897195,5.0934668,fixed,fixed
401141,256,5.284512,0.0,-0.7173068,-0.7331901,1,[np.float32(5.0934668)],[np.float32(0.04278246)],0.04278246,6.088874,fixed,fixed
403175,40,4.8111362,0.0,-0.6218276,-1.0073801,1,[np.float32(5.877573)],[np.float32(0.07992371)],0.07992371,7.5358305,fixed,fixed
403175,43,6.088874,0.0,-0.7441183,-0.7926898,1,[np.float32(5.877573)],[np.float32(0.02407378)],0.02407378,6.7248263,fixed,fixed
403175,48,4.5525913,0.0,-0.5916992,-0.5198753,1,[np.float32(5.877573)],[np.float32(0.019440975)],0.019440975,6.088874,fixed,fixed
403175,57,4.45615,0.0,-0.5803626,-0.8890514,2,"[np.float32(5.2083592), np.float32(5.877573)]","[np.float32(0.026079133), np.float32(0.06546549)]",0.06546549,6.7248263,fixed,fixed
403175,58,6.842684,0.0,-0.7877417,-1.3574401,1,[np.float32(6.088874)],[np.float32(0.08446663)],0.08446663,6.088874,fixed,fixed
403175,59,6.088874,1.0,-0.9897368,-0.7926898,1,[np.float32(5.877573)],[np.float32(0.02407378)],0.02407378,6.7248263,fixed,fixed
403175,60,4.951692,0.0,-0.64298975,-1.0644442,1,[np.float32(5.2083592)],[np.float32(0.12398622)],0.12398622,5.2083592,fixed,fixed
403175,62,5.977319,0.0,-0.7283919,-1.0689851,1,[np.float32(6.088874)],[np.float32(0.05349227)],0.05349227,6.088874,fixed,fixed
403175,86,5.184434,0.0,-0.6640365,-1.7281433,1,[np.float32(6.7248263)],[np.float32(0.23030394)],0.23030394,6.7248263,fixed,fixed
403175,101,6.842684,0.0,-0.7950926,-0.89081335,1,[np.float32(5.4253707)],[np.float32(0.028767666)],0.028767666,7.5358305,fixed,fixed
403175,122,5.877573,0.0,-0.73711985,-1.9591898,1,[np.float32(6.7248263)],[np.float32(0.32661414)],0.32661414,6.7248263,fixed,fixed
403175,125,5.877573,1.0,-0.9846821,-0.9457287,2,"[np.float32(6.088874), np.float32(5.4253707)]","[np.float32(0.02407378), np.float32(0.053859804)]",0.053859804,6.9761195,fixed,fixed
403175,126,7.5358305,0.0,-0.8370089,-1.358078,1,[np.float32(5.4253707)],[np.float32(0.08591343)],0.08591343,7.5358305,fixed,fixed
403175,127,6.842684,0.0,-0.7950926,-0.89081335,1,[np.float32(5.4253707)],[np.float32(0.028767666)],0.028767666,7.5358305,fixed,fixed
403175,128,6.9761195,0.0,-0.8016407,-1.7898527,1,[np.float32(5.877573)],[np.float32(0.28801104)],0.28801104,5.877573,fixed,fixed
403175,129,5.877573,0.0,-0.7463118,-0.9457287,1,[np.float32(5.4253707)],[np.float32(0.053859804)],0.053859804,6.7248263,fixed,fixed
403175,130,5.4253707,1.0,-0.98464674,-0.9543958,1,[np.float32(5.877573)],[np.float32(0.053859804)],0.053859804,7.5358305,fixed,fixed
403175,131,7.5358305,0.0,-0.84438884,-1.2750087,1,[np.float32(5.877573)],[np.float32(0.053509373)],0.053509373,6.842684,fixed,fixed
403175,132,6.842684,0.0,-0.793209,-1.4268335,1,[np.float32(5.877573)],[np.float32(0.11442152)],0.11442152,7.5358305,fixed,fixed
403175,133,7.5358305,0.0,-0.8389576,-1.2750087,1,[np.float32(5.877573)],[np.float32(0.053509373)],0.053509373,7.5358305,fixed,fixed
403175,138,7.5358305,0.0,-0.8684164,-1.3471832,1,[np.float32(6.088874)],[np.float32(0.059698556)],0.059698556,8.228977,fixed,fixed
403175,154,6.7248263,0.0,-0.8056455,-1.9018301,1,[np.float32(6.088874)],[np.float32(0.36320382)],0.36320382,6.088874,fixed,fixed
403175,156,5.786329,0.0,-0.7464611,-1.1510593,1,[np.float32(6.088874)],[np.float32(0.07359712)],0.07359712,7.5358305,fixed,fixed
403175,158,6.214031,0.0,-0.7328805,-0.9065835,1,[np.float32(6.088874)],[np.float32(0.029311275)],0.029311275,4.45615,fixed,fixed
403175,159,7.5358305,0.0,-0.83221847,-1.3471832,1,[np.float32(6.088874)],[np.float32(0.059698556)],0.059698556,7.5358305,fixed,fixed
403175,160,6.842684,0.0,-0.7974887,-1.5031776,1,[np.float32(6.088874)],[np.float32(0.12746923)],0.12746923,7.5358305,fixed,fixed
403175,172,5.0934668,0.0,-0.757633,-0.7094349,1,[np.float32(5.2083592)],[np.float32(0.0407778)],0.0407778,6.9761195,fixed,fixed
403175,179,5.184434,0.0,-0.6727585,-0.9883506,1,[np.float32(5.2083592)],[np.float32(0.09186398)],0.09186398,6.9761195,fixed,fixed
403175,226,5.284512,0.0,-0.6818721,-0.8379178,1,[np.float32(6.088501)],[np.float32(0.03622828)],0.03622828,6.088874,fixed,fixed
403175,291,5.877573,0.0,-0.7457011,-1.4707679,1,[np.float32(6.842684)],[np.float32(0.11442152)],0.11442152,6.7248263,fixed,fixed
403175,293,5.0934668,0.0,-0.6709071,-0.58827734,1,[np.float32(5.5545464)],[np.float32(0.022772891)],0.022772891,6.7248263,fixed,fixed
403175,374,6.842684,1.0,-0.9852956,-0.93440247,1,[np.float32(5.5545464)],[np.float32(0.030949712)],0.030949712,7.5358305,fixed,fixed
403175,377,5.4253707,0.0,-0.70381355,-0.9061293,1,[np.float32(6.842684)],[np.float32(0.028767666)],0.028767666,7.5358305,fixed,fixed
403175,378,7.5358305,0.0,-0.8465792,-1.8636626,1,[np.float32(6.842684)],[np.float32(0.17628156)],0.17628156,8.228977,fixed,fixed
403175,399,8.228977,0.0,-0.87101966,-1.3965002,1,[np.float32(5.5545464)],[np.float32(0.064895034)],0.064895034,7.5358305,fixed,fixed
403175,400,6.214031,0.0,-0.73608416,-0.7248516,1,[np.float32(5.5545464)],[np.float32(0.021325735)],0.021325735,4.5525913,fixed,fixed
403175,401,5.5545464,1.0,-0.9902424,-0.9491878,1,[np.float32(6.842684)],[np.float32(0.030949712)],0.030949712,8.228977,fixed,fixed
403175,403,6.088874,0.0,-0.7652141,-1.5412015,1,[np.float32(6.842684)],[np.float32(0.12746923)],0.12746923,6.7248263,fixed,fixed
407794,180,5.0934668,0.0,-0.67722356,-0.58827734,1,[np.float32(5.5545464)],[np.float32(0.022772891)],0.022772891,6.7248263,fixed,fixed
407794,262,6.842684,0.0,-0.7903354,-0.93440247,1,[np.float32(5.5545464)],[np.float32(0.030949712)],0.030949712,7.5358305,fixed,fixed
407794,287,8.228977,0.0,-0.87101966,-1.3965002,1,[np.float32(5.5545464)],[np.float32(0.064895034)],0.064895034,7.5358305,fixed,fixed
407794,288,6.214031,0.0,-0.73640144,-0.7248516,1,[np.float32(5.5545464)],[np.float32(0.021325735)],0.021325735,5.284512,fixed,fixed
407794,293,5.0934668,0.0,-0.6709071,-0.9160638,1,[np.float32(5.0934668)],[np.float32(0.08184193)],0.08184193,6.7248263,fixed,fixed
407794,304,5.184434,0.0,-0.6927825,-0.8046902,2,"[np.float32(5.0934668), np.float32(6.088874)]","[np.float32(0.04016033), np.float32(0.034148183)]",0.04016033,6.7248263,fixed,fixed
407794,316,6.842684,0.0,-0.7910573,-1.5031776,1,[np.float32(6.088874)],[np.float32(0.12746923)],0.12746923,7.5358305,fixed,fixed
407794,317,5.184434,0.0,-0.6504253,-1.0929221,1,[np.float32(5.487917)],[np.float32(0.10704957)],0.10704957,6.9761195,fixed,fixed
407794,333,5.0934668,0.0,-0.6850632,-0.8077368,1,[np.float32(5.487917)],[np.float32(0.048449278)],0.048449278,6.9761195,fixed,fixed
407794,345,7.5358305,0.0,-0.8307791,-1.3471832,1,[np.float32(6.088874)],[np.float32(0.059698556)],0.059698556,7.5358305,fixed,fixed
407794,346,6.214031,0.0,-0.7396824,-0.9065835,1,[np.float32(6.088874)],[np.float32(0.029311275)],0.029311275,4.45615,fixed,fixed
407794,350,4.45615,0.0,-0.61061674,-0.5952979,1,[np.float32(5.487917)],[np.float32(0.03217449)],0.03217449,6.7248263,fixed,fixed
407794,353,5.786329,0.0,-0.74455154,-1.1510593,1,[np.float32(6.088874)],[np.float32(0.07359712)],0.07359712,7.5358305,fixed,fixed
407794,354,7.5358305,0.0,-0.8673343,-1.3471832,1,[np.float32(6.088874)],[np.float32(0.059698556)],0.059698556,8.228977,fixed,fixed
407794,376,5.877573,0.0,-0.74272925,-0.79443073,1,[np.float32(6.088874)],[np.float32(0.02407378)],0.02407378,6.9761195,fixed,fixed
407794,379,6.214031,0.0,-0.7289972,-1.1858479,1,[np.float32(5.0934668)],[np.float32(0.111585006)],0.111585006,5.0934668,fixed,fixed
407794,381,7.5358305,0.0,-0.82784855,-1.2450897,1,[np.float32(5.0934668)],[np.float32(0.07239285)],0.07239285,7.5358305,fixed,fixed
407794,383,6.088874,0.0,-0.7553851,-1.0001935,1,[np.float32(5.786329)],[np.float32(0.048188686)],0.048188686,6.7248263,fixed,fixed
407794,388,6.842684,0.0,-0.7903873,-1.5031776,1,[np.float32(6.088874)],[np.float32(0.12746923)],0.12746923,7.5358305,fixed,fixed
407794,403,6.088874,0.0,-0.7628434,-0.76277083,1,[np.float32(5.0934668)],[np.float32(0.03232453)],0.03232453,6.7248263,fixed,fixed
407794,407,5.877573,0.0,-0.7465571,-0.79443073,1,[np.float32(6.088874)],[np.float32(0.02407378)],0.02407378,6.9761195,fixed,fixed
407794,408,8.228977,0.0,-0.8708322,-1.5782322,1,[np.float32(6.088874)],[np.float32(0.08518146)],0.08518146,7.5358305,fixed,fixed
407794,409,5.4253707,0.0,-0.6931129,-0.5416031,1,[np.float32(5.0934668)],[np.float32(0.020732379)],0.020732379,8.228977,fixed,fixed
407794,411,5.977319,0.0,-0.72397614,-1.0689851,1,[np.float32(6.088874)],[np.float32(0.05349227)],0.05349227,6.088874,fixed,fixed
407794,412,7.1303654,0.0,-0.7918324,-1.3484745,1,[np.float32(5.0934668)],[np.float32(0.11897195)],0.11897195,5.0934668,fixed,fixed
407794,413,7.5358305,0.0,-0.81691796,-1.4836296,1,[np.float32(5.0934668)],[np.float32(0.14657553)],0.14657553,5.0934668,fixed,fixed
407794,414,5.5545464,0.0,-0.6840082,-0.8232016,1,[np.float32(5.0934668)],[np.float32(0.050411604)],0.050411604,5.0934668,fixed,fixed
407794,416,5.184434,0.0,-0.6929355,-0.8046902,1,[np.float32(6.088874)],[np.float32(0.034148183)],0.034148183,4.8615465,fixed,fixed
407794,420,4.951692,0.0,-0.6286642,-1.1761433,1,[np.float32(5.487917)],[np.float32(0.14413235)],0.14413235,5.487917,fixed,fixed
407794,423,6.7248263,0.0,-0.7966865,-1.9018301,1,[np.float32(6.088874)],[np.float32(0.36320382)],0.36320382,6.088874,fixed,fixed
407794,425,5.977319,0.0,-0.72628003,-1.0689851,1,[np.float32(6.088874)],[np.float32(0.05349227)],0.05349227,6.088874,fixed,fixed
407794,426,6.842684,0.0,-0.7797449,-1.3574401,1,[np.float32(6.088874)],[np.float32(0.08446663)],0.08446663,6.088874,fixed,fixed
407794,428,4.8111362,0.0,-0.6180178,-0.574281,1,[np.float32(5.786329)],[np.float32(0.021990279)],0.021990279,6.18106,fixed,fixed
407794,430,4.8111362,0.0,-0.6237959,-0.8208317,1,[np.float32(5.786329)],[np.float32(0.048971288)],0.048971288,6.18106,fixed,fixed
407794,445,4.5525913,0.0,-0.6483404,-0.73577195,1,[np.float32(5.0934668)],[np.float32(0.0593831)],0.0593831,6.088874,fixed,fixed
407794,463,5.0301485,0.0,-0.62815416,-0.8949577,1,[np.float32(5.0934668)],[np.float32(0.078936815)],0.078936815,5.366584,fixed,fixed
407794,464,6.7248263,0.0,-0.79331744,-1.9018301,1,[np.float32(6.088874)],[np.float32(0.36320382)],0.36320382,6.088874,fixed,fixed
407794,467,5.786329,0.0,-0.7043085,-1.0053219,1,[np.float32(6.088874)],[np.float32(0.048188686)],0.048188686,4.8111362,fixed,fixed
407794,468,6.842684,0.0,-0.7797549,-1.3574401,1,[np.float32(6.088874)],[np.float32(0.08446663)],0.08446663,4.8111362,fixed,fixed
407794,476,6.9761195,0.0,-0.78777623,-1.4951938,1,[np.float32(5.0934668)],[np.float32(0.19394967)],0.19394967,5.0934668,fixed,fixed
407794,477,6.18106,0.0,-0.72635776,-1.0320394,1,[np.float32(5.0934668)],[np.float32(0.071924254)],0.071924254,6.088874,fixed,fixed
407794,480,6.5241694,0.0,-0.75569415,-1.5112611,1,[np.float32(5.0934668)],[np.float32(0.24319017)],0.24319017,5.0934668,fixed,fixed
407794,481,5.366584,0.0,-0.6834948,-1.0071028,1,[np.float32(5.0934668)],[np.float32(0.09535143)],0.09535143,5.0301485,fixed,fixed
418499,18,4.8111362,0.0,-0.6212669,-0.6409698,1,[np.float32(5.977319)],[np.float32(0.025133992)],0.025133992,7.5358305,fixed,fixed
418499,27,4.8111362,0.0,-0.62733126,-1.1321839,2,"[np.float32(5.2083592), np.float32(5.901499)]","[np.float32(0.0338484), np.float32(0.109549694)]",0.109549694,7.5358305,fixed,fixed
418499,30,4.5525913,0.0,-0.59608823,-0.93141055,1,[np.float32(5.2083592)],[np.float32(0.099425495)],0.099425495,6.214031,fixed,fixed
418499,36,5.0301485,0.0,-0.631173,-0.71397394,1,[np.float32(5.977319)],[np.float32(0.028986992)],0.028986992,5.1152887,fixed,fixed
418499,75,5.0934668,0.0,-0.706187,-0.8314453,1,[np.float32(5.5545464)],[np.float32(0.050411604)],0.050411604,6.5241694,fixed,fixed
418499,169,6.088874,0.0,-0.7355073,-1.0412372,1,[np.float32(5.2083592)],[np.float32(0.07279101)],0.07279101,4.5525913,fixed,fixed
418499,172,5.0934668,0.0,-0.7582945,-0.95802814,1,[np.float32(5.2083592)],[np.float32(0.087324865)],0.087324865,6.9761195,fixed,fixed
429627,11,5.901499,0.0,-0.7226517,-0.9446309,1,[np.float32(4.411208)],[np.float32(0.08816675)],0.08816675,4.411208,fixed,fixed
429627,14,7.1303654,0.0,-0.8069442,-1.1156284,1,[np.float32(4.411208)],[np.float32(0.083557665)],0.083557665,4.411208,fixed,fixed
429627,15,5.786329,0.0,-0.7048193,-0.80653757,1,[np.float32(4.411208)],[np.float32(0.060431734)],0.060431734,4.411208,fixed,fixed
429627,16,7.5358305,0.0,-0.83604264,-1.0160102,1,[np.float32(4.411208)],[np.float32(0.05052502)],0.05052502,4.411208,fixed,fixed
429627,18,4.8111362,0.0,-0.62237555,-0.58117676,1,[np.float32(4.411208)],[np.float32(0.044807605)],0.044807605,7.5358305,fixed,fixed
429627,20,6.842684,0.0,-0.7829998,-0.7849612,1,[np.float32(4.411208)],[np.float32(0.033946827)],0.033946827,4.8111362,fixed,fixed
429627,22,7.5358305,0.0,-0.821002,-1.2507834,1,[np.float32(4.411208)],[np.float32(0.10358117)],0.10358117,4.411208,fixed,fixed
429627,23,5.786329,0.0,-0.7068554,-0.43284288,1,[np.float32(4.411208)],[np.float32(0.01608032)],0.01608032,4.8111362,fixed,fixed
429627,24,7.5358305,0.0,-0.821002,-1.2507834,1,[np.float32(4.411208)],[np.float32(0.10358117)],0.10358117,4.411208,fixed,fixed
429627,27,4.8111362,0.0,-0.6236705,-0.34255204,1,[np.float32(4.411208)],[np.float32(0.017441027)],0.017441027,7.5358305,fixed,fixed
429627,78,6.214031,0.0,-0.73108464,-1.2203809,1,[np.float32(4.411208)],[np.float32(0.17334172)],0.17334172,4.411208,fixed,fixed
429627,80,5.977319,0.0,-0.72787076,-0.4965062,1,[np.float32(4.411208)],[np.float32(0.018846264)],0.018846264,6.088874,fixed,fixed
429627,81,5.877573,0.0,-0.7042743,-0.69803095,1,[np.float32(4.411208)],[np.float32(0.040589653)],0.040589653,5.184434,fixed,fixed
429627,82,7.5358305,0.0,-0.82122904,-1.2507834,1,[np.float32(4.411208)],[np.float32(0.10358117)],0.10358117,5.877573,fixed,fixed
429627,86,5.184434,0.0,-0.6640365,-1.4973623,1,[np.float32(7.1303654)],[np.float32(0.12464258)],0.12464258,6.7248263,fixed,fixed
429627,110,6.7248263,0.0,-0.7723836,-1.2602814,1,[np.float32(4.411208)],[np.float32(0.15543056)],0.15543056,4.411208,fixed,fixed
429627,111,5.977319,0.0,-0.7242054,-0.73127955,1,[np.float32(4.411208)],[np.float32(0.043234326)],0.043234326,4.411208,fixed,fixed
429627,113,5.877573,0.0,-0.76338625,-0.9366557,1,[np.float32(4.411208)],[np.float32(0.086986564)],0.086986564,6.9761195,fixed,fixed
429627,115,7.5358305,0.0,-0.833522,-1.0160102,1,[np.float32(4.411208)],[np.float32(0.05052502)],0.05052502,7.5358305,fixed,fixed
429627,116,6.214031,0.0,-0.74461156,-0.949105,1,[np.float32(4.411208)],[np.float32(0.077383995)],0.077383995,5.0934668,fixed,fixed
429627,120,5.0934668,0.0,-0.68330914,-0.67528695,1,[np.float32(4.411208)],[np.float32(0.054291654)],0.054291654,6.7248263,fixed,fixed
429627,139,6.214031,0.0,-0.72500885,-0.57541037,1,[np.float32(4.411208)],[np.float32(0.022515984)],0.022515984,4.5525913,fixed,fixed
429627,141,7.1303654,0.0,-0.79263777,-1.1156284,1,[np.float32(4.411208)],[np.float32(0.083557665)],0.083557665,5.0934668,fixed,fixed
429627,180,5.0934668,0.0,-0.67722356,-0.9160638,1,[np.float32(5.0934668)],[np.float32(0.08184193)],0.08184193,6.7248263,fixed,fixed
429627,192,5.184434,0.0,-0.6850254,-0.6998308,1,[np.float32(5.0934668)],[np.float32(0.04016033)],0.04016033,6.7248263,fixed,fixed
429627,205,5.184434,0.0,-0.6636893,-1.4973623,1,[np.float32(7.1303654)],[np.float32(0.12464258)],0.12464258,6.7248263,fixed,fixed
429627,238,5.0934668,0.0,-0.68235564,-0.73508,1,[np.float32(5.977319)],[np.float32(0.03016363)],0.03016363,6.7248263,fixed,fixed
429627,240,5.877573,0.0,-0.7370403,-0.99644876,1,[np.float32(5.977319)],[np.float32(0.04764821)],0.04764821,6.7248263,fixed,fixed
429627,267,6.214031,0.0,-0.7290038,-1.1858479,1,[np.float32(5.0934668)],[np.float32(0.111585006)],0.111585006,5.0934668,fixed,fixed
429627,269,7.5358305,0.0,-0.82778764,-1.2450897,1,[np.float32(5.0934668)],[np.float32(0.07239285)],0.07239285,7.5358305,fixed,fixed
429627,291,5.877573,0.0,-0.7457011,-0.6923372,1,[np.float32(5.0934668)],[np.float32(0.028311158)],0.028311158,6.7248263,fixed,fixed
429627,295,5.877573,0.0,-0.746713,-0.9457287,1,[np.float32(5.4253707)],[np.float32(0.053859804)],0.053859804,6.7248263,fixed,fixed
429627,297,5.4253707,0.0,-0.69331765,-0.5416031,1,[np.float32(5.0934668)],[np.float32(0.020732379)],0.020732379,8.228977,fixed,fixed
429627,300,7.1303654,0.0,-0.7917751,-1.3484745,1,[np.float32(5.0934668)],[np.float32(0.11897195)],0.11897195,5.0934668,fixed,fixed
429627,301,7.5358305,0.0,-0.81735575,-1.4836296,1,[np.float32(5.0934668)],[np.float32(0.14657553)],0.14657553,5.0934668,fixed,fixed
429627,302,5.5545464,0.0,-0.68404394,-0.8232016,1,[np.float32(5.0934668)],[np.float32(0.050411604)],0.050411604,5.0934668,fixed,fixed
429627,313,5.0099363,0.0,-0.6326963,-0.7072365,1,[np.float32(5.977319)],[np.float32(0.028617572)],0.028617572,5.184434,fixed,fixed
429627,350,4.45615,0.0,-0.61061674,-1.4853821,1,[np.float32(6.7248263)],[np.float32(0.15904854)],0.15904854,6.7248263,fixed,fixed
429627,356,6.842684,0.0,-0.7912968,-0.89081335,1,[np.float32(5.4253707)],[np.float32(0.028767666)],0.028767666,7.5358305,fixed,fixed
429627,368,5.284512,0.0,-0.7150692,-0.7331901,1,[np.float32(5.0934668)],[np.float32(0.04278246)],0.04278246,6.088874,fixed,fixed
429627,373,7.5358305,0.0,-0.83633095,-1.358078,1,[np.float32(5.4253707)],[np.float32(0.08591343)],0.08591343,7.5358305,fixed,fixed
429627,374,6.842684,0.0,-0.7903354,-0.89081335,1,[np.float32(5.4253707)],[np.float32(0.028767666)],0.028767666,7.5358305,fixed,fixed
429627,376,5.877573,0.0,-0.7423332,-0.9457287,1,[np.float32(5.4253707)],[np.float32(0.053859804)],0.053859804,6.9761195,fixed,fixed
429627,379,6.214031,0.0,-0.7333993,-1.4078817,1,[np.float32(5.0934668)],[np.float32(0.20743524)],0.20743524,5.0934668,fixed,fixed
429627,381,7.5358305,0.0,-0.8286704,-1.2450897,1,[np.float32(5.0934668)],[np.float32(0.07239285)],0.07239285,7.5358305,fixed,fixed
429627,398,6.7248263,0.0,-0.77013016,-1.5031306,1,[np.float32(5.0934668)],[np.float32(0.21994561)],0.21994561,5.0934668,fixed,fixed
429627,401,5.5545464,0.0,-0.70633084,-0.58466166,1,[np.float32(5.0934668)],[np.float32(0.022772891)],0.022772891,8.228977,fixed,fixed
429627,402,6.088874,0.0,-0.72145677,-1.0013107,1,[np.float32(5.0934668)],[np.float32(0.06837011)],0.06837011,4.5525913,fixed,fixed
429627,403,6.088874,0.0,-0.76332295,-0.76277083,1,[np.float32(5.0934668)],[np.float32(0.03232453)],0.03232453,6.7248263,fixed,fixed
429627,405,5.0934668,0.0,-0.6731962,-0.9160638,1,[np.float32(5.0934668)],[np.float32(0.08184193)],0.08184193,6.5241694,fixed,fixed
429627,412,7.1303654,0.0,-0.79183626,-1.3484745,1,[np.float32(5.0934668)],[np.float32(0.11897195)],0.11897195,5.0934668,fixed,fixed
429627,445,4.5525913,0.0,-0.6477318,-0.48921657,1,[np.float32(5.0934668)],[np.float32(0.025679354)],0.025679354,6.088874,fixed,fixed
459252,246,5.877573,0.0,-0.7463118,-1.3107322,1,[np.float32(7.5358305)],[np.float32(0.053509373)],0.053509373,6.7248263,broken,broken
459252,271,5.877573,0.0,-0.7381043,-1.3107322,1,[np.float32(7.5358305)],[np.float32(0.053509373)],0.053509373,6.7248263,broken,broken
459252,291,5.877573,0.0,-0.7457011,-1.4707679,1,[np.float32(6.842684)],[np.float32(0.11442152)],0.11442152,6.7248263,broken,broken
459252,315,8.228977,0.0,-0.8704356,-2.0945337,1,[np.float32(7.5358305)],[np.float32(0.17652911)],0.17652911,7.5358305,broken,broken
459252,316,6.842684,0.0,-0.7910573,-1.9148684,1,[np.float32(7.5358305)],[np.float32(0.17628156)],0.17628156,7.5358305,broken,broken
459252,323,6.842684,0.0,-0.79029906,-1.9148684,1,[np.float32(7.5358305)],[np.float32(0.17628156)],0.17628156,7.5358305,broken,broken
459252,324,7.5358305,0.0,-0.83797014,-1.8634847,1,[np.float32(7.5358305)],[np.float32(0.12459149)],0.12459149,7.5358305,broken,broken
459252,327,7.5358305,0.0,-0.8286371,-1.8634847,1,[np.float32(7.5358305)],[np.float32(0.12459149)],0.12459149,7.5358305,broken,broken
459252,328,6.357125,0.0,-0.74369,-1.4705828,1,[np.float32(7.5358305)],[np.float32(0.06852645)],0.06852645,5.0934668,broken,broken
459252,345,7.5358305,0.0,-0.8324192,-1.8634847,1,[np.float32(7.5358305)],[np.float32(0.12459149)],0.12459149,7.5358305,broken,broken
459252,346,6.214031,0.0,-0.7406875,-1.422885,1,[np.float32(7.5358305)],[np.float32(0.06367433)],0.06367433,4.45615,broken,broken
459252,376,5.877573,0.0,-0.7423332,-1.9591898,1,[np.float32(6.9761195)],[np.float32(0.28801104)],0.28801104,6.9761195,broken,broken
459252,377,5.4253707,0.0,-0.70381355,-0.9061293,1,[np.float32(6.842684)],[np.float32(0.028767666)],0.028767666,7.5358305,broken,broken
459252,378,7.5358305,0.0,-0.8465792,-1.8636626,1,[np.float32(6.842684)],[np.float32(0.17628156)],0.17628156,8.228977,broken,broken
459252,401,5.5545464,0.0,-0.706539,-0.9491878,1,[np.float32(6.842684)],[np.float32(0.030949712)],0.030949712,8.228977,broken,broken
459252,403,6.088874,0.0,-0.7652141,-1.5412015,1,[np.float32(6.842684)],[np.float32(0.12746923)],0.12746923,6.7248263,broken,broken
474273,36,5.0301485,0.0,-0.63041127,-0.8949577,1,[np.float32(5.0934668)],[np.float32(0.078936815)],0.078936815,5.1152887,fixed,fixed
474273,38,5.1152887,0.0,-0.64119995,-0.92333776,1,[np.float32(5.0934668)],[np.float32(0.08286201)],0.08286201,5.0301485,fixed,fixed
474273,42,6.842684,0.0,-0.78192735,-1.3574401,1,[np.float32(6.088874)],[np.float32(0.08446663)],0.08446663,4.8111362,fixed,fixed
474273,45,5.786329,0.0,-0.7073753,-1.0053219,1,[np.float32(6.088874)],[np.float32(0.048188686)],0.048188686,4.8111362,fixed,fixed
474273,48,4.5525913,0.0,-0.5916992,-0.73577195,1,[np.float32(5.0934668)],[np.float32(0.0593831)],0.0593831,6.088874,fixed,fixed
474273,51,6.088874,0.0,-0.7443498,-0.76277083,1,[np.float32(5.0934668)],[np.float32(0.03232453)],0.03232453,6.7248263,fixed,fixed
474273,59,6.088874,0.0,-0.74534166,-2.0296233,1,[np.float32(6.7248263)],[np.float32(0.36320382)],0.36320382,6.7248263,fixed,fixed
474273,66,5.901499,0.0,-0.710134,-0.93885237,1,[np.float32(5.0934668)],[np.float32(0.061586138)],0.061586138,6.088874,fixed,fixed
474273,74,6.5241694,0.0,-0.7657814,-1.5112611,1,[np.float32(5.0934668)],[np.float32(0.24319017)],0.24319017,5.0934668,fixed,fixed
474273,76,6.9761195,0.0,-0.7831094,-1.4951938,1,[np.float32(5.0934668)],[np.float32(0.19394967)],0.19394967,5.0934668,fixed,fixed
474273,77,5.5545464,0.0,-0.6822605,-0.8232016,1,[np.float32(5.0934668)],[np.float32(0.050411604)],0.050411604,5.0934668,fixed,fixed
474273,83,5.877573,0.0,-0.7090915,-0.79443073,1,[np.float32(6.088874)],[np.float32(0.02407378)],0.02407378,6.9761195,fixed,fixed
474273,85,6.842684,0.0,-0.7950926,-0.93440247,1,[np.float32(5.5545464)],[np.float32(0.030949712)],0.030949712,7.5358305,fixed,fixed
474273,86,5.184434,0.0,-0.6647439,-0.6998308,1,[np.float32(5.0934668)],[np.float32(0.04016033)],0.04016033,6.7248263,fixed,fixed
474273,89,7.5358305,0.0,-0.8137163,-1.4836296,1,[np.float32(5.0934668)],[np.float32(0.14657553)],0.14657553,5.0934668,fixed,fixed
474273,90,5.4253707,0.0,-0.69388235,-0.5416031,1,[np.float32(5.0934668)],[np.float32(0.020732379)],0.020732379,8.228977,fixed,fixed
474273,96,7.5358305,0.0,-0.8286085,-1.2450897,1,[np.float32(5.0934668)],[np.float32(0.07239285)],0.07239285,7.5358305,fixed,fixed
474273,97,6.214031,0.0,-0.73340476,-1.1858479,1,[np.float32(5.0934668)],[np.float32(0.111585006)],0.111585006,5.0934668,fixed,fixed
474273,98,7.5358305,0.0,-0.8593468,-1.3471832,1,[np.float32(6.088874)],[np.float32(0.059698556)],0.059698556,6.842684,fixed,fixed
474273,102,5.0934668,0.0,-0.688643,-0.9160638,1,[np.float32(5.0934668)],[np.float32(0.08184193)],0.08184193,6.7248263,fixed,fixed
474273,103,7.1303654,0.0,-0.7879904,-1.3484745,1,[np.float32(5.0934668)],[np.float32(0.11897195)],0.11897195,5.0934668,fixed,fixed
474273,113,5.877573,0.0,-0.762109,-0.8496461,1,[np.float32(5.5545464)],[np.float32(0.037488364)],0.037488364,6.9761195,fixed,fixed
474273,115,7.5358305,0.0,-0.83291256,-1.1654514,1,[np.float32(5.5545464)],[np.float32(0.045181643)],0.045181643,7.5358305,fixed,fixed
474273,116,6.214031,0.0,-0.7432409,-0.7248516,1,[np.float32(5.5545464)],[np.float32(0.021325735)],0.021325735,5.0934668,fixed,fixed
474273,121,6.7248263,0.0,-0.8056455,-1.9018301,1,[np.float32(6.088874)],[np.float32(0.36320382)],0.36320382,6.088874,fixed,fixed
474273,123,5.786329,0.0,-0.74631107,-1.1510593,1,[np.float32(6.088874)],[np.float32(0.07359712)],0.07359712,7.5358305,fixed,fixed
474273,125,5.877573,0.0,-0.707897,-0.79443073,1,[np.float32(6.088874)],[np.float32(0.02407378)],0.02407378,6.9761195,fixed,fixed
474273,126,7.5358305,0.0,-0.8377085,-1.3471832,1,[np.float32(6.088874)],[np.float32(0.059698556)],0.059698556,7.5358305,fixed,fixed
474273,127,6.842684,0.0,-0.7974887,-1.5031776,1,[np.float32(6.088874)],[np.float32(0.12746923)],0.12746923,7.5358305,fixed,fixed
474273,180,5.0934668,0.0,-0.67722356,-1.46704,1,[np.float32(7.1303654)],[np.float32(0.11897195)],0.11897195,6.7248263,fixed,fixed
474273,279,7.5358305,0.0,-0.8459054,-2.1458282,1,[np.float32(8.228977)],[np.float32(0.17652911)],0.17652911,8.228977,fixed,fixed
474273,293,5.0934668,0.0,-0.6709071,-1.46704,1,[np.float32(7.1303654)],[np.float32(0.11897195)],0.11897195,6.7248263,fixed,fixed
474273,297,5.4253707,0.0,-0.6941252,-1.4423414,1,[np.float32(8.228977)],[np.float32(0.060737602)],0.060737602,8.228977,fixed,fixed
474273,298,5.877573,0.0,-0.7462945,-1.5930758,1,[np.float32(8.228977)],[np.float32(0.07651761)],0.07651761,6.7248263,fixed,fixed
485537,12,4.411208,0.0,-0.5692437,-0.4409716,1,[np.float32(5.786329)],[np.float32(0.01608032)],0.01608032,6.214031,fixed,fixed
485537,18,4.8111362,0.0,-0.6212669,-0.8208317,1,[np.float32(5.786329)],[np.float32(0.048971288)],0.048971288,7.5358305,fixed,fixed
485537,21,6.088874,0.0,-0.744298,-1.0001935,1,[np.float32(5.786329)],[np.float32(0.048188686)],0.048188686,6.7248263,fixed,fixed
485537,102,5.0934668,0.0,-0.68732744,-1.2363725,1,[np.float32(6.214031)],[np.float32(0.111585006)],0.111585006,6.7248263,fixed,fixed
485537,164,5.0099363,0.0,-0.62899435,-1.3039526,2,"[np.float32(7.5358305), np.float32(5.877573)]","[np.float32(0.069318235), np.float32(0.057961278)]",0.069318235,5.184434,fixed,fixed
485537,165,5.0934668,0.0,-0.67240787,-1.697821,1,[np.float32(7.5358305)],[np.float32(0.14657553)],0.14657553,6.7248263,fixed,fixed
485537,192,5.184434,0.0,-0.6850254,-1.4616389,1,[np.float32(5.877573)],[np.float32(0.2165618)],0.2165618,6.7248263,fixed,fixed
485537,205,5.184434,0.0,-0.6636893,-0.8491098,1,[np.float32(6.214031)],[np.float32(0.036789175)],0.036789175,6.7248263,fixed,fixed
485537,214,5.977319,0.0,-0.73060787,-0.8706591,1,[np.float32(6.214031)],[np.float32(0.027491292)],0.027491292,7.5358305,fixed,fixed
485537,217,7.5358305,0.0,-0.85804117,-1.3901631,1,[np.float32(6.214031)],[np.float32(0.06367433)],0.06367433,6.842684,fixed,fixed
485537,221,5.0934668,0.0,-0.6929825,-1.5163164,1,[np.float32(6.214031)],[np.float32(0.20743524)],0.20743524,6.7248263,fixed,fixed
485537,246,5.877573,0.0,-0.74674726,-0.8374105,1,[np.float32(6.214031)],[np.float32(0.025936576)],0.025936576,6.7248263,fixed,fixed
485537,252,5.877573,0.0,-0.73603666,-1.9591898,1,[np.float32(6.7248263)],[np.float32(0.32661414)],0.32661414,6.7248263,fixed,fixed
485537,274,6.214031,0.0,-0.7312314,-1.0736886,1,[np.float32(5.877573)],[np.float32(0.054237153)],0.054237153,5.0934668,fixed,fixed
485537,281,5.0934668,0.0,-0.67770076,-1.697821,2,"[np.float32(5.877573), np.float32(6.7248263)]","[np.float32(0.06076004), np.float32(0.21994561)]",0.21994561,6.7248263,fixed,fixed
485537,284,7.5358305,0.0,-0.817294,-1.5142883,1,[np.float32(5.877573)],[np.float32(0.10823412)],0.10823412,5.0934668,fixed,fixed
485537,299,5.977319,0.0,-0.7232959,-0.9947844,1,[np.float32(5.877573)],[np.float32(0.04764821)],0.04764821,5.877573,fixed,fixed
485537,304,5.184434,0.0,-0.69509923,-1.2467588,1,[np.float32(5.877573)],[np.float32(0.13178323)],0.13178323,6.7248263,fixed,fixed
485537,392,5.877573,0.0,-0.7144076,-1.2096821,1,[np.float32(5.877573)],[np.float32(0.092942566)],0.092942566,5.184434,fixed,fixed
505928,48,4.5525913,0.0,-0.5916992,-0.48921657,1,[np.float32(5.0934668)],[np.float32(0.025679354)],0.025679354,6.088874,fixed,fixed
505928,51,6.088874,0.0,-0.7443498,-0.76277083,1,[np.float32(5.0934668)],[np.float32(0.03232453)],0.03232453,6.7248263,fixed,fixed
505928,75,5.0934668,0.0,-0.70618695,-0.9160638,1,[np.float32(5.0934668)],[np.float32(0.08184193)],0.08184193,6.5241694,fixed,fixed
505928,96,7.5358305,0.0,-0.82784766,-1.2450897,1,[np.float32(5.0934668)],[np.float32(0.07239285)],0.07239285,7.5358305,fixed,fixed
505928,97,6.214031,0.0,-0.7317498,-1.4078817,1,[np.float32(5.0934668)],[np.float32(0.20743524)],0.20743524,5.0934668,fixed,fixed
505928,101,6.842684,0.0,-0.7950926,-1.4268335,1,[np.float32(5.877573)],[np.float32(0.11442152)],0.11442152,7.5358305,fixed,fixed
505928,102,5.0934668,1.0,-0.96124846,-0.7001671,1,[np.float32(5.877573)],[np.float32(0.028311158)],0.028311158,6.7248263,fixed,fixed
505928,103,7.1303654,0.0,-0.7881097,-1.3484745,1,[np.float32(5.0934668)],[np.float32(0.11897195)],0.11897195,5.0934668,fixed,fixed
505928,104,5.5545464,0.0,-0.70780927,-0.58466166,1,[np.float32(5.0934668)],[np.float32(0.022772891)],0.022772891,8.228977,fixed,fixed
505928,105,6.088874,0.0,-0.7247231,-1.0013107,1,[np.float32(5.0934668)],[np.float32(0.06837011)],0.06837011,4.5525913,fixed,fixed
505928,107,5.284512,0.0,-0.68211687,-0.7331901,1,[np.float32(5.0934668)],[np.float32(0.04278246)],0.04278246,6.088874,fixed,fixed
505928,126,7.5358305,0.0,-0.8370089,-1.2750087,1,[np.float32(5.877573)],[np.float32(0.053509373)],0.053509373,7.5358305,fixed,fixed
505928,129,5.877573,0.0,-0.7463118,-0.7222562,1,[np.float32(5.877573)],[np.float32(0.02113925)],0.02113925,6.7248263,fixed,fixed
505928,135,5.877573,1.0,-0.9826959,-0.6923372,1,[np.float32(5.0934668)],[np.float32(0.028311158)],0.028311158,6.7248263,fixed,fixed
505928,136,5.786329,0.0,-0.70968145,-1.0747151,1,[np.float32(5.877573)],[np.float32(0.06569621)],0.06569621,8.228977,fixed,fixed
505928,138,7.5358305,0.0,-0.8683417,-1.2750087,1,[np.float32(5.877573)],[np.float32(0.053509373)],0.053509373,8.228977,fixed,fixed
505928,161,5.877573,0.0,-0.74766415,-0.7222562,1,[np.float32(5.877573)],[np.float32(0.02113925)],0.02113925,6.7248263,fixed,fixed
505928,165,5.0934668,0.0,-0.67240787,-0.9160638,2,"[np.float32(5.786329), np.float32(5.0934668)]","[np.float32(0.05768841), np.float32(0.08184193)]",0.08184193,6.7248263,fixed,fixed
505928,197,6.7248263,0.0,-0.7677881,-1.5031306,1,[np.float32(5.0934668)],[np.float32(0.21994561)],0.21994561,5.0934668,fixed,fixed
505928,198,5.5545464,0.0,-0.68331546,-0.8232016,1,[np.float32(5.0934668)],[np.float32(0.050411604)],0.050411604,5.0934668,fixed,fixed
505928,205,5.184434,0.0,-0.6644309,-0.6998308,1,[np.float32(5.0934668)],[np.float32(0.04016033)],0.04016033,6.7248263,fixed,fixed
505928,208,7.5358305,0.0,-0.8155923,-1.4836296,1,[np.float32(5.0934668)],[np.float32(0.14657553)],0.14657553,5.0934668,fixed,fixed
505928,209,5.4253707,0.0,-0.6944408,-0.5416031,1,[np.float32(5.0934668)],[np.float32(0.020732379)],0.020732379,8.228977,fixed,fixed
505928,213,6.7248263,0.0,-0.78898627,-1.809466,1,[np.float32(5.877573)],[np.float32(0.32661414)],0.32661414,5.877573,fixed,fixed
505928,214,5.977319,0.0,-0.73148906,-0.9947844,1,[np.float32(5.877573)],[np.float32(0.04764821)],0.04764821,7.5358305,fixed,fixed
505928,215,7.5358305,0.0,-0.82951224,-1.2450897,1,[np.float32(5.0934668)],[np.float32(0.07239285)],0.07239285,7.5358305,fixed,fixed
505928,216,6.214031,0.0,-0.7354218,-1.1858479,1,[np.float32(5.0934668)],[np.float32(0.111585006)],0.111585006,5.0934668,fixed,fixed
505928,218,6.214031,0.0,-0.7297028,-0.83440894,1,[np.float32(5.877573)],[np.float32(0.025936576)],0.025936576,5.284512,fixed,fixed
505928,219,8.228977,0.0,-0.871265,-1.5060576,1,[np.float32(5.877573)],[np.float32(0.07651761)],0.07651761,7.5358305,fixed,fixed
505928,220,6.842684,0.0,-0.79312706,-1.4268335,1,[np.float32(5.877573)],[np.float32(0.11442152)],0.11442152,7.5358305,fixed,fixed
505928,221,5.0934668,0.0,-0.6899358,-0.9160638,2,"[np.float32(5.0934668), np.float32(5.877573)]","[np.float32(0.08184193), np.float32(0.028311158)]",0.08184193,6.7248263,fixed,fixed
505928,222,7.1303654,0.0,-0.7895126,-1.3484745,1,[np.float32(5.0934668)],[np.float32(0.11897195)],0.11897195,5.0934668,fixed,fixed
505928,226,5.284512,0.0,-0.6818721,-0.7320729,1,[np.float32(5.786329)],[np.float32(0.030146634)],0.030146634,6.088874,fixed,fixed
505928,249,6.842684,0.0,-0.7905878,-1.0129257,1,[np.float32(5.786329)],[np.float32(0.03519518)],0.03519518,7.5358305,fixed,fixed
505928,252,5.877573,0.0,-0.73603666,-1.0725757,1,[np.float32(5.786329)],[np.float32(0.06569621)],0.06569621,6.7248263,fixed,fixed
505928,254,8.228977,0.0,-0.8715128,-1.4750236,1,[np.float32(5.786329)],[np.float32(0.07304597)],0.07304597,7.5358305,fixed,fixed
505928,274,6.214031,0.0,-0.7312314,-1.1858479,1,[np.float32(5.0934668)],[np.float32(0.111585006)],0.111585006,5.0934668,fixed,fixed
505928,275,7.5358305,0.0,-0.8280676,-1.2450897,1,[np.float32(5.0934668)],[np.float32(0.07239285)],0.07239285,7.5358305,fixed,fixed
505928,277,5.877573,0.0,-0.74739885,-0.6923372,1,[np.float32(5.0934668)],[np.float32(0.028311158)],0.028311158,6.7248263,fixed,fixed
505928,280,5.877573,0.0,-0.71108824,-0.93087715,1,[np.float32(5.0934668)],[np.float32(0.06076004)],0.06076004,5.184434,fixed,fixed
505928,282,7.1303654,0.0,-0.79200506,-1.3484745,1,[np.float32(5.0934668)],[np.float32(0.11897195)],0.11897195,5.0934668,fixed,fixed
505928,283,5.977319,0.0,-0.72262985,-0.9641257,1,[np.float32(5.0934668)],[np.float32(0.06426283)],0.06426283,5.0934668,fixed,fixed
505928,284,7.5358305,0.0,-0.8180201,-1.4836296,1,[np.float32(5.0934668)],[np.float32(0.14657553)],0.14657553,5.0934668,fixed,fixed
505928,299,5.977319,0.0,-0.72298497,-0.72558576,1,[np.float32(5.0934668)],[np.float32(0.03016363)],0.03016363,5.877573,fixed,fixed
505928,330,6.214031,0.0,-0.72817284,-0.8044899,1,[np.float32(5.0934668)],[np.float32(0.034869)],0.034869,5.284512,fixed,fixed
505928,338,4.5525913,0.0,-0.60752267,-0.48921657,1,[np.float32(5.0934668)],[np.float32(0.025679354)],0.025679354,6.214031,fixed,fixed
505928,340,7.5358305,0.0,-0.81566393,-1.2450897,1,[np.float32(5.0934668)],[np.float32(0.07239285)],0.07239285,4.5525913,fixed,fixed
505928,363,6.7248263,0.0,-0.76954687,-1.5031306,1,[np.float32(5.0934668)],[np.float32(0.21994561)],0.21994561,5.0934668,fixed,fixed
505928,365,5.786329,0.0,-0.7105247,-0.9004624,1,[np.float32(5.0934668)],[np.float32(0.05768841)],0.05768841,6.088874,fixed,fixed
505928,386,6.214031,0.0,-0.7342086,-1.4078817,1,[np.float32(5.0934668)],[np.float32(0.20743524)],0.20743524,5.0934668,fixed,fixed
505928,387,7.5358305,0.0,-0.82852554,-1.2450897,1,[np.float32(5.0934668)],[np.float32(0.07239285)],0.07239285,7.5358305,fixed,fixed
505928,389,5.877573,0.0,-0.747346,-0.6923372,1,[np.float32(5.0934668)],[np.float32(0.028311158)],0.028311158,6.9761195,fixed,fixed
505928,392,5.877573,0.0,-0.7128928,-1.5931648,1,[np.float32(7.5358305)],[np.float32(0.10823412)],0.10823412,5.184434,fixed,fixed
505928,393,4.411208,0.0,-0.6084107,-1.4704014,2,"[np.float32(5.0934668), np.float32(7.5358305)]","[np.float32(0.054291654), np.float32(0.10358117)]",0.10358117,6.214031,fixed,fixed
505928,394,7.1303654,0.0,-0.7915418,-1.3484745,1,[np.float32(5.0934668)],[np.float32(0.11897195)],0.11897195,5.0934668,fixed,fixed
505928,416,5.184434,0.0,-0.6923108,-0.6432058,1,[np.float32(5.625983)],[np.float32(0.025467675)],0.025467675,4.8615465,fixed,fixed
542618,30,4.5525913,0.0,-0.59375,-0.6052942,1,[np.float32(5.4253707)],[np.float32(0.032927886)],0.032927886,6.214031,broken,broken
542618,36,5.0301485,0.0,-0.63041127,-0.8949577,1,[np.float32(5.0934668)],[np.float32(0.078936815)],0.078936815,5.1152887,broken,broken
542618,38,5.1152887,0.0,-0.64119995,-0.92333776,1,[np.float32(5.0934668)],[np.float32(0.08286201)],0.08286201,5.0301485,broken,broken
542618,43,6.088874,0.0,-0.7441183,-1.3811659,1,[np.float32(7.5358305)],[np.float32(0.059698556)],0.059698556,6.7248263,broken,broken
542618,48,4.5525913,0.0,-0.5916992,-0.73577195,1,[np.float32(5.0934668)],[np.float32(0.0593831)],0.0593831,6.088874,broken,broken
542618,50,6.842684,0.0,-0.7819394,-1.3574401,1,[np.float32(6.088874)],[np.float32(0.08446663)],0.08446663,6.088874,broken,broken
542618,51,6.088874,1.0,-0.98978883,-0.76277083,1,[np.float32(5.0934668)],[np.float32(0.03232453)],0.03232453,6.7248263,broken,broken
542618,53,5.786329,0.0,-0.7070028,-1.0053219,1,[np.float32(6.088874)],[np.float32(0.048188686)],0.048188686,6.088874,broken,broken
542618,60,4.951692,0.0,-0.63997406,-0.7383278,1,[np.float32(5.4253707)],[np.float32(0.042770606)],0.042770606,5.2083592,broken,broken
542618,66,5.901499,0.0,-0.710134,-0.93885237,1,[np.float32(5.0934668)],[np.float32(0.061586138)],0.061586138,6.088874,broken,broken
542618,74,6.5241694,0.0,-0.7657814,-1.5112611,1,[np.float32(5.0934668)],[np.float32(0.24319017)],0.24319017,5.0934668,broken,broken
542618,75,5.0934668,1.0,-0.94663656,-0.7743678,1,[np.float32(6.088874)],[np.float32(0.03232453)],0.03232453,6.5241694,broken,broken
542618,76,6.9761195,0.0,-0.7831094,-1.4951938,1,[np.float32(5.0934668)],[np.float32(0.19394967)],0.19394967,5.0934668,broken,broken
542618,77,5.5545464,0.0,-0.6822605,-0.8232016,1,[np.float32(5.0934668)],[np.float32(0.050411604)],0.050411604,5.0934668,broken,broken
542618,86,5.184434,0.0,-0.6647439,-0.6998308,1,[np.float32(5.0934668)],[np.float32(0.04016033)],0.04016033,6.7248263,broken,broken
542618,89,7.5358305,0.0,-0.8137163,-1.4836296,1,[np.float32(5.0934668)],[np.float32(0.14657553)],0.14657553,5.0934668,broken,broken
542618,90,5.4253707,0.0,-0.69388235,-0.5416031,1,[np.float32(5.0934668)],[np.float32(0.020732379)],0.020732379,8.228977,broken,broken
542618,94,6.7248263,0.0,-0.8056455,-1.9018301,1,[np.float32(6.088874)],[np.float32(0.36320382)],0.36320382,6.088874,broken,broken
542618,95,5.977319,0.0,-0.73399884,-1.0689851,1,[np.float32(6.088874)],[np.float32(0.05349227)],0.05349227,7.5358305,broken,broken
542618,96,7.5358305,0.0,-0.8286085,-1.2450897,1,[np.float32(5.0934668)],[np.float32(0.07239285)],0.07239285,7.5358305,broken,broken
542618,97,6.214031,0.0,-0.73340476,-1.1858479,1,[np.float32(5.0934668)],[np.float32(0.111585006)],0.111585006,5.0934668,broken,broken
542618,99,6.214031,0.0,-0.7307902,-0.9065835,1,[np.float32(6.088874)],[np.float32(0.029311275)],0.029311275,4.5525913,broken,broken
542618,100,8.228977,0.0,-0.87264556,-1.5782322,1,[np.float32(6.088874)],[np.float32(0.08518146)],0.08518146,7.5358305,broken,broken
542618,101,6.842684,0.0,-0.7974887,-1.5031776,1,[np.float32(6.088874)],[np.float32(0.12746923)],0.12746923,7.5358305,broken,broken
542618,102,5.0934668,0.0,-0.68913674,-0.9160638,2,"[np.float32(6.088874), np.float32(5.0934668)]","[np.float32(0.03232453), np.float32(0.08184193)]",0.08184193,6.7248263,broken,broken
542618,103,7.1303654,0.0,-0.7879904,-1.3484745,1,[np.float32(5.0934668)],[np.float32(0.11897195)],0.11897195,5.0934668,broken,broken
542618,106,7.5358305,0.0,-0.85599244,-1.8634847,1,[np.float32(7.5358305)],[np.float32(0.12459149)],0.12459149,8.228977,broken,broken
542618,127,6.842684,0.0,-0.7950926,-1.4268335,1,[np.float32(5.877573)],[np.float32(0.11442152)],0.11442152,7.5358305,broken,broken
542618,129,5.877573,0.0,-0.7463118,-0.7222562,1,[np.float32(5.877573)],[np.float32(0.02113925)],0.02113925,6.7248263,broken,broken
542618,130,5.4253707,0.0,-0.7054124,-1.4424306,1,[np.float32(7.5358305)],[np.float32(0.08591343)],0.08591343,7.5358305,broken,broken
542618,131,7.5358305,0.0,-0.84546125,-1.8634847,1,[np.float32(7.5358305)],[np.float32(0.12459149)],0.12459149,6.842684,broken,broken
542618,135,5.877573,0.0,-0.7365797,-1.3107322,1,[np.float32(7.5358305)],[np.float32(0.053509373)],0.053509373,6.7248263,broken,broken
542618,145,7.5358305,0.0,-0.83797747,-1.2750087,1,[np.float32(5.877573)],[np.float32(0.053509373)],0.053509373,7.5358305,broken,broken
542618,148,5.877573,0.0,-0.7450183,-0.7222562,1,[np.float32(5.877573)],[np.float32(0.02113925)],0.02113925,6.7248263,broken,broken
542618,151,6.357125,0.0,-0.7607224,-1.2335458,1,[np.float32(5.0934668)],[np.float32(0.12033005)],0.12033005,5.0934668,broken,broken
542618,153,7.5358305,0.0,-0.8382065,-1.2450897,1,[np.float32(5.0934668)],[np.float32(0.07239285)],0.07239285,7.5358305,broken,broken
542618,156,5.786329,0.0,-0.74627256,-1.0747151,1,[np.float32(5.877573)],[np.float32(0.06569621)],0.06569621,7.5358305,broken,broken
542618,157,7.5358305,0.0,-0.86089414,-1.2750087,1,[np.float32(5.877573)],[np.float32(0.053509373)],0.053509373,6.842684,broken,broken
542618,161,5.877573,0.0,-0.7476652,-0.7222562,1,[np.float32(5.877573)],[np.float32(0.02113925)],0.02113925,6.7248263,broken,broken
542618,172,5.0934668,0.0,-0.7570314,-1.0388595,2,"[np.float32(5.0934668), np.float32(5.4253707)]","[np.float32(0.08184193), np.float32(0.098482996)]",0.098482996,6.9761195,broken,broken
542618,177,5.877573,0.0,-0.7442848,-0.6923372,1,[np.float32(5.0934668)],[np.float32(0.028311158)],0.028311158,6.7248263,broken,broken
542618,179,5.184434,0.0,-0.6709613,-0.6998308,1,[np.float32(5.0934668)],[np.float32(0.04016033)],0.04016033,6.9761195,broken,broken
542618,182,5.877573,0.0,-0.74706304,-0.7222562,1,[np.float32(5.877573)],[np.float32(0.02113925)],0.02113925,6.7248263,broken,broken
542618,184,5.4253707,0.0,-0.6923864,-0.5416031,1,[np.float32(5.0934668)],[np.float32(0.020732379)],0.020732379,8.228977,broken,broken
542618,188,7.1303654,0.0,-0.78706914,-1.3484745,1,[np.float32(5.0934668)],[np.float32(0.11897195)],0.11897195,5.0934668,broken,broken
542618,189,7.5358305,0.0,-0.81643367,-1.4836296,1,[np.float32(5.0934668)],[np.float32(0.14657553)],0.14657553,5.0934668,broken,broken
542618,190,5.5545464,0.0,-0.68396616,-0.8232016,1,[np.float32(5.0934668)],[np.float32(0.050411604)],0.050411604,5.0934668,broken,broken
542618,204,6.842684,0.0,-0.7910573,-1.4268335,1,[np.float32(5.877573)],[np.float32(0.11442152)],0.11442152,7.5358305,broken,broken
542618,205,5.184434,0.0,-0.6636893,-0.7304895,1,[np.float32(5.877573)],[np.float32(0.029987883)],0.029987883,6.7248263,broken,broken
542618,217,7.5358305,0.0,-0.8579481,-1.2750087,1,[np.float32(5.877573)],[np.float32(0.053509373)],0.053509373,6.842684,broken,broken
542618,233,7.5358305,0.0,-0.8307908,-1.2750087,1,[np.float32(5.877573)],[np.float32(0.053509373)],0.053509373,7.5358305,broken,broken
542618,234,6.214031,0.0,-0.7411569,-0.83440894,1,[np.float32(5.877573)],[np.float32(0.025936576)],0.025936576,5.0934668,broken,broken
542618,239,6.7248263,0.0,-0.78935796,-1.809466,1,[np.float32(5.877573)],[np.float32(0.32661414)],0.32661414,5.877573,broken,broken
542618,241,5.786329,0.0,-0.74413407,-1.0747151,2,"[np.float32(5.877573), np.float32(5.877573)]","[np.float32(0.06569621), np.float32(0.06569621)]",0.06569621,7.5358305,broken,broken
542618,242,7.5358305,0.0,-0.8667384,-1.2750087,1,[np.float32(5.877573)],[np.float32(0.053509373)],0.053509373,8.228977,broken,broken
542618,243,7.5358305,0.0,-0.83630455,-1.2750087,1,[np.float32(5.877573)],[np.float32(0.053509373)],0.053509373,7.5358305,broken,broken
542618,244,6.842684,0.0,-0.7932607,-1.4268335,1,[np.float32(5.877573)],[np.float32(0.11442152)],0.11442152,7.5358305,broken,broken
542618,246,5.877573,0.0,-0.74665976,-0.7222562,1,[np.float32(5.877573)],[np.float32(0.02113925)],0.02113925,6.7248263,broken,broken
542618,256,5.284512,0.0,-0.71738905,-0.7331901,1,[np.float32(5.0934668)],[np.float32(0.04278246)],0.04278246,6.088874,broken,broken
542618,264,5.877573,0.0,-0.745361,-0.7222562,1,[np.float32(5.877573)],[np.float32(0.02113925)],0.02113925,6.7248263,broken,broken
542618,267,6.214031,0.0,-0.7333872,-1.4078817,1,[np.float32(5.0934668)],[np.float32(0.20743524)],0.20743524,5.0934668,broken,broken
542618,269,7.5358305,0.0,-0.8286071,-1.2450897,1,[np.float32(5.0934668)],[np.float32(0.07239285)],0.07239285,7.5358305,broken,broken
542618,286,6.7248263,0.0,-0.76988107,-1.5031306,1,[np.float32(5.0934668)],[np.float32(0.21994561)],0.21994561,5.0934668,broken,broken
542618,289,5.5545464,0.0,-0.70624566,-0.58466166,1,[np.float32(5.0934668)],[np.float32(0.022772891)],0.022772891,8.228977,broken,broken
542618,290,6.088874,0.0,-0.7226151,-1.0013107,1,[np.float32(5.0934668)],[np.float32(0.06837011)],0.06837011,5.284512,broken,broken
542618,291,5.877573,0.0,-0.74614704,-0.6923372,1,[np.float32(5.0934668)],[np.float32(0.028311158)],0.028311158,6.7248263,broken,broken
542618,293,5.0934668,0.0,-0.67241293,-0.9160638,1,[np.float32(5.0934668)],[np.float32(0.08184193)],0.08184193,6.7248263,broken,broken
542618,300,7.1303654,0.0,-0.79176646,-1.3484745,1,[np.float32(5.0934668)],[np.float32(0.11897195)],0.11897195,5.0934668,broken,broken
542618,311,6.7248263,0.0,-0.7886535,-1.809466,1,[np.float32(5.877573)],[np.float32(0.32661414)],0.32661414,5.877573,broken,broken
542618,312,5.977319,0.0,-0.72484034,-0.9947844,1,[np.float32(5.877573)],[np.float32(0.04764821)],0.04764821,5.877573,broken,broken
542618,315,8.228977,0.0,-0.8712118,-1.5060576,1,[np.float32(5.877573)],[np.float32(0.07651761)],0.07651761,7.5358305,broken,broken
542618,316,6.842684,0.0,-0.79300755,-1.4268335,1,[np.float32(5.877573)],[np.float32(0.11442152)],0.11442152,7.5358305,broken,broken
542618,317,5.184434,0.0,-0.65105003,-0.7304895,1,[np.float32(5.877573)],[np.float32(0.029987883)],0.029987883,6.9761195,broken,broken
542618,368,5.284512,0.0,-0.71506715,-0.7331901,1,[np.float32(5.0934668)],[np.float32(0.04278246)],0.04278246,6.088874,broken,broken
550449,107,5.284512,0.0,-0.68137205,-1.0498244,1,[np.float32(5.284512)],[np.float32(0.10120408)],0.10120408,6.088874,broken,broken
550449,135,5.877573,0.0,-0.7356486,-1.4707679,1,[np.float32(6.842684)],[np.float32(0.11442152)],0.11442152,6.7248263,broken,broken
550449,165,5.0934668,0.0,-0.67240787,-0.73604125,1,[np.float32(5.284512)],[np.float32(0.04278246)],0.04278246,6.7248263,broken,broken
550449,192,5.184434,0.0,-0.6850254,-0.81590843,1,[np.float32(5.4253707)],[np.float32(0.049271513)],0.049271513,6.7248263,broken,broken
550449,218,6.214031,0.0,-0.72925425,-1.2541078,1,[np.float32(5.284512)],[np.float32(0.123305775)],0.123305775,5.284512,broken,broken
550449,221,5.0934668,0.0,-0.68816906,-0.73604125,1,[np.float32(5.284512)],[np.float32(0.04278246)],0.04278246,6.7248263,broken,broken
550449,223,5.5545464,0.0,-0.707936,-0.9491878,1,[np.float32(6.842684)],[np.float32(0.030949712)],0.030949712,8.228977,broken,broken
550449,224,6.088874,0.0,-0.724727,-1.3179449,1,[np.float32(5.284512)],[np.float32(0.15505402)],0.15505402,5.284512,broken,broken
550449,225,7.5358305,0.0,-0.8583937,-1.8636626,1,[np.float32(6.842684)],[np.float32(0.17628156)],0.17628156,8.228977,broken,broken
550449,227,6.088501,0.0,-0.73528844,-0.82753754,1,[np.float32(5.284512)],[np.float32(0.03622828)],0.03622828,5.284512,broken,broken
550449,228,7.5358305,0.0,-0.8157157,-1.5501624,1,[np.float32(5.284512)],[np.float32(0.1614404)],0.1614404,5.284512,broken,broken
550449,247,5.4253707,0.0,-0.7043476,-0.9061293,1,[np.float32(6.842684)],[np.float32(0.028767666)],0.028767666,7.5358305,broken,broken
550449,250,7.5358305,0.0,-0.8380801,-1.8634847,1,[np.float32(7.5358305)],[np.float32(0.12459149)],0.12459149,7.5358305,broken,broken
550449,252,5.877573,0.0,-0.73823005,-1.4707679,1,[np.float32(6.842684)],[np.float32(0.11442152)],0.11442152,6.7248263,broken,broken
550449,253,5.786329,0.0,-0.7090062,-0.7268135,1,[np.float32(5.284512)],[np.float32(0.030146634)],0.030146634,8.228977,broken,broken
550449,267,6.214031,0.0,-0.7290038,-1.422885,1,[np.float32(7.5358305)],[np.float32(0.06367433)],0.06367433,5.0934668,broken,broken
550449,268,6.842684,0.0,-0.79037875,-1.9148684,1,[np.float32(7.5358305)],[np.float32(0.17628156)],0.17628156,7.5358305,broken,broken
550449,269,7.5358305,0.0,-0.82778764,-1.8634847,1,[np.float32(7.5358305)],[np.float32(0.12459149)],0.12459149,7.5358305,broken,broken
550449,271,5.877573,0.0,-0.7381043,-1.3107322,1,[np.float32(7.5358305)],[np.float32(0.053509373)],0.053509373,6.7248263,broken,broken
550449,276,6.842684,0.0,-0.7903873,-0.89081335,1,[np.float32(5.4253707)],[np.float32(0.028767666)],0.028767666,7.5358305,broken,broken
550449,293,5.0934668,0.0,-0.6709071,-0.54395676,1,[np.float32(5.4253707)],[np.float32(0.020732379)],0.020732379,6.7248263,broken,broken
550449,295,5.877573,0.0,-0.746713,-1.4707679,2,"[np.float32(5.4253707), np.float32(6.842684)]","[np.float32(0.053859804), np.float32(0.11442152)]",0.11442152,6.7248263,broken,broken
550449,296,8.228977,0.0,-0.8708322,-1.3529111,1,[np.float32(5.4253707)],[np.float32(0.060737602)],0.060737602,7.5358305,broken,broken
550449,330,6.214031,0.0,-0.7322669,-1.4808785,1,[np.float32(5.284512)],[np.float32(0.22865157)],0.22865157,5.284512,broken,broken
550449,333,5.0934668,0.0,-0.68579197,-0.73604125,1,[np.float32(5.284512)],[np.float32(0.04278246)],0.04278246,6.9761195,broken,broken
550449,336,6.088874,0.0,-0.7269447,-1.5052582,1,[np.float32(5.284512)],[np.float32(0.2540094)],0.2540094,5.284512,broken,broken
550449,338,4.5525913,0.0,-0.60832417,-0.80585074,1,[np.float32(5.284512)],[np.float32(0.0667954)],0.0667954,6.214031,broken,broken
550449,384,5.786329,0.0,-0.7434667,-1.0264486,1,[np.float32(6.842684)],[np.float32(0.03519518)],0.03519518,7.5358305,broken,broken
550449,385,7.5358305,0.0,-0.8597145,-1.8636626,1,[np.float32(6.842684)],[np.float32(0.17628156)],0.17628156,6.842684,broken,broken
550449,404,5.977319,0.0,-0.7406265,-1.090112,1,[np.float32(6.842684)],[np.float32(0.03904639)],0.03904639,7.5358305,broken,broken
550449,407,5.877573,0.0,-0.74867475,-1.4707679,1,[np.float32(6.842684)],[np.float32(0.11442152)],0.11442152,6.9761195,broken,broken
550449,416,5.184434,0.0,-0.6923108,-1.0929221,1,[np.float32(5.487917)],[np.float32(0.10704957)],0.10704957,4.8615465,broken,broken
550449,470,4.8615465,0.0,-0.6230365,-1.2697747,1,[np.float32(5.487917)],[np.float32(0.18501784)],0.18501784,5.184434,broken,broken
558512,48,4.5525913,0.0,-0.5916992,-0.48921657,1,[np.float32(5.0934668)],[np.float32(0.025679354)],0.025679354,6.088874,fixed,fixed
558512,51,6.088874,0.0,-0.7443498,-0.76277083,1,[np.float32(5.0934668)],[np.float32(0.03232453)],0.03232453,6.7248263,fixed,fixed
558512,57,4.45615,0.0,-0.5796101,-1.1195351,2,"[np.float32(6.842684), np.float32(5.786329)]","[np.float32(0.073229), np.float32(0.03937889)]",0.073229,6.7248263,fixed,fixed
558512,59,6.088874,0.0,-0.7468774,-1.3813437,1,[np.float32(6.842684)],[np.float32(0.08446663)],0.08446663,6.7248263,fixed,fixed
558512,60,4.951692,0.0,-0.64104986,-1.0022831,1,[np.float32(6.842684)],[np.float32(0.046202783)],0.046202783,5.2083592,fixed,fixed
558512,75,5.0934668,0.0,-0.70618695,-0.9160638,1,[np.float32(5.0934668)],[np.float32(0.08184193)],0.08184193,6.5241694,fixed,fixed
558512,96,7.5358305,0.0,-0.82784766,-1.2450897,1,[np.float32(5.0934668)],[np.float32(0.07239285)],0.07239285,7.5358305,fixed,fixed
558512,97,6.214031,0.0,-0.7317498,-1.4078817,1,[np.float32(5.0934668)],[np.float32(0.20743524)],0.20743524,5.0934668,fixed,fixed
558512,103,7.1303654,0.0,-0.7881097,-1.3484745,1,[np.float32(5.0934668)],[np.float32(0.11897195)],0.11897195,5.0934668,fixed,fixed
558512,104,5.5545464,0.0,-0.70780927,-0.58466166,1,[np.float32(5.0934668)],[np.float32(0.022772891)],0.022772891,8.228977,fixed,fixed
558512,105,6.088874,0.0,-0.7247231,-1.0013107,1,[np.float32(5.0934668)],[np.float32(0.06837011)],0.06837011,4.5525913,fixed,fixed
558512,107,5.284512,0.0,-0.68211687,-0.7331901,2,"[np.float32(5.0934668), np.float32(5.786329)]","[np.float32(0.04278246), np.float32(0.030146634)]",0.04278246,6.088874,fixed,fixed
558512,125,5.877573,0.0,-0.70741165,-1.9591898,1,[np.float32(6.9761195)],[np.float32(0.28801104)],0.28801104,6.9761195,fixed,fixed
558512,132,6.842684,0.0,-0.7912479,-1.0129257,1,[np.float32(5.786329)],[np.float32(0.03519518)],0.03519518,7.5358305,fixed,fixed
558512,135,5.877573,0.0,-0.7361058,-1.0725757,2,"[np.float32(5.0934668), np.float32(5.786329)]","[np.float32(0.028311158), np.float32(0.06569621)]",0.06569621,6.7248263,fixed,fixed
558512,137,8.228977,0.0,-0.8716614,-1.4750236,1,[np.float32(5.786329)],[np.float32(0.07304597)],0.07304597,7.5358305,fixed,fixed
558512,197,6.7248263,0.0,-0.7677881,-1.5031306,1,[np.float32(5.0934668)],[np.float32(0.21994561)],0.21994561,5.0934668,fixed,fixed
558512,198,5.5545464,0.0,-0.68331546,-0.8232016,1,[np.float32(5.0934668)],[np.float32(0.050411604)],0.050411604,5.0934668,fixed,fixed
558512,205,5.184434,0.0,-0.6644309,-0.6998308,1,[np.float32(5.0934668)],[np.float32(0.04016033)],0.04016033,6.7248263,fixed,fixed
558512,208,7.5358305,0.0,-0.8155923,-1.4836296,1,[np.float32(5.0934668)],[np.float32(0.14657553)],0.14657553,5.0934668,fixed,fixed
558512,209,5.4253707,0.0,-0.6944408,-0.5416031,1,[np.float32(5.0934668)],[np.float32(0.020732379)],0.020732379,8.228977,fixed,fixed
558512,215,7.5358305,0.0,-0.82951224,-1.2450897,1,[np.float32(5.0934668)],[np.float32(0.07239285)],0.07239285,7.5358305,fixed,fixed
558512,216,6.214031,0.0,-0.7354218,-1.1858479,1,[np.float32(5.0934668)],[np.float32(0.111585006)],0.111585006,5.0934668,fixed,fixed
558512,221,5.0934668,0.0,-0.68953675,-0.9160638,1,[np.float32(5.0934668)],[np.float32(0.08184193)],0.08184193,6.7248263,fixed,fixed
558512,222,7.1303654,0.0,-0.7895126,-1.3484745,1,[np.float32(5.0934668)],[np.float32(0.11897195)],0.11897195,5.0934668,fixed,fixed
558512,383,6.088874,0.0,-0.7553851,-1.0001935,1,[np.float32(5.786329)],[np.float32(0.048188686)],0.048188686,6.7248263,fixed,fixed
558512,428,4.8111362,0.0,-0.6180178,-0.574281,1,[np.float32(5.786329)],[np.float32(0.021990279)],0.021990279,6.18106,fixed,fixed
558512,430,4.8111362,0.0,-0.6237959,-0.8208317,1,[np.float32(5.786329)],[np.float32(0.048971288)],0.048971288,6.18106,fixed,fixed
579982,102,5.0934668,0.0,-0.68732744,-0.54395676,1,[np.float32(5.4253707)],[np.float32(0.020732379)],0.020732379,6.7248263,fixed,fixed
579982,120,5.0934668,0.0,-0.68223363,-0.73508,1,[np.float32(5.977319)],[np.float32(0.03016363)],0.03016363,6.7248263,fixed,fixed
579982,122,5.877573,0.0,-0.73711985,-0.99644876,1,[np.float32(5.977319)],[np.float32(0.04764821)],0.04764821,6.7248263,fixed,fixed
579982,127,6.842684,0.0,-0.7950926,-1.4268335,1,[np.float32(5.877573)],[np.float32(0.11442152)],0.11442152,7.5358305,fixed,fixed
579982,129,5.877573,0.0,-0.7463118,-0.9457287,2,"[np.float32(5.877573), np.float32(5.4253707)]","[np.float32(0.02113925), np.float32(0.053859804)]",0.053859804,6.7248263,fixed,fixed
579982,133,7.5358305,0.0,-0.8383318,-1.2750087,1,[np.float32(5.877573)],[np.float32(0.053509373)],0.053509373,7.5358305,fixed,fixed
579982,145,7.5358305,0.0,-0.83797747,-1.2750087,1,[np.float32(5.877573)],[np.float32(0.053509373)],0.053509373,7.5358305,fixed,fixed
579982,148,5.877573,0.0,-0.7450183,-0.7222562,1,[np.float32(5.877573)],[np.float32(0.02113925)],0.02113925,6.7248263,fixed,fixed
579982,151,6.357125,0.0,-0.7607224,-1.2335458,1,[np.float32(5.0934668)],[np.float32(0.12033005)],0.12033005,5.0934668,fixed,fixed
579982,152,6.842684,0.0,-0.7909195,-1.4268335,1,[np.float32(5.877573)],[np.float32(0.11442152)],0.11442152,7.5358305,fixed,fixed
579982,153,7.5358305,0.0,-0.8382065,-1.2450897,1,[np.float32(5.0934668)],[np.float32(0.07239285)],0.07239285,7.5358305,fixed,fixed
579982,155,5.877573,1.0,-0.9804044,-0.7222562,1,[np.float32(5.877573)],[np.float32(0.02113925)],0.02113925,6.7248263,fixed,fixed
579982,156,5.786329,0.0,-0.74627256,-1.0747151,1,[np.float32(5.877573)],[np.float32(0.06569621)],0.06569621,7.5358305,fixed,fixed
579982,157,7.5358305,0.0,-0.86089414,-1.2750087,1,[np.float32(5.877573)],[np.float32(0.053509373)],0.053509373,6.842684,fixed,fixed
579982,161,5.877573,0.0,-0.7476652,-0.7222562,1,[np.float32(5.877573)],[np.float32(0.02113925)],0.02113925,6.7248263,fixed,fixed
579982,163,7.5358305,0.0,-0.84625447,-1.2750087,1,[np.float32(5.877573)],[np.float32(0.053509373)],0.053509373,8.228977,fixed,fixed
579982,172,5.0934668,0.0,-0.7570314,-0.9160638,1,[np.float32(5.0934668)],[np.float32(0.08184193)],0.08184193,6.9761195,fixed,fixed
579982,177,5.877573,0.0,-0.7442848,-0.7222562,2,"[np.float32(5.0934668), np.float32(5.877573)]","[np.float32(0.028311158), np.float32(0.02113925)]",0.028311158,6.7248263,fixed,fixed
579982,179,5.184434,0.0,-0.6709613,-0.6998308,1,[np.float32(5.0934668)],[np.float32(0.04016033)],0.04016033,6.9761195,fixed,fixed
579982,182,5.877573,1.0,-0.97702295,-0.7222562,1,[np.float32(5.877573)],[np.float32(0.02113925)],0.02113925,6.7248263,fixed,fixed
579982,184,5.4253707,0.0,-0.69340295,-0.9543958,2,"[np.float32(5.0934668), np.float32(5.877573)]","[np.float32(0.020732379), np.float32(0.053859804)]",0.053859804,8.228977,fixed,fixed
579982,185,5.877573,0.0,-0.7446665,-0.7222562,1,[np.float32(5.877573)],[np.float32(0.02113925)],0.02113925,6.7248263,fixed,fixed
579982,188,7.1303654,0.0,-0.78706914,-1.3484745,1,[np.float32(5.0934668)],[np.float32(0.11897195)],0.11897195,5.0934668,fixed,fixed
579982,189,7.5358305,0.0,-0.81643367,-1.4836296,1,[np.float32(5.0934668)],[np.float32(0.14657553)],0.14657553,5.0934668,fixed,fixed
579982,190,5.5545464,0.0,-0.68396616,-0.8232016,1,[np.float32(5.0934668)],[np.float32(0.050411604)],0.050411604,5.0934668,fixed,fixed
579982,201,5.877573,0.0,-0.7134911,-0.99644876,1,[np.float32(5.977319)],[np.float32(0.04764821)],0.04764821,5.184434,fixed,fixed
579982,203,8.228977,0.0,-0.8704356,-1.3529111,1,[np.float32(5.4253707)],[np.float32(0.060737602)],0.060737602,7.5358305,fixed,fixed
579982,204,6.842684,0.0,-0.7910573,-0.89081335,1,[np.float32(5.4253707)],[np.float32(0.028767666)],0.028767666,7.5358305,fixed,fixed
579982,205,5.184434,0.0,-0.6636893,-0.81590843,1,[np.float32(5.4253707)],[np.float32(0.049271513)],0.049271513,6.7248263,fixed,fixed
579982,217,7.5358305,0.0,-0.8579481,-1.2750087,1,[np.float32(5.877573)],[np.float32(0.053509373)],0.053509373,6.842684,fixed,fixed
579982,239,6.7248263,0.0,-0.78935796,-1.809466,1,[np.float32(5.877573)],[np.float32(0.32661414)],0.32661414,5.877573,fixed,fixed
579982,241,5.786329,0.0,-0.7428207,-1.0747151,1,[np.float32(5.877573)],[np.float32(0.06569621)],0.06569621,7.5358305,fixed,fixed
579982,243,7.5358305,0.0,-0.83630455,-1.2750087,1,[np.float32(5.877573)],[np.float32(0.053509373)],0.053509373,7.5358305,fixed,fixed
579982,244,6.842684,0.0,-0.7932607,-1.4268335,1,[np.float32(5.877573)],[np.float32(0.11442152)],0.11442152,7.5358305,fixed,fixed
579982,256,5.284512,0.0,-0.71738905,-0.7331901,1,[np.float32(5.0934668)],[np.float32(0.04278246)],0.04278246,6.088874,fixed,fixed
579982,263,6.7248263,0.0,-0.7866514,-1.809466,1,[np.float32(5.877573)],[np.float32(0.32661414)],0.32661414,5.877573,fixed,fixed
579982,265,5.4253707,0.0,-0.70461595,-0.9543958,1,[np.float32(5.877573)],[np.float32(0.053859804)],0.053859804,7.5358305,fixed,fixed
579982,266,7.5358305,0.0,-0.8445293,-1.2750087,1,[np.float32(5.877573)],[np.float32(0.053509373)],0.053509373,8.228977,fixed,fixed
579982,267,6.214031,0.0,-0.73412,-1.4078817,2,"[np.float32(5.0934668), np.float32(5.877573)]","[np.float32(0.20743524), np.float32(0.025936576)]",0.20743524,5.0934668,fixed,fixed
579982,268,6.842684,0.0,-0.7922902,-1.4268335,1,[np.float32(5.877573)],[np.float32(0.11442152)],0.11442152,7.5358305,fixed,fixed
579982,269,7.5358305,0.0,-0.8296271,-1.2750087,2,"[np.float32(5.0934668), np.float32(5.877573)]","[np.float32(0.07239285), np.float32(0.053509373)]",0.07239285,7.5358305,fixed,fixed
579982,286,6.7248263,0.0,-0.76988107,-1.5031306,1,[np.float32(5.0934668)],[np.float32(0.21994561)],0.21994561,5.0934668,fixed,fixed
579982,289,5.5545464,0.0,-0.70624566,-0.58466166,1,[np.float32(5.0934668)],[np.float32(0.022772891)],0.022772891,8.228977,fixed,fixed
579982,290,6.088874,0.0,-0.7226151,-1.0013107,1,[np.float32(5.0934668)],[np.float32(0.06837011)],0.06837011,5.284512,fixed,fixed
579982,291,5.877573,0.0,-0.74614704,-0.6923372,1,[np.float32(5.0934668)],[np.float32(0.028311158)],0.028311158,6.7248263,fixed,fixed
579982,293,5.0934668,0.0,-0.67241293,-0.9160638,1,[np.float32(5.0934668)],[np.float32(0.08184193)],0.08184193,6.7248263,fixed,fixed
579982,300,7.1303654,0.0,-0.79176646,-1.3484745,1,[np.float32(5.0934668)],[np.float32(0.11897195)],0.11897195,5.0934668,fixed,fixed
579982,368,5.284512,0.0,-0.71506715,-0.7331901,1,[np.float32(5.0934668)],[np.float32(0.04278246)],0.04278246,6.088874,fixed,fixed
581578,25,5.2083592,0.0,-0.6504584,-0.95436126,1,[np.float32(5.0934668)],[np.float32(0.087324865)],0.087324865,4.5525913,fixed,fixed
581578,27,4.8111362,0.0,-0.6232312,-0.5753982,1,[np.float32(5.0934668)],[np.float32(0.031217033)],0.031217033,7.5358305,fixed,fixed
581578,30,4.5525913,0.0,-0.59375,-0.88719004,1,[np.float32(5.0934668)],[np.float32(0.093068875)],0.093068875,6.214031,fixed,fixed
581578,40,4.8111362,0.0,-0.6218276,-1.0073801,1,[np.float32(5.877573)],[np.float32(0.07992371)],0.07992371,7.5358305,fixed,fixed
581578,43,6.088874,0.0,-0.7441183,-0.7926898,1,[np.float32(5.877573)],[np.float32(0.02407378)],0.02407378,6.7248263,fixed,fixed
581578,48,4.5525913,0.0,-0.5916992,-0.5198753,1,[np.float32(5.877573)],[np.float32(0.019440975)],0.019440975,6.088874,fixed,fixed
581578,55,5.2083592,0.0,-0.6504584,-0.7078059,1,[np.float32(5.0934668)],[np.float32(0.0407778)],0.0407778,4.951692,fixed,fixed
581578,57,4.45615,0.0,-0.5796101,-0.8890514,1,[np.float32(5.877573)],[np.float32(0.06546549)],0.06546549,6.7248263,fixed,fixed
581578,59,6.088874,0.0,-0.74534166,-0.7926898,1,[np.float32(5.877573)],[np.float32(0.02407378)],0.02407378,6.7248263,fixed,fixed
581578,60,4.951692,0.0,-0.63997406,-0.8688056,1,[np.float32(5.0934668)],[np.float32(0.07544661)],0.07544661,5.2083592,fixed,fixed
581578,107,5.284512,0.0,-0.68137205,-1.0498244,2,"[np.float32(6.088501), np.float32(5.284512)]","[np.float32(0.03622828), np.float32(0.10120408)]",0.10120408,6.088874,fixed,fixed
581578,128,6.9761195,0.0,-0.8016407,-1.7898527,1,[np.float32(5.877573)],[np.float32(0.28801104)],0.28801104,5.877573,fixed,fixed
581578,130,5.4253707,0.0,-0.7048465,-0.9543958,1,[np.float32(5.877573)],[np.float32(0.053859804)],0.053859804,7.5358305,fixed,fixed
581578,131,7.5358305,0.0,-0.84438884,-1.2750087,1,[np.float32(5.877573)],[np.float32(0.053509373)],0.053509373,6.842684,fixed,fixed
581578,132,6.842684,0.0,-0.793209,-1.4268335,1,[np.float32(5.877573)],[np.float32(0.11442152)],0.11442152,7.5358305,fixed,fixed
581578,133,7.5358305,0.0,-0.8389576,-1.2750087,1,[np.float32(5.877573)],[np.float32(0.053509373)],0.053509373,7.5358305,fixed,fixed
581578,151,6.357125,0.0,-0.7607224,-1.3805634,1,[np.float32(5.0934668)],[np.float32(0.18210293)],0.18210293,5.0934668,fixed,fixed
581578,153,7.5358305,0.0,-0.8382065,-1.2450897,1,[np.float32(5.0934668)],[np.float32(0.07239285)],0.07239285,7.5358305,fixed,fixed
581578,165,5.0934668,0.0,-0.67240787,-0.73604125,1,[np.float32(5.284512)],[np.float32(0.04278246)],0.04278246,6.7248263,fixed,fixed
581578,171,6.9761195,0.0,-0.8095387,-1.4951938,1,[np.float32(5.0934668)],[np.float32(0.19394967)],0.19394967,5.0934668,fixed,fixed
581578,175,5.5545464,0.0,-0.7050529,-0.58466166,1,[np.float32(5.0934668)],[np.float32(0.022772891)],0.022772891,8.228977,fixed,fixed
581578,176,6.088874,0.0,-0.7207635,-1.0013107,1,[np.float32(5.0934668)],[np.float32(0.06837011)],0.06837011,5.284512,fixed,fixed
581578,177,5.877573,0.0,-0.7446745,-0.6923372,1,[np.float32(5.0934668)],[np.float32(0.028311158)],0.028311158,6.7248263,fixed,fixed
581578,180,5.0934668,0.0,-0.6785245,-0.9160638,1,[np.float32(5.0934668)],[np.float32(0.08184193)],0.08184193,6.7248263,fixed,fixed
581578,187,5.4253707,0.0,-0.65908825,-1.0266985,1,[np.float32(5.0934668)],[np.float32(0.098482996)],0.098482996,5.0934668,fixed,fixed
581578,188,7.1303654,0.0,-0.7867149,-1.3484745,1,[np.float32(5.0934668)],[np.float32(0.11897195)],0.11897195,5.0934668,fixed,fixed
581578,218,6.214031,0.0,-0.72925425,-1.2541078,1,[np.float32(5.284512)],[np.float32(0.123305775)],0.123305775,5.284512,fixed,fixed
581578,221,5.0934668,0.0,-0.68816906,-0.73604125,1,[np.float32(5.284512)],[np.float32(0.04278246)],0.04278246,6.7248263,fixed,fixed
581578,224,6.088874,0.0,-0.724727,-1.3179449,1,[np.float32(5.284512)],[np.float32(0.15505402)],0.15505402,5.284512,fixed,fixed
581578,227,6.088501,0.0,-0.73528844,-0.82753754,1,[np.float32(5.284512)],[np.float32(0.03622828)],0.03622828,5.284512,fixed,fixed
581578,228,7.5358305,0.0,-0.8157157,-1.5501624,1,[np.float32(5.284512)],[np.float32(0.1614404)],0.1614404,5.284512,fixed,fixed
581578,253,5.786329,0.0,-0.7090062,-0.7268135,1,[np.float32(5.284512)],[np.float32(0.030146634)],0.030146634,8.228977,fixed,fixed
581578,256,5.284512,0.0,-0.7173068,-0.7331901,1,[np.float32(5.0934668)],[np.float32(0.04278246)],0.04278246,6.088874,fixed,fixed
581578,330,6.214031,0.0,-0.7322669,-1.4808785,1,[np.float32(5.284512)],[np.float32(0.22865157)],0.22865157,5.284512,fixed,fixed
581578,333,5.0934668,0.0,-0.68579197,-0.73604125,1,[np.float32(5.284512)],[np.float32(0.04278246)],0.04278246,6.9761195,fixed,fixed
581578,336,6.088874,0.0,-0.7269447,-1.5052582,1,[np.float32(5.284512)],[np.float32(0.2540094)],0.2540094,5.284512,fixed,fixed
581578,338,4.5525913,0.0,-0.60832417,-0.80585074,1,[np.float32(5.284512)],[np.float32(0.0667954)],0.0667954,6.214031,fixed,fixed
581578,392,5.877573,0.0,-0.7128928,-0.85097903,1,[np.float32(4.8615465)],[np.float32(0.0532357)],0.0532357,5.184434,fixed,fixed
581578,405,5.0934668,0.0,-0.67169046,-0.8931484,1,[np.float32(5.0301485)],[np.float32(0.078936815)],0.078936815,6.5241694,fixed,fixed
581578,407,5.877573,0.0,-0.7465571,-0.6709097,1,[np.float32(5.0301485)],[np.float32(0.02717884)],0.02717884,6.9761195,fixed,fixed
581578,416,5.184434,0.0,-0.6923108,-1.2275537,2,"[np.float32(5.0301485), np.float32(4.8615465)]","[np.float32(0.038555223), np.float32(0.2086917)]",0.2086917,4.8615465,fixed,fixed
581578,445,4.5525913,0.0,-0.6472548,-0.46731496,1,[np.float32(5.0301485)],[np.float32(0.024382805)],0.024382805,6.088874,fixed,fixed
581578,452,4.8111362,0.0,-0.61247504,-0.79903823,2,"[np.float32(5.0301485), np.float32(4.8615465)]","[np.float32(0.06689753), np.float32(0.026210686)]",0.06689753,6.18106,fixed,fixed
581578,466,7.5358305,0.0,-0.8176758,-1.2236623,1,[np.float32(5.0301485)],[np.float32(0.0700509)],0.0700509,4.8111362,fixed,fixed
581578,469,6.214031,0.0,-0.72168875,-0.7261837,1,[np.float32(4.8615465)],[np.float32(0.030291062)],0.030291062,4.411208,fixed,fixed
581578,473,7.5358305,0.0,-0.8339214,-1.1667835,1,[np.float32(4.8615465)],[np.float32(0.064151175)],0.064151175,4.8615465,fixed,fixed
581578,479,5.977319,0.0,-0.7234167,-0.7041583,1,[np.float32(5.0301485)],[np.float32(0.028986992)],0.028986992,5.0301485,fixed,fixed
581578,481,5.366584,0.0,-0.6859855,-1.246261,1,[np.float32(5.0301485)],[np.float32(0.18958113)],0.18958113,5.0301485,fixed,fixed
581578,484,5.977319,0.0,-0.7262483,-0.64727956,1,[np.float32(4.8615465)],[np.float32(0.025992488)],0.025992488,4.8615465,fixed,fixed
581578,485,5.487917,0.0,-0.67104924,-1.2209623,1,[np.float32(4.8615465)],[np.float32(0.18501784)],0.18501784,4.8615465,fixed,fixed
585324,57,4.45615,0.0,-0.5796101,-1.1193571,1,[np.float32(7.5358305)],[np.float32(0.051759012)],0.051759012,6.7248263,fixed,fixed
585324,107,5.284512,0.0,-0.68137205,-1.7615027,1,[np.float32(7.5358305)],[np.float32(0.1614404)],0.1614404,6.088874,fixed,fixed
585324,164,5.0099363,0.0,-0.62899435,-0.92046994,1,[np.float32(5.877573)],[np.float32(0.057961278)],0.057961278,5.184434,fixed,fixed
585324,165,5.0934668,0.0,-0.67240787,-1.697821,1,[np.float32(6.7248263)],[np.float32(0.21994561)],0.21994561,6.7248263,fixed,fixed
585324,192,5.184434,0.0,-0.6850254,-1.4616389,1,[np.float32(5.877573)],[np.float32(0.2165618)],0.2165618,6.7248263,fixed,fixed
585324,271,5.877573,0.0,-0.7381043,-1.4707679,1,[np.float32(6.842684)],[np.float32(0.11442152)],0.11442152,6.7248263,fixed,fixed
585324,274,6.214031,0.0,-0.7312314,-1.0736886,1,[np.float32(5.877573)],[np.float32(0.054237153)],0.054237153,5.0934668,fixed,fixed
585324,277,5.877573,0.0,-0.74739885,-1.3107322,1,[np.float32(7.5358305)],[np.float32(0.053509373)],0.053509373,6.7248263,fixed,fixed
585324,281,5.0934668,0.0,-0.67770076,-0.9483134,1,[np.float32(5.877573)],[np.float32(0.06076004)],0.06076004,6.7248263,fixed,fixed
585324,284,7.5358305,0.0,-0.817294,-1.5142883,1,[np.float32(5.877573)],[np.float32(0.10823412)],0.10823412,5.0934668,fixed,fixed
585324,299,5.977319,0.0,-0.7232959,-0.9947844,1,[np.float32(5.877573)],[np.float32(0.04764821)],0.04764821,5.877573,fixed,fixed
585324,304,5.184434,0.0,-0.69509923,-1.2467588,1,[np.float32(5.877573)],[np.float32(0.13178323)],0.13178323,6.7248263,fixed,fixed
585324,355,7.5358305,0.0,-0.83570254,-1.8634847,1,[np.float32(7.5358305)],[np.float32(0.12459149)],0.12459149,7.5358305,fixed,fixed
585324,356,6.842684,1.0,-0.9852327,-1.9148684,1,[np.float32(7.5358305)],[np.float32(0.17628156)],0.17628156,7.5358305,fixed,fixed
585324,359,5.4253707,0.0,-0.7042531,-0.9061293,1,[np.float32(6.842684)],[np.float32(0.028767666)],0.028767666,7.5358305,fixed,fixed
585324,360,7.5358305,1.0,-0.9791825,-1.8636626,1,[np.float32(6.842684)],[np.float32(0.17628156)],0.17628156,6.842684,fixed,fixed
585324,373,7.5358305,0.0,-0.8379956,-1.8634847,1,[np.float32(7.5358305)],[np.float32(0.12459149)],0.12459149,7.5358305,fixed,fixed
585324,376,5.877573,0.0,-0.74315643,-1.3107322,1,[np.float32(7.5358305)],[np.float32(0.053509373)],0.053509373,6.9761195,fixed,fixed
585324,377,5.4253707,0.0,-0.70381355,-0.9061293,1,[np.float32(6.842684)],[np.float32(0.028767666)],0.028767666,7.5358305,fixed,fixed
585324,383,6.088874,0.0,-0.7578835,-1.5412015,1,[np.float32(6.842684)],[np.float32(0.12746923)],0.12746923,6.7248263,fixed,fixed
585324,392,5.877573,0.0,-0.7144076,-1.2096821,1,[np.float32(5.877573)],[np.float32(0.092942566)],0.092942566,5.184434,fixed,fixed
648442,18,4.8111362,0.0,-0.6212669,-0.4782444,1,[np.float32(4.8111362)],[np.float32(0.025171421)],0.025171421,7.5358305,fixed,fixed
648442,27,4.8111362,0.0,-0.6232312,-0.72078735,1,[np.float32(4.8111362)],[np.float32(0.058463678)],0.058463678,7.5358305,fixed,fixed
648442,39,5.901499,0.0,-0.7226517,-1.0842415,1,[np.float32(4.8111362)],[np.float32(0.109549694)],0.109549694,4.8111362,fixed,fixed
648442,40,4.8111362,1.0,-0.98821497,-1.6037108,1,[np.float32(7.5358305)],[np.float32(0.12702198)],0.12702198,7.5358305,fixed,fixed
648442,42,6.842684,0.0,-0.7832672,-1.1554269,1,[np.float32(4.8111362)],[np.float32(0.08839323)],0.08839323,4.8111362,fixed,fixed
648442,44,7.5358305,0.0,-0.8190697,-1.149825,1,[np.float32(4.8111362)],[np.float32(0.062477622)],0.062477622,4.8111362,fixed,fixed
648442,45,5.786329,0.0,-0.70734495,-0.80330855,1,[np.float32(4.8111362)],[np.float32(0.048971288)],0.048971288,4.8111362,fixed,fixed
648442,46,7.5358305,0.0,-0.8190697,-1.149825,1,[np.float32(4.8111362)],[np.float32(0.062477622)],0.062477622,4.8111362,fixed,fixed
648442,48,4.5525913,0.0,-0.59293896,-1.1515042,2,"[np.float32(4.8111362), np.float32(7.5358305)]","[np.float32(0.049403396), np.float32(0.054496072)]",0.054496072,6.088874,fixed,fixed
648442,50,6.842684,0.0,-0.7825969,-0.91877604,1,[np.float32(4.8111362)],[np.float32(0.04272912)],0.04272912,6.088874,fixed,fixed
648442,52,7.5358305,1.0,-0.98870593,-1.3864759,1,[np.float32(4.8111362)],[np.float32(0.12702198)],0.12702198,4.8111362,fixed,fixed
648442,53,5.786329,0.0,-0.70644337,-0.5666577,1,[np.float32(4.8111362)],[np.float32(0.021990279)],0.021990279,6.088874,fixed,fixed
648442,54,7.5358305,0.0,-0.82004124,-1.3864759,1,[np.float32(4.8111362)],[np.float32(0.12702198)],0.12702198,4.8111362,fixed,fixed
648442,57,4.45615,0.0,-0.58009285,-0.35991564,1,[np.float32(4.8111362)],[np.float32(0.018269394)],0.018269394,6.7248263,fixed,fixed
648442,83,5.877573,0.0,-0.7100837,-0.97457576,1,[np.float32(4.8111362)],[np.float32(0.07992371)],0.07992371,6.9761195,fixed,fixed
648442,102,5.0934668,0.0,-0.68732744,-0.9160638,1,[np.float32(5.0934668)],[np.float32(0.08184193)],0.08184193,6.7248263,fixed,fixed
648442,107,5.284512,0.0,-0.68137205,-0.7331901,1,[np.float32(5.0934668)],[np.float32(0.04278246)],0.04278246,6.088874,fixed,fixed
648442,113,5.877573,0.0,-0.7624464,-0.5970724,1,[np.float32(4.8111362)],[np.float32(0.023465414)],0.023465414,6.9761195,fixed,fixed
648442,125,5.877573,0.0,-0.7089018,-0.97457576,1,[np.float32(4.8111362)],[np.float32(0.07992371)],0.07992371,6.9761195,fixed,fixed
648442,135,5.877573,0.0,-0.7356486,-0.6923372,1,[np.float32(5.0934668)],[np.float32(0.028311158)],0.028311158,6.7248263,fixed,fixed
648442,144,5.877573,0.0,-0.7060514,-1.3107322,2,"[np.float32(4.8111362), np.float32(7.5358305)]","[np.float32(0.023465414), np.float32(0.053509373)]",0.053509373,6.9761195,fixed,fixed
648442,157,7.5358305,0.0,-0.86191046,-1.8634847,1,[np.float32(7.5358305)],[np.float32(0.12459149)],0.12459149,6.842684,fixed,fixed
648442,172,5.0934668,0.0,-0.75805604,-1.331796,1,[np.float32(7.5358305)],[np.float32(0.07239285)],0.07239285,6.9761195,fixed,fixed
648442,177,5.877573,0.0,-0.7442848,-1.0725757,1,[np.float32(5.786329)],[np.float32(0.06569621)],0.06569621,6.7248263,fixed,fixed
648442,178,5.977319,0.0,-0.7432069,-1.3439808,1,[np.float32(7.5358305)],[np.float32(0.05635246)],0.05635246,7.5358305,fixed,fixed
648442,180,5.0934668,0.0,-0.67870724,-1.331796,1,[np.float32(7.5358305)],[np.float32(0.07239285)],0.07239285,6.7248263,fixed,fixed
648442,211,6.842684,0.0,-0.79029906,-1.4268335,1,[np.float32(5.877573)],[np.float32(0.11442152)],0.11442152,7.5358305,fixed,fixed
648442,215,7.5358305,0.0,-0.8287196,-1.2750087,2,"[np.float32(5.0934668), np.float32(5.877573)]","[np.float32(0.07239285), np.float32(0.053509373)]",0.07239285,7.5358305,fixed,fixed
648442,216,6.214031,0.0,-0.7336399,-1.4078817,2,"[np.float32(5.0934668), np.float32(5.877573)]","[np.float32(0.20743524), np.float32(0.025936576)]",0.20743524,5.0934668,fixed,fixed
648442,222,7.1303654,0.0,-0.78950065,-1.3484745,1,[np.float32(5.0934668)],[np.float32(0.11897195)],0.11897195,5.0934668,fixed,fixed
648442,223,5.5545464,0.0,-0.7077137,-0.58466166,1,[np.float32(5.0934668)],[np.float32(0.022772891)],0.022772891,8.228977,fixed,fixed
648442,224,6.088874,0.0,-0.7257549,-1.0013107,1,[np.float32(5.0934668)],[np.float32(0.06837011)],0.06837011,5.284512,fixed,fixed
648442,225,7.5358305,0.0,-0.856033,-1.2750087,1,[np.float32(5.877573)],[np.float32(0.053509373)],0.053509373,8.228977,fixed,fixed
648442,226,5.284512,0.0,-0.6826005,-0.7331901,1,[np.float32(5.0934668)],[np.float32(0.04278246)],0.04278246,6.088874,fixed,fixed
648442,236,6.842684,0.0,-0.79025984,-1.0129257,1,[np.float32(5.786329)],[np.float32(0.03519518)],0.03519518,7.5358305,fixed,fixed
648442,237,8.228977,0.0,-0.87008506,-1.4750236,1,[np.float32(5.786329)],[np.float32(0.07304597)],0.07304597,7.5358305,fixed,fixed
648442,238,5.0934668,0.0,-0.68235564,-0.91494185,1,[np.float32(5.786329)],[np.float32(0.05768841)],0.05768841,6.7248263,fixed,fixed
648442,240,5.877573,0.0,-0.7370403,-0.7222562,1,[np.float32(5.877573)],[np.float32(0.02113925)],0.02113925,6.7248263,fixed,fixed
648442,244,6.842684,0.0,-0.7912968,-1.4268335,1,[np.float32(5.877573)],[np.float32(0.11442152)],0.11442152,7.5358305,fixed,fixed
648442,246,5.877573,1.0,-0.97359985,-0.7222562,1,[np.float32(5.877573)],[np.float32(0.02113925)],0.02113925,6.7248263,fixed,fixed
648442,247,5.4253707,0.0,-0.7047621,-0.9543958,1,[np.float32(5.877573)],[np.float32(0.053859804)],0.053859804,7.5358305,fixed,fixed
648442,252,5.877573,0.0,-0.7368422,-0.7222562,2,"[np.float32(5.0934668), np.float32(5.877573)]","[np.float32(0.028311158), np.float32(0.02113925)]",0.028311158,6.7248263,fixed,fixed
648442,256,5.284512,0.0,-0.7167491,-0.7320729,1,[np.float32(5.786329)],[np.float32(0.030146634)],0.030146634,6.088874,fixed,fixed
648442,261,7.5358305,0.0,-0.83633095,-1.2750087,1,[np.float32(5.877573)],[np.float32(0.053509373)],0.053509373,7.5358305,fixed,fixed
648442,264,5.877573,0.0,-0.7450119,-0.7222562,1,[np.float32(5.877573)],[np.float32(0.02113925)],0.02113925,6.7248263,fixed,fixed
648442,271,5.877573,1.0,-0.9825882,-0.7222562,1,[np.float32(5.877573)],[np.float32(0.02113925)],0.02113925,6.7248263,fixed,fixed
648442,272,5.786329,0.0,-0.7423953,-1.0747151,1,[np.float32(5.877573)],[np.float32(0.06569621)],0.06569621,7.5358305,fixed,fixed
648442,273,7.5358305,0.0,-0.85741496,-1.2750087,1,[np.float32(5.877573)],[np.float32(0.053509373)],0.053509373,6.842684,fixed,fixed
648442,277,5.877573,0.0,-0.7477483,-0.7222562,1,[np.float32(5.877573)],[np.float32(0.02113925)],0.02113925,6.7248263,fixed,fixed
648442,295,5.877573,0.0,-0.74706304,-0.7222562,1,[np.float32(5.877573)],[np.float32(0.02113925)],0.02113925,6.7248263,fixed,fixed
648442,309,6.7248263,0.0,-0.7674461,-1.5031306,1,[np.float32(5.0934668)],[np.float32(0.21994561)],0.21994561,5.0934668,fixed,fixed
648442,310,5.5545464,0.0,-0.6832094,-0.8232016,1,[np.float32(5.0934668)],[np.float32(0.050411604)],0.050411604,5.0934668,fixed,fixed
648442,317,5.184434,0.0,-0.6511961,-0.6998308,1,[np.float32(5.0934668)],[np.float32(0.04016033)],0.04016033,6.9761195,fixed,fixed
648442,318,6.7248263,0.0,-0.7864156,-1.809466,1,[np.float32(5.877573)],[np.float32(0.32661414)],0.32661414,5.877573,fixed,fixed
648442,320,7.5358305,0.0,-0.81566864,-1.4836296,1,[np.float32(5.0934668)],[np.float32(0.14657553)],0.14657553,5.0934668,fixed,fixed
648442,321,5.4253707,0.0,-0.69567335,-0.9543958,2,"[np.float32(5.0934668), np.float32(5.877573)]","[np.float32(0.020732379), np.float32(0.053859804)]",0.053859804,8.228977,fixed,fixed
648442,322,7.5358305,0.0,-0.8559254,-1.2750087,1,[np.float32(5.877573)],[np.float32(0.053509373)],0.053509373,8.228977,fixed,fixed
648442,323,6.842684,0.0,-0.79220605,-1.4268335,1,[np.float32(5.877573)],[np.float32(0.11442152)],0.11442152,7.5358305,fixed,fixed
648442,324,7.5358305,0.0,-0.8385837,-1.2750087,1,[np.float32(5.877573)],[np.float32(0.053509373)],0.053509373,7.5358305,fixed,fixed
648442,327,7.5358305,0.0,-0.8294266,-1.2450897,1,[np.float32(5.0934668)],[np.float32(0.07239285)],0.07239285,7.5358305,fixed,fixed
648442,328,6.357125,0.0,-0.7456478,-1.2335458,1,[np.float32(5.0934668)],[np.float32(0.12033005)],0.12033005,5.0934668,fixed,fixed
648442,329,7.5358305,0.0,-0.85835445,-1.2750087,1,[np.float32(5.877573)],[np.float32(0.053509373)],0.053509373,6.842684,fixed,fixed
648442,333,5.0934668,0.0,-0.6864479,-0.9160638,1,[np.float32(5.0934668)],[np.float32(0.08184193)],0.08184193,6.9761195,fixed,fixed
648442,334,7.1303654,0.0,-0.7896489,-1.3484745,1,[np.float32(5.0934668)],[np.float32(0.11897195)],0.11897195,5.0934668,fixed,fixed
648442,351,6.7248263,0.0,-0.78935796,-1.809466,1,[np.float32(5.877573)],[np.float32(0.32661414)],0.32661414,5.877573,fixed,fixed
648442,353,5.786329,0.0,-0.7444302,-1.0747151,1,[np.float32(5.877573)],[np.float32(0.06569621)],0.06569621,7.5358305,fixed,fixed
648442,355,7.5358305,0.0,-0.83630455,-1.2750087,1,[np.float32(5.877573)],[np.float32(0.053509373)],0.053509373,7.5358305,fixed,fixed
648442,356,6.842684,0.0,-0.7932607,-1.4268335,1,[np.float32(5.877573)],[np.float32(0.11442152)],0.11442152,7.5358305,fixed,fixed
725597,333,5.0934668,0.0,-0.6850632,-1.697821,1,[np.float32(6.9761195)],[np.float32(0.19394967)],0.19394967,6.9761195,fixed,fixed
725597,364,6.088874,0.0,-0.7555466,-2.0296233,1,[np.float32(6.7248263)],[np.float32(0.36320382)],0.36320382,6.7248263,fixed,fixed
725597,389,5.877573,0.0,-0.74689966,-1.9591898,1,[np.float32(6.9761195)],[np.float32(0.28801104)],0.28801104,6.9761195,fixed,fixed
725597,452,4.8111362,0.0,-0.61247504,-1.6037108,1,[np.float32(7.5358305)],[np.float32(0.12702198)],0.12702198,6.18106,fixed,fixed
725597,463,5.0301485,0.0,-0.62653196,-1.3106899,1,[np.float32(7.5358305)],[np.float32(0.0700509)],0.0700509,5.366584,fixed,fixed
786472,43,6.088874,0.0,-0.7441183,-1.3811659,1,[np.float32(7.5358305)],[np.float32(0.059698556)],0.059698556,6.7248263,fixed,fixed
786472,55,5.2083592,0.0,-0.6504584,-0.9875438,1,[np.float32(5.184434)],[np.float32(0.09186398)],0.09186398,4.951692,fixed,fixed
786472,57,4.45615,0.0,-0.5796101,-0.48866105,1,[np.float32(5.184434)],[np.float32(0.025582792)],0.025582792,6.7248263,fixed,fixed
786472,58,6.842684,0.0,-0.7877417,-1.3574401,1,[np.float32(6.088874)],[np.float32(0.08446663)],0.08446663,6.088874,fixed,fixed
786472,59,6.088874,1.0,-0.9897368,-1.1430093,1,[np.float32(5.786329)],[np.float32(0.07359712)],0.07359712,6.7248263,fixed,fixed
786472,60,4.951692,0.0,-0.63997406,-0.9019881,1,[np.float32(5.184434)],[np.float32(0.079511344)],0.079511344,5.2083592,fixed,fixed
786472,62,5.977319,0.0,-0.7283919,-1.0689851,1,[np.float32(6.088874)],[np.float32(0.05349227)],0.05349227,6.088874,fixed,fixed
786472,92,6.842684,0.0,-0.79053104,-1.9148684,1,[np.float32(7.5358305)],[np.float32(0.17628156)],0.17628156,7.5358305,fixed,fixed
786472,93,7.5358305,0.0,-0.83805853,-1.8634847,1,[np.float32(7.5358305)],[np.float32(0.12459149)],0.12459149,7.5358305,fixed,fixed
786472,96,7.5358305,0.0,-0.82784766,-1.8634847,1,[np.float32(7.5358305)],[np.float32(0.12459149)],0.12459149,7.5358305,fixed,fixed
786472,97,6.214031,0.0,-0.7317498,-1.422885,1,[np.float32(7.5358305)],[np.float32(0.06367433)],0.06367433,5.0934668,fixed,fixed
786472,125,5.877573,0.0,-0.707897,-0.79443073,1,[np.float32(6.088874)],[np.float32(0.02407378)],0.02407378,6.9761195,fixed,fixed
786472,127,6.842684,0.0,-0.7950926,-1.4268335,1,[np.float32(5.877573)],[np.float32(0.11442152)],0.11442152,7.5358305,fixed,fixed
786472,129,5.877573,0.0,-0.7463118,-0.7222562,1,[np.float32(5.877573)],[np.float32(0.02113925)],0.02113925,6.7248263,fixed,fixed
786472,132,6.842684,0.0,-0.7912479,-1.0129257,1,[np.float32(5.786329)],[np.float32(0.03519518)],0.03519518,7.5358305,fixed,fixed
786472,133,7.5358305,0.0,-0.8383318,-1.4825125,1,[np.float32(5.786329)],[np.float32(0.10332351)],0.10332351,7.5358305,fixed,fixed
786472,138,7.5358305,0.0,-0.8684164,-1.3471832,1,[np.float32(6.088874)],[np.float32(0.059698556)],0.059698556,8.228977,fixed,fixed
786472,145,7.5358305,0.0,-0.83797747,-1.2750087,1,[np.float32(5.877573)],[np.float32(0.053509373)],0.053509373,7.5358305,fixed,fixed
786472,148,5.877573,0.0,-0.7450183,-0.7222562,1,[np.float32(5.877573)],[np.float32(0.02113925)],0.02113925,6.7248263,fixed,fixed
786472,151,6.357125,0.0,-0.7607224,-0.88303953,1,[np.float32(5.184434)],[np.float32(0.039985858)],0.039985858,5.0934668,fixed,fixed
786472,152,6.842684,0.0,-0.7909195,-1.0129257,1,[np.float32(5.786329)],[np.float32(0.03519518)],0.03519518,7.5358305,fixed,fixed
786472,154,6.7248263,0.0,-0.8056455,-1.9018301,1,[np.float32(6.088874)],[np.float32(0.36320382)],0.36320382,6.088874,fixed,fixed
786472,155,5.877573,1.0,-0.9804044,-1.0725757,1,[np.float32(5.786329)],[np.float32(0.06569621)],0.06569621,6.7248263,fixed,fixed
786472,156,5.786329,1.0,-0.98571795,-1.1510593,2,"[np.float32(6.088874), np.float32(5.877573)]","[np.float32(0.07359712), np.float32(0.06569621)]",0.07359712,7.5358305,fixed,fixed
786472,157,7.5358305,0.0,-0.86089414,-1.2750087,1,[np.float32(5.877573)],[np.float32(0.053509373)],0.053509373,6.842684,fixed,fixed
786472,158,6.214031,0.0,-0.7328805,-0.9065835,1,[np.float32(6.088874)],[np.float32(0.029311275)],0.029311275,4.45615,fixed,fixed
786472,159,7.5358305,0.0,-0.83221847,-1.3471832,1,[np.float32(6.088874)],[np.float32(0.059698556)],0.059698556,7.5358305,fixed,fixed
786472,160,6.842684,0.0,-0.7974887,-1.5031776,1,[np.float32(6.088874)],[np.float32(0.12746923)],0.12746923,7.5358305,fixed,fixed
786472,161,5.877573,0.0,-0.7476652,-0.7222562,1,[np.float32(5.877573)],[np.float32(0.02113925)],0.02113925,6.7248263,fixed,fixed
786472,164,5.0099363,0.0,-0.62899435,-1.2146889,1,[np.float32(5.184434)],[np.float32(0.18143204)],0.18143204,5.184434,fixed,fixed
786472,180,5.0934668,0.0,-0.6779502,-0.70109993,1,[np.float32(5.184434)],[np.float32(0.04016033)],0.04016033,6.7248263,fixed,fixed
786472,181,6.9761195,0.0,-0.7863383,-1.5279642,1,[np.float32(5.184434)],[np.float32(0.20308375)],0.20308375,5.184434,fixed,fixed
786472,182,5.877573,0.0,-0.74706304,-0.7222562,1,[np.float32(5.877573)],[np.float32(0.02113925)],0.02113925,6.7248263,fixed,fixed
786472,184,5.4253707,0.0,-0.69289,-0.8117346,1,[np.float32(5.184434)],[np.float32(0.049271513)],0.049271513,8.228977,fixed,fixed
786472,185,5.877573,0.0,-0.7447835,-0.72318894,1,[np.float32(5.184434)],[np.float32(0.029987883)],0.029987883,6.7248263,fixed,fixed
786472,189,7.5358305,0.0,-0.8150927,-1.2759415,1,[np.float32(5.184434)],[np.float32(0.07588504)],0.07588504,5.0934668,fixed,fixed
786472,191,8.228977,0.0,-0.8636004,-1.5069904,1,[np.float32(5.184434)],[np.float32(0.10851108)],0.10851108,5.184434,fixed,fixed
786472,192,5.184434,0.0,-0.68658626,-0.9795687,1,[np.float32(5.184434)],[np.float32(0.09065181)],0.09065181,6.7248263,fixed,fixed
786472,193,7.1303654,0.0,-0.79155105,-1.3800663,1,[np.float32(5.184434)],[np.float32(0.12464258)],0.12464258,5.184434,fixed,fixed
786472,217,7.5358305,0.0,-0.8579481,-1.2750087,1,[np.float32(5.877573)],[np.float32(0.053509373)],0.053509373,6.842684,fixed,fixed
786472,239,6.7248263,0.0,-0.78935796,-1.809466,1,[np.float32(5.877573)],[np.float32(0.32661414)],0.32661414,5.877573,fixed,fixed
786472,241,5.786329,0.0,-0.7428207,-1.0747151,1,[np.float32(5.877573)],[np.float32(0.06569621)],0.06569621,7.5358305,fixed,fixed
786472,243,7.5358305,0.0,-0.83630455,-1.2750087,1,[np.float32(5.877573)],[np.float32(0.053509373)],0.053509373,7.5358305,fixed,fixed
786472,244,6.842684,0.0,-0.7932607,-1.4268335,1,[np.float32(5.877573)],[np.float32(0.11442152)],0.11442152,7.5358305,fixed,fixed
819771,18,4.8111362,0.0,-0.6212669,-1.0073801,1,[np.float32(5.877573)],[np.float32(0.07992371)],0.07992371,7.5358305,fixed,fixed
819771,21,6.088874,0.0,-0.744298,-0.7926898,1,[np.float32(5.877573)],[np.float32(0.02407378)],0.02407378,6.7248263,fixed,fixed
819771,36,5.0301485,0.0,-0.63041127,-0.679061,1,[np.float32(5.877573)],[np.float32(0.02717884)],0.02717884,5.1152887,fixed,fixed
819771,40,4.8111362,0.0,-0.6218276,-1.0073801,1,[np.float32(5.877573)],[np.float32(0.07992371)],0.07992371,7.5358305,fixed,fixed
819771,43,6.088874,0.0,-0.7441183,-0.7926898,1,[np.float32(5.877573)],[np.float32(0.02407378)],0.02407378,6.7248263,fixed,fixed
819771,48,4.5525913,0.0,-0.5916992,-0.5198753,1,[np.float32(5.877573)],[np.float32(0.019440975)],0.019440975,6.088874,fixed,fixed
819771,75,5.0934668,0.0,-0.70618695,-1.697821,1,[np.float32(6.9761195)],[np.float32(0.19394967)],0.19394967,6.5241694,fixed,fixed
819771,87,6.9761195,0.0,-0.7998494,-1.7898527,1,[np.float32(5.877573)],[np.float32(0.28801104)],0.28801104,5.877573,fixed,fixed
819771,90,5.4253707,0.0,-0.69455236,-0.9543958,1,[np.float32(5.877573)],[np.float32(0.053859804)],0.053859804,8.228977,fixed,fixed
819771,91,7.5358305,0.0,-0.8554515,-1.2750087,1,[np.float32(5.877573)],[np.float32(0.053509373)],0.053509373,8.228977,fixed,fixed
819771,92,6.842684,0.0,-0.7924512,-1.4268335,1,[np.float32(5.877573)],[np.float32(0.11442152)],0.11442152,7.5358305,fixed,fixed
819771,93,7.5358305,0.0,-0.838675,-1.2750087,1,[np.float32(5.877573)],[np.float32(0.053509373)],0.053509373,7.5358305,fixed,fixed
819771,133,7.5358305,0.0,-0.8383318,-1.2750087,1,[np.float32(5.877573)],[np.float32(0.053509373)],0.053509373,7.5358305,fixed,fixed
819771,151,6.357125,0.0,-0.7607224,-1.2335458,1,[np.float32(5.0934668)],[np.float32(0.12033005)],0.12033005,5.0934668,fixed,fixed
819771,152,6.842684,0.0,-0.7909195,-1.4268335,1,[np.float32(5.877573)],[np.float32(0.11442152)],0.11442152,7.5358305,fixed,fixed
819771,153,7.5358305,0.0,-0.8382065,-1.2450897,1,[np.float32(5.0934668)],[np.float32(0.07239285)],0.07239285,7.5358305,fixed,fixed
819771,155,5.877573,0.0,-0.7376722,-0.7222562,1,[np.float32(5.877573)],[np.float32(0.02113925)],0.02113925,6.7248263,fixed,fixed
819771,163,7.5358305,0.0,-0.84625447,-1.2750087,1,[np.float32(5.877573)],[np.float32(0.053509373)],0.053509373,8.228977,fixed,fixed
819771,172,5.0934668,0.0,-0.7570314,-0.9160638,1,[np.float32(5.0934668)],[np.float32(0.08184193)],0.08184193,6.9761195,fixed,fixed
819771,177,5.877573,0.0,-0.7442848,-0.7222562,2,"[np.float32(5.0934668), np.float32(5.877573)]","[np.float32(0.028311158), np.float32(0.02113925)]",0.028311158,6.7248263,fixed,fixed
819771,179,5.184434,0.0,-0.6709613,-0.6998308,1,[np.float32(5.0934668)],[np.float32(0.04016033)],0.04016033,6.9761195,fixed,fixed
819771,184,5.4253707,0.0,-0.69340295,-0.9543958,2,"[np.float32(5.0934668), np.float32(5.877573)]","[np.float32(0.020732379), np.float32(0.053859804)]",0.053859804,8.228977,fixed,fixed
819771,185,5.877573,0.0,-0.7446665,-0.7222562,1,[np.float32(5.877573)],[np.float32(0.02113925)],0.02113925,6.7248263,fixed,fixed
819771,188,7.1303654,0.0,-0.78706914,-1.3484745,1,[np.float32(5.0934668)],[np.float32(0.11897195)],0.11897195,5.0934668,fixed,fixed
819771,189,7.5358305,0.0,-0.81643367,-1.4836296,1,[np.float32(5.0934668)],[np.float32(0.14657553)],0.14657553,5.0934668,fixed,fixed
819771,190,5.5545464,0.0,-0.68396616,-0.8232016,1,[np.float32(5.0934668)],[np.float32(0.050411604)],0.050411604,5.0934668,fixed,fixed
819771,238,5.0934668,0.0,-0.68235564,-0.6907969,1,[np.float32(4.45615)],[np.float32(0.055879492)],0.055879492,6.7248263,fixed,fixed
819771,256,5.284512,0.0,-0.71738905,-0.7331901,1,[np.float32(5.0934668)],[np.float32(0.04278246)],0.04278246,6.088874,fixed,fixed
819771,263,6.7248263,0.0,-0.7866514,-1.809466,1,[np.float32(5.877573)],[np.float32(0.32661414)],0.32661414,5.877573,fixed,fixed
819771,264,5.877573,0.0,-0.7450119,-0.47823286,1,[np.float32(4.45615)],[np.float32(0.018026534)],0.018026534,6.7248263,fixed,fixed
819771,265,5.4253707,0.0,-0.70461595,-0.9543958,1,[np.float32(5.877573)],[np.float32(0.053859804)],0.053859804,7.5358305,fixed,fixed
819771,266,7.5358305,0.0,-0.8445293,-1.2750087,1,[np.float32(5.877573)],[np.float32(0.053509373)],0.053509373,8.228977,fixed,fixed
819771,267,6.214031,0.0,-0.73412,-1.4078817,2,"[np.float32(5.0934668), np.float32(5.877573)]","[np.float32(0.20743524), np.float32(0.025936576)]",0.20743524,5.0934668,fixed,fixed
819771,268,6.842684,0.0,-0.7922902,-1.4268335,1,[np.float32(5.877573)],[np.float32(0.11442152)],0.11442152,7.5358305,fixed,fixed
819771,269,7.5358305,0.0,-0.8296271,-1.2750087,2,"[np.float32(5.0934668), np.float32(5.877573)]","[np.float32(0.07239285), np.float32(0.053509373)]",0.07239285,7.5358305,fixed,fixed
819771,286,6.7248263,0.0,-0.76988107,-1.5031306,1,[np.float32(5.0934668)],[np.float32(0.21994561)],0.21994561,5.0934668,fixed,fixed
819771,289,5.5545464,0.0,-0.70624566,-0.58466166,1,[np.float32(5.0934668)],[np.float32(0.022772891)],0.022772891,8.228977,fixed,fixed
819771,290,6.088874,0.0,-0.7226151,-1.0013107,1,[np.float32(5.0934668)],[np.float32(0.06837011)],0.06837011,5.284512,fixed,fixed
819771,291,5.877573,0.0,-0.74614704,-0.6923372,1,[np.float32(5.0934668)],[np.float32(0.028311158)],0.028311158,6.7248263,fixed,fixed
819771,293,5.0934668,0.0,-0.67241293,-0.9160638,1,[np.float32(5.0934668)],[np.float32(0.08184193)],0.08184193,6.7248263,fixed,fixed
819771,300,7.1303654,0.0,-0.79176646,-1.3484745,1,[np.float32(5.0934668)],[np.float32(0.11897195)],0.11897195,5.0934668,fixed,fixed
819771,317,5.184434,0.0,-0.6504253,-0.48213395,1,[np.float32(4.45615)],[np.float32(0.025582792)],0.025582792,6.9761195,fixed,fixed
819771,345,7.5358305,0.0,-0.8307791,-1.0309854,1,[np.float32(4.45615)],[np.float32(0.051759012)],0.051759012,7.5358305,fixed,fixed
819771,346,6.214031,0.0,-0.7396824,-1.1765699,1,[np.float32(4.45615)],[np.float32(0.14939366)],0.14939366,4.45615,fixed,fixed
819771,358,5.877573,0.0,-0.7448754,-0.47823286,1,[np.float32(4.45615)],[np.float32(0.018026534)],0.018026534,6.9761195,fixed,fixed
819771,368,5.284512,0.0,-0.71547234,-0.7331901,2,"[np.float32(5.0934668), np.float32(4.45615)]","[np.float32(0.04278246), np.float32(0.027684145)]",0.04278246,6.088874,fixed,fixed
819771,370,7.1303654,0.0,-0.7904805,-1.1307777,1,[np.float32(4.45615)],[np.float32(0.08554994)],0.08554994,5.0934668,fixed,fixed
819771,371,5.786329,0.0,-0.7262788,-0.68276554,1,[np.float32(4.45615)],[np.float32(0.03937889)],0.03937889,8.228977,fixed,fixed
819771,372,7.5358305,0.0,-0.81109124,-1.0309854,1,[np.float32(4.45615)],[np.float32(0.051759012)],0.051759012,5.284512,fixed,fixed
819771,376,5.877573,0.0,-0.7433552,-0.85227984,1,[np.float32(4.45615)],[np.float32(0.06546549)],0.06546549,6.9761195,fixed,fixed
819771,400,6.214031,0.0,-0.7364769,-0.5903856,1,[np.float32(4.45615)],[np.float32(0.023234414)],0.023234414,4.5525913,fixed,fixed
819771,420,4.951692,0.0,-0.6297361,-0.6435387,1,[np.float32(4.45615)],[np.float32(0.050913606)],0.050913606,5.487917,fixed,fixed
819771,424,7.5358305,0.0,-0.82619214,-1.2659328,1,[np.float32(4.45615)],[np.float32(0.10599228)],0.10599228,4.45615,fixed,fixed
819771,425,5.977319,0.0,-0.72563297,-0.51148146,1,[np.float32(4.45615)],[np.float32(0.01951078)],0.01951078,6.088874,fixed,fixed
819771,426,6.842684,0.0,-0.779548,-1.0348839,1,[np.float32(4.45615)],[np.float32(0.073229)],0.073229,6.088874,fixed,fixed
819771,429,5.487917,0.0,-0.6682989,-0.5832949,1,[np.float32(4.45615)],[np.float32(0.03217449)],0.03217449,4.951692,fixed,fixed
819771,430,4.8111362,0.0,-0.6241959,-0.3577014,1,[np.float32(4.45615)],[np.float32(0.018269394)],0.018269394,6.18106,fixed,fixed
819771,432,8.228977,0.0,-0.8530113,-1.2620343,1,[np.float32(4.45615)],[np.float32(0.07493763)],0.07493763,4.951692,fixed,fixed
819771,442,6.7248263,0.0,-0.7678679,-1.2758845,1,[np.float32(4.45615)],[np.float32(0.15904854)],0.15904854,4.45615,fixed,fixed
819771,443,5.977319,0.0,-0.7226732,-0.7464289,1,[np.float32(4.45615)],[np.float32(0.044439927)],0.044439927,4.45615,fixed,fixed
819771,447,7.5358305,0.0,-0.82619214,-1.2659328,1,[np.float32(4.45615)],[np.float32(0.10599228)],0.10599228,4.45615,fixed,fixed
819771,458,7.1303654,0.0,-0.8046711,-1.1307777,1,[np.float32(4.45615)],[np.float32(0.08554994)],0.08554994,4.45615,fixed,fixed
819771,486,6.18106,0.0,-0.73213947,-1.0533279,1,[np.float32(4.45615)],[np.float32(0.10544442)],0.10544442,4.45615,fixed,fixed
826654,43,6.088874,0.0,-0.7441183,-1.1430093,1,[np.float32(5.786329)],[np.float32(0.07359712)],0.07359712,6.7248263,fixed,fixed
826654,48,4.5525913,0.0,-0.5916992,-0.48921657,1,[np.float32(5.0934668)],[np.float32(0.025679354)],0.025679354,6.088874,fixed,fixed
826654,51,6.088874,0.0,-0.7443498,-0.76277083,1,[np.float32(5.0934668)],[np.float32(0.03232453)],0.03232453,6.7248263,fixed,fixed
826654,59,6.088874,0.0,-0.74534166,-2.0296233,1,[np.float32(6.7248263)],[np.float32(0.36320382)],0.36320382,6.7248263,fixed,fixed
826654,75,5.0934668,0.0,-0.70618695,-0.9160638,1,[np.float32(5.0934668)],[np.float32(0.08184193)],0.08184193,6.5241694,fixed,fixed
826654,92,6.842684,0.0,-0.79053104,-1.0129257,1,[np.float32(5.786329)],[np.float32(0.03519518)],0.03519518,7.5358305,fixed,fixed
826654,93,7.5358305,0.0,-0.83805853,-1.4825125,1,[np.float32(5.786329)],[np.float32(0.10332351)],0.10332351,7.5358305,fixed,fixed
826654,96,7.5358305,0.0,-0.82784766,-1.2450897,1,[np.float32(5.0934668)],[np.float32(0.07239285)],0.07239285,7.5358305,fixed,fixed
826654,97,6.214031,0.0,-0.7317498,-1.4078817,1,[np.float32(5.0934668)],[np.float32(0.20743524)],0.20743524,5.0934668,fixed,fixed
826654,101,6.842684,0.0,-0.7950926,-0.89081335,1,[np.float32(5.4253707)],[np.float32(0.028767666)],0.028767666,7.5358305,fixed,fixed
826654,103,7.1303654,0.0,-0.7881097,-1.3484745,1,[np.float32(5.0934668)],[np.float32(0.11897195)],0.11897195,5.0934668,fixed,fixed
826654,104,5.5545464,0.0,-0.70780927,-0.58466166,1,[np.float32(5.0934668)],[np.float32(0.022772891)],0.022772891,8.228977,fixed,fixed
826654,105,6.088874,0.0,-0.7247231,-1.0013107,1,[np.float32(5.0934668)],[np.float32(0.06837011)],0.06837011,4.5525913,fixed,fixed
826654,107,5.284512,0.0,-0.68211687,-0.7331901,1,[np.float32(5.0934668)],[np.float32(0.04278246)],0.04278246,6.088874,fixed,fixed
826654,118,6.842684,0.0,-0.78656435,-1.0129257,1,[np.float32(5.786329)],[np.float32(0.03519518)],0.03519518,7.5358305,fixed,fixed
826654,122,5.877573,0.0,-0.73711985,-1.0725757,1,[np.float32(5.786329)],[np.float32(0.06569621)],0.06569621,6.7248263,fixed,fixed
826654,125,5.877573,0.0,-0.70741165,-0.9457287,1,[np.float32(5.4253707)],[np.float32(0.053859804)],0.053859804,6.9761195,fixed,fixed
826654,126,7.5358305,0.0,-0.8370089,-1.358078,1,[np.float32(5.4253707)],[np.float32(0.08591343)],0.08591343,7.5358305,fixed,fixed
826654,127,6.842684,0.0,-0.7950926,-0.89081335,1,[np.float32(5.4253707)],[np.float32(0.028767666)],0.028767666,7.5358305,fixed,fixed
826654,129,5.877573,0.0,-0.7463118,-0.9457287,1,[np.float32(5.4253707)],[np.float32(0.053859804)],0.053859804,6.7248263,fixed,fixed
826654,135,5.877573,0.0,-0.7361058,-0.6923372,1,[np.float32(5.0934668)],[np.float32(0.028311158)],0.028311158,6.7248263,fixed,fixed
826654,197,6.7248263,0.0,-0.7677881,-1.5031306,1,[np.float32(5.0934668)],[np.float32(0.21994561)],0.21994561,5.0934668,fixed,fixed
826654,198,5.5545464,0.0,-0.68331546,-0.8232016,1,[np.float32(5.0934668)],[np.float32(0.050411604)],0.050411604,5.0934668,fixed,fixed
826654,205,5.184434,0.0,-0.6644309,-0.6998308,1,[np.float32(5.0934668)],[np.float32(0.04016033)],0.04016033,6.7248263,fixed,fixed
826654,208,7.5358305,0.0,-0.8155923,-1.4836296,1,[np.float32(5.0934668)],[np.float32(0.14657553)],0.14657553,5.0934668,fixed,fixed
826654,209,5.4253707,0.0,-0.6944408,-0.5416031,1,[np.float32(5.0934668)],[np.float32(0.020732379)],0.020732379,8.228977,fixed,fixed
826654,215,7.5358305,0.0,-0.82951224,-1.2450897,1,[np.float32(5.0934668)],[np.float32(0.07239285)],0.07239285,7.5358305,fixed,fixed
826654,216,6.214031,0.0,-0.7354218,-1.1858479,1,[np.float32(5.0934668)],[np.float32(0.111585006)],0.111585006,5.0934668,fixed,fixed
826654,221,5.0934668,0.0,-0.68953675,-0.9160638,1,[np.float32(5.0934668)],[np.float32(0.08184193)],0.08184193,6.7248263,fixed,fixed
826654,222,7.1303654,0.0,-0.7895126,-1.3484745,1,[np.float32(5.0934668)],[np.float32(0.11897195)],0.11897195,5.0934668,fixed,fixed
837349,57,4.45615,0.0,-0.5796101,-0.7036249,1,[np.float32(5.0934668)],[np.float32(0.055879492)],0.055879492,6.7248263,broken,broken
837349,158,6.214031,0.0,-0.7323242,-1.1858479,1,[np.float32(5.0934668)],[np.float32(0.111585006)],0.111585006,4.45615,broken,broken
837349,159,7.5358305,0.0,-0.8314748,-1.2450897,1,[np.float32(5.0934668)],[np.float32(0.07239285)],0.07239285,7.5358305,broken,broken
837349,161,5.877573,0.0,-0.74731416,-0.6923372,1,[np.float32(5.0934668)],[np.float32(0.028311158)],0.028311158,6.7248263,broken,broken
837349,164,5.0099363,0.0,-0.62899435,-0.9214029,2,"[np.float32(5.0934668), np.float32(5.184434)]","[np.float32(0.03582518), np.float32(0.08219252)]",0.08219252,5.184434,broken,broken
837349,166,7.1303654,0.0,-0.7938963,-1.3484745,1,[np.float32(5.0934668)],[np.float32(0.11897195)],0.11897195,5.0934668,broken,broken
837349,167,5.977319,0.0,-0.72314936,-0.9641257,1,[np.float32(5.0934668)],[np.float32(0.06426283)],0.06426283,5.0934668,broken,broken
837349,168,7.5358305,0.0,-0.8197475,-1.4836296,1,[np.float32(5.0934668)],[np.float32(0.14657553)],0.14657553,5.0934668,broken,broken
837349,179,5.184434,0.0,-0.6709613,-0.9795687,1,[np.float32(5.184434)],[np.float32(0.09065181)],0.09065181,6.9761195,broken,broken
837349,185,5.877573,0.0,-0.74432117,-0.72318894,1,[np.float32(5.184434)],[np.float32(0.029987883)],0.029987883,6.7248263,broken,broken
837349,186,5.977319,0.0,-0.7229883,-0.72558576,1,[np.float32(5.0934668)],[np.float32(0.03016363)],0.03016363,5.877573,broken,broken
837349,191,8.228977,0.0,-0.8623768,-1.5069904,1,[np.float32(5.184434)],[np.float32(0.10851108)],0.10851108,5.184434,broken,broken
837349,193,7.1303654,0.0,-0.7916567,-1.3800663,1,[np.float32(5.184434)],[np.float32(0.12464258)],0.12464258,5.184434,broken,broken
837349,194,5.625983,0.0,-0.6934587,-0.6393257,1,[np.float32(5.184434)],[np.float32(0.025467675)],0.025467675,5.184434,broken,broken
837349,218,6.214031,0.0,-0.72983676,-0.8044899,1,[np.float32(5.0934668)],[np.float32(0.034869)],0.034869,5.284512,broken,broken
837349,226,5.284512,0.0,-0.68263435,-1.5799981,2,"[np.float32(5.0934668), np.float32(6.214031)]","[np.float32(0.04278246), np.float32(0.22865157)]",0.22865157,6.088874,broken,broken
837349,228,7.5358305,0.0,-0.81421965,-1.2450897,1,[np.float32(5.0934668)],[np.float32(0.07239285)],0.07239285,5.284512,broken,broken
837349,251,6.7248263,0.0,-0.7710106,-1.5031306,1,[np.float32(5.0934668)],[np.float32(0.21994561)],0.21994561,5.0934668,broken,broken
837349,252,5.877573,0.0,-0.73603666,-0.8374105,1,[np.float32(6.214031)],[np.float32(0.025936576)],0.025936576,6.7248263,broken,broken
837349,253,5.786329,0.0,-0.70952946,-0.9004624,1,[np.float32(5.0934668)],[np.float32(0.05768841)],0.05768841,8.228977,broken,broken
837349,267,6.214031,0.0,-0.7296206,-0.8353417,1,[np.float32(5.184434)],[np.float32(0.036789175)],0.036789175,5.0934668,broken,broken
837349,274,6.214031,0.0,-0.73576087,-1.4078817,1,[np.float32(5.0934668)],[np.float32(0.20743524)],0.20743524,5.0934668,broken,broken
837349,275,7.5358305,0.0,-0.8288978,-1.2450897,1,[np.float32(5.0934668)],[np.float32(0.07239285)],0.07239285,7.5358305,broken,broken
837349,277,5.877573,0.0,-0.7478497,-0.6923372,1,[np.float32(5.0934668)],[np.float32(0.028311158)],0.028311158,6.7248263,broken,broken
837349,280,5.877573,0.0,-0.71584666,-1.3951551,1,[np.float32(5.184434)],[np.float32(0.2165618)],0.2165618,5.184434,broken,broken
837349,281,5.0934668,0.0,-0.6780814,-1.697821,3,"[np.float32(5.0934668), np.float32(6.214031), np.float32(6.7248263)]","[np.float32(0.08184193), np.float32(0.034869), np.float32(0.21994561)]",0.21994561,6.7248263,broken,broken
837349,282,7.1303654,0.0,-0.792055,-1.3484745,1,[np.float32(5.0934668)],[np.float32(0.11897195)],0.11897195,5.0934668,broken,broken
837349,293,5.0934668,0.0,-0.67167604,-0.70109993,1,[np.float32(5.184434)],[np.float32(0.04016033)],0.04016033,6.7248263,broken,broken
837349,294,6.7248263,0.0,-0.7717423,-1.5367365,1,[np.float32(5.184434)],[np.float32(0.23030394)],0.23030394,5.184434,broken,broken
837349,297,5.4253707,0.0,-0.69385344,-0.8117346,1,[np.float32(5.184434)],[np.float32(0.049271513)],0.049271513,8.228977,broken,broken
837349,298,5.877573,0.0,-0.74551207,-0.72318894,1,[np.float32(5.184434)],[np.float32(0.029987883)],0.029987883,6.7248263,broken,broken
837349,301,7.5358305,0.0,-0.8160423,-1.2759415,1,[np.float32(5.184434)],[np.float32(0.07588504)],0.07588504,5.0934668,broken,broken
837349,303,8.228977,0.0,-0.86457276,-1.5069904,1,[np.float32(5.184434)],[np.float32(0.10851108)],0.10851108,5.184434,broken,broken
837349,304,5.184434,0.0,-0.6943436,-0.9795687,1,[np.float32(5.184434)],[np.float32(0.09065181)],0.09065181,6.7248263,broken,broken
837349,305,7.1303654,0.0,-0.7924046,-1.3800663,1,[np.float32(5.184434)],[np.float32(0.12464258)],0.12464258,5.184434,broken,broken
837349,335,5.5545464,0.0,-0.7077887,-0.72973496,1,[np.float32(6.214031)],[np.float32(0.021325735)],0.021325735,8.228977,broken,broken
837349,337,7.5358305,0.0,-0.8565937,-1.3901631,1,[np.float32(6.214031)],[np.float32(0.06367433)],0.06367433,8.228977,broken,broken
837349,338,4.5525913,0.0,-0.6086692,-1.0560807,1,[np.float32(6.214031)],[np.float32(0.08361014)],0.08361014,6.214031,broken,broken
839459,48,4.5525913,0.0,-0.5916992,-0.48921657,1,[np.float32(5.0934668)],[np.float32(0.025679354)],0.025679354,6.088874,fixed,fixed
839459,51,6.088874,0.0,-0.7443498,-0.76277083,1,[np.float32(5.0934668)],[np.float32(0.03232453)],0.03232453,6.7248263,fixed,fixed
839459,55,5.2083592,0.0,-0.6504584,-0.9875438,1,[np.float32(5.184434)],[np.float32(0.09186398)],0.09186398,4.951692,fixed,fixed
839459,57,4.45615,0.0,-0.5796101,-1.1193571,2,"[np.float32(7.5358305), np.float32(5.184434)]","[np.float32(0.051759012), np.float32(0.025582792)]",0.051759012,6.7248263,fixed,fixed
839459,59,6.088874,0.0,-0.74534166,-1.3811659,1,[np.float32(7.5358305)],[np.float32(0.059698556)],0.059698556,6.7248263,fixed,fixed
839459,60,4.951692,0.0,-0.63997406,-0.9019881,1,[np.float32(5.184434)],[np.float32(0.079511344)],0.079511344,5.2083592,fixed,fixed
839459,75,5.0934668,0.0,-0.70618695,-0.9160638,1,[np.float32(5.0934668)],[np.float32(0.08184193)],0.08184193,6.5241694,fixed,fixed
839459,96,7.5358305,0.0,-0.82784766,-1.2450897,1,[np.float32(5.0934668)],[np.float32(0.07239285)],0.07239285,7.5358305,fixed,fixed
839459,97,6.214031,0.0,-0.7317498,-1.4078817,1,[np.float32(5.0934668)],[np.float32(0.20743524)],0.20743524,5.0934668,fixed,fixed
839459,103,7.1303654,0.0,-0.7881097,-1.3484745,1,[np.float32(5.0934668)],[np.float32(0.11897195)],0.11897195,5.0934668,fixed,fixed
839459,104,5.5545464,0.0,-0.70780927,-0.58466166,1,[np.float32(5.0934668)],[np.float32(0.022772891)],0.022772891,8.228977,fixed,fixed
839459,105,6.088874,0.0,-0.7247231,-1.0013107,1,[np.float32(5.0934668)],[np.float32(0.06837011)],0.06837011,4.5525913,fixed,fixed
839459,107,5.284512,0.0,-0.68211687,-0.7331901,1,[np.float32(5.0934668)],[np.float32(0.04278246)],0.04278246,6.088874,fixed,fixed
839459,129,5.877573,0.0,-0.7463118,-1.4707679,1,[np.float32(6.842684)],[np.float32(0.11442152)],0.11442152,6.7248263,fixed,fixed
839459,135,5.877573,0.0,-0.7361058,-0.6923372,1,[np.float32(5.0934668)],[np.float32(0.028311158)],0.028311158,6.7248263,fixed,fixed
839459,151,6.357125,0.0,-0.7607224,-0.88303953,1,[np.float32(5.184434)],[np.float32(0.039985858)],0.039985858,5.0934668,fixed,fixed
839459,162,5.5545464,0.0,-0.7023829,-1.2030567,1,[np.float32(7.5358305)],[np.float32(0.045181643)],0.045181643,7.5358305,fixed,fixed
839459,163,7.5358305,0.0,-0.8479067,-1.8634847,1,[np.float32(7.5358305)],[np.float32(0.12459149)],0.12459149,8.228977,fixed,fixed
839459,164,5.0099363,0.0,-0.62899435,-1.2146889,1,[np.float32(5.184434)],[np.float32(0.18143204)],0.18143204,5.184434,fixed,fixed
839459,165,5.0934668,0.0,-0.67389154,-1.331796,1,[np.float32(7.5358305)],[np.float32(0.07239285)],0.07239285,6.7248263,fixed,fixed
839459,180,5.0934668,0.0,-0.6779502,-0.70109993,1,[np.float32(5.184434)],[np.float32(0.04016033)],0.04016033,6.7248263,fixed,fixed
839459,181,6.9761195,0.0,-0.7863383,-1.5279642,1,[np.float32(5.184434)],[np.float32(0.20308375)],0.20308375,5.184434,fixed,fixed
839459,184,5.4253707,0.0,-0.69289,-0.8117346,1,[np.float32(5.184434)],[np.float32(0.049271513)],0.049271513,8.228977,fixed,fixed
839459,185,5.877573,0.0,-0.7447835,-0.72318894,1,[np.float32(5.184434)],[np.float32(0.029987883)],0.029987883,6.7248263,fixed,fixed
839459,189,7.5358305,0.0,-0.8150927,-1.2759415,1,[np.float32(5.184434)],[np.float32(0.07588504)],0.07588504,5.0934668,fixed,fixed
839459,191,8.228977,0.0,-0.8636004,-1.5069904,1,[np.float32(5.184434)],[np.float32(0.10851108)],0.10851108,5.184434,fixed,fixed
839459,192,5.184434,0.0,-0.68658626,-0.9795687,1,[np.float32(5.184434)],[np.float32(0.09065181)],0.09065181,6.7248263,fixed,fixed
839459,193,7.1303654,0.0,-0.79155105,-1.3800663,1,[np.float32(5.184434)],[np.float32(0.12464258)],0.12464258,5.184434,fixed,fixed
839459,197,6.7248263,0.0,-0.7677881,-1.5031306,1,[np.float32(5.0934668)],[np.float32(0.21994561)],0.21994561,5.0934668,fixed,fixed
839459,198,5.5545464,0.0,-0.68331546,-0.8232016,1,[np.float32(5.0934668)],[np.float32(0.050411604)],0.050411604,5.0934668,fixed,fixed
839459,205,5.184434,0.0,-0.6644309,-0.6998308,1,[np.float32(5.0934668)],[np.float32(0.04016033)],0.04016033,6.7248263,fixed,fixed
839459,208,7.5358305,0.0,-0.8155923,-1.4836296,1,[np.float32(5.0934668)],[np.float32(0.14657553)],0.14657553,5.0934668,fixed,fixed
839459,209,5.4253707,0.0,-0.6944408,-0.5416031,1,[np.float32(5.0934668)],[np.float32(0.020732379)],0.020732379,8.228977,fixed,fixed
839459,214,5.977319,0.0,-0.73136604,-1.090112,1,[np.float32(6.842684)],[np.float32(0.03904639)],0.03904639,7.5358305,fixed,fixed
839459,215,7.5358305,0.0,-0.82951224,-1.2450897,1,[np.float32(5.0934668)],[np.float32(0.07239285)],0.07239285,7.5358305,fixed,fixed
839459,216,6.214031,0.0,-0.7354218,-1.1858479,1,[np.float32(5.0934668)],[np.float32(0.111585006)],0.111585006,5.0934668,fixed,fixed
839459,217,7.5358305,0.0,-0.85971105,-1.8636626,1,[np.float32(6.842684)],[np.float32(0.17628156)],0.17628156,6.842684,fixed,fixed
839459,221,5.0934668,0.0,-0.68953675,-0.9160638,1,[np.float32(5.0934668)],[np.float32(0.08184193)],0.08184193,6.7248263,fixed,fixed
839459,222,7.1303654,0.0,-0.7895126,-1.3484745,1,[np.float32(5.0934668)],[np.float32(0.11897195)],0.11897195,5.0934668,fixed,fixed
839459,226,5.284512,0.0,-0.6818721,-0.78790426,1,[np.float32(4.5525913)],[np.float32(0.0667954)],0.0667954,6.088874,fixed,fixed
839459,241,5.786329,0.0,-0.7423596,-1.0264486,1,[np.float32(6.842684)],[np.float32(0.03519518)],0.03519518,7.5358305,fixed,fixed
839459,246,5.877573,0.0,-0.74840033,-1.4707679,1,[np.float32(6.842684)],[np.float32(0.11442152)],0.11442152,6.7248263,fixed,fixed
839459,281,5.0934668,0.0,-0.6765831,-0.98517436,2,"[np.float32(5.977319), np.float32(4.5525913)]","[np.float32(0.06426283), np.float32(0.025679354)]",0.06426283,6.7248263,fixed,fixed
839459,330,6.214031,0.0,-0.72759837,-0.99743533,1,[np.float32(4.5525913)],[np.float32(0.08361014)],0.08361014,5.284512,fixed,fixed
839459,333,5.0934668,0.0,-0.6850632,-0.86838627,1,[np.float32(4.5525913)],[np.float32(0.093068875)],0.093068875,6.9761195,fixed,fixed
839459,336,6.088874,0.0,-0.72189856,-1.0560249,1,[np.float32(4.5525913)],[np.float32(0.105595194)],0.105595194,5.284512,fixed,fixed
839459,339,6.088501,0.0,-0.7359288,-0.58072996,1,[np.float32(4.5525913)],[np.float32(0.022736935)],0.022736935,4.5525913,fixed,fixed
839459,340,7.5358305,0.0,-0.81632656,-1.2985231,1,[np.float32(4.5525913)],[np.float32(0.11134854)],0.11134854,4.5525913,fixed,fixed
839459,365,5.786329,0.0,-0.7098213,-0.4800059,1,[np.float32(4.5525913)],[np.float32(0.018084316)],0.018084316,6.088874,fixed,fixed
839459,421,5.4253707,0.0,-0.661307,-0.5950365,1,[np.float32(4.5525913)],[np.float32(0.032927886)],0.032927886,5.0934668,fixed,fixed
839459,428,4.8111362,0.0,-0.6190685,-0.63011235,1,[np.float32(4.5525913)],[np.float32(0.049403396)],0.049403396,6.18106,fixed,fixed
839459,435,6.842684,0.0,-0.77915347,-0.83212423,1,[np.float32(4.5525913)],[np.float32(0.036879055)],0.036879055,4.8111362,fixed,fixed
839459,436,6.088874,0.0,-0.71959674,-1.2291789,1,[np.float32(4.5525913)],[np.float32(0.17459728)],0.17459728,4.5525913,fixed,fixed
839459,437,5.487917,0.0,-0.672869,-0.99986964,1,[np.float32(4.5525913)],[np.float32(0.116307676)],0.116307676,4.5525913,fixed,fixed
839459,438,6.214031,0.0,-0.7224737,-1.270898,1,[np.float32(4.5525913)],[np.float32(0.18643393)],0.18643393,4.5525913,fixed,fixed
839459,439,8.228977,0.0,-0.8529455,-1.294222,1,[np.float32(4.5525913)],[np.float32(0.078724585)],0.078724585,4.8111362,fixed,fixed
846283,18,4.8111362,0.0,-0.6212669,-0.4782444,1,[np.float32(4.8111362)],[np.float32(0.025171421)],0.025171421,7.5358305,broken,broken
846283,27,4.8111362,0.0,-0.6232312,-0.72078735,1,[np.float32(4.8111362)],[np.float32(0.058463678)],0.058463678,7.5358305,broken,broken
846283,39,5.901499,0.0,-0.7226517,-1.0842415,1,[np.float32(4.8111362)],[np.float32(0.109549694)],0.109549694,4.8111362,broken,broken
846283,42,6.842684,0.0,-0.7832672,-1.1554269,1,[np.float32(4.8111362)],[np.float32(0.08839323)],0.08839323,4.8111362,broken,broken
846283,44,7.5358305,0.0,-0.8190697,-1.149825,1,[np.float32(4.8111362)],[np.float32(0.062477622)],0.062477622,4.8111362,broken,broken
846283,45,5.786329,0.0,-0.70734495,-0.80330855,1,[np.float32(4.8111362)],[np.float32(0.048971288)],0.048971288,4.8111362,broken,broken
846283,46,7.5358305,0.0,-0.8190697,-1.149825,1,[np.float32(4.8111362)],[np.float32(0.062477622)],0.062477622,4.8111362,broken,broken
846283,48,4.5525913,0.0,-0.59293896,-0.6346057,1,[np.float32(4.8111362)],[np.float32(0.049403396)],0.049403396,6.088874,broken,broken
846283,50,6.842684,0.0,-0.7825969,-0.91877604,1,[np.float32(4.8111362)],[np.float32(0.04272912)],0.04272912,6.088874,broken,broken
846283,51,6.088874,0.0,-0.7443498,-2.0296233,1,[np.float32(6.7248263)],[np.float32(0.36320382)],0.36320382,6.7248263,broken,broken
846283,52,7.5358305,0.0,-0.82004124,-1.3864759,1,[np.float32(4.8111362)],[np.float32(0.12702198)],0.12702198,4.8111362,broken,broken
846283,53,5.786329,0.0,-0.70644337,-0.5666577,1,[np.float32(4.8111362)],[np.float32(0.021990279)],0.021990279,6.088874,broken,broken
846283,54,7.5358305,0.0,-0.82004124,-1.3864759,1,[np.float32(4.8111362)],[np.float32(0.12702198)],0.12702198,4.8111362,broken,broken
846283,57,4.45615,0.0,-0.58009285,-1.1193571,2,"[np.float32(4.8111362), np.float32(7.5358305)]","[np.float32(0.018269394), np.float32(0.051759012)]",0.051759012,6.7248263,broken,broken
846283,83,5.877573,0.0,-0.7100837,-0.97457576,1,[np.float32(4.8111362)],[np.float32(0.07992371)],0.07992371,6.9761195,broken,broken
846283,99,6.214031,0.0,-0.7302374,-0.7248516,1,[np.float32(5.5545464)],[np.float32(0.021325735)],0.021325735,4.5525913,broken,broken
846283,100,8.228977,0.0,-0.8716386,-1.3965002,1,[np.float32(5.5545464)],[np.float32(0.064895034)],0.064895034,7.5358305,broken,broken
846283,101,6.842684,0.0,-0.7950926,-0.93440247,1,[np.float32(5.5545464)],[np.float32(0.030949712)],0.030949712,7.5358305,broken,broken
846283,102,5.0934668,0.0,-0.68732744,-0.58827734,1,[np.float32(5.5545464)],[np.float32(0.022772891)],0.022772891,6.7248263,broken,broken
846283,107,5.284512,0.0,-0.68137205,-1.7615027,1,[np.float32(7.5358305)],[np.float32(0.1614404)],0.1614404,6.088874,broken,broken
846283,113,5.877573,0.0,-0.7624464,-0.5970724,1,[np.float32(4.8111362)],[np.float32(0.023465414)],0.023465414,6.9761195,broken,broken
846283,125,5.877573,0.0,-0.7089018,-0.97457576,1,[np.float32(4.8111362)],[np.float32(0.07992371)],0.07992371,6.9761195,broken,broken
846283,144,5.877573,0.0,-0.7060514,-0.5970724,1,[np.float32(4.8111362)],[np.float32(0.023465414)],0.023465414,6.9761195,broken,broken
846283,165,5.0934668,0.0,-0.67240787,-0.91494185,1,[np.float32(5.786329)],[np.float32(0.05768841)],0.05768841,6.7248263,broken,broken
846283,226,5.284512,0.0,-0.6818721,-0.7320729,1,[np.float32(5.786329)],[np.float32(0.030146634)],0.030146634,6.088874,broken,broken
846283,249,6.842684,0.0,-0.7905878,-1.0129257,1,[np.float32(5.786329)],[np.float32(0.03519518)],0.03519518,7.5358305,broken,broken
846283,252,5.877573,0.0,-0.73603666,-1.0725757,1,[np.float32(5.786329)],[np.float32(0.06569621)],0.06569621,6.7248263,broken,broken
846283,254,8.228977,0.0,-0.8715128,-1.4750236,1,[np.float32(5.786329)],[np.float32(0.07304597)],0.07304597,7.5358305,broken,broken
846283,393,4.411208,0.0,-0.6072367,-0.7577548,1,[np.float32(5.977319)],[np.float32(0.043234326)],0.043234326,6.214031,broken,broken
846283,405,5.0934668,0.0,-0.67169046,-0.8931484,1,[np.float32(5.0301485)],[np.float32(0.078936815)],0.078936815,6.5241694,broken,broken
846283,407,5.877573,0.0,-0.7465571,-0.6709097,1,[np.float32(5.0301485)],[np.float32(0.02717884)],0.02717884,6.9761195,broken,broken
846283,416,5.184434,0.0,-0.6923108,-0.67792916,1,[np.float32(5.0301485)],[np.float32(0.038555223)],0.038555223,4.8615465,broken,broken
846283,445,4.5525913,0.0,-0.6472548,-0.46731496,1,[np.float32(5.0301485)],[np.float32(0.024382805)],0.024382805,6.088874,broken,broken
846283,452,4.8111362,0.0,-0.61247504,-0.79903823,1,[np.float32(5.0301485)],[np.float32(0.06689753)],0.06689753,6.18106,broken,broken
846283,466,7.5358305,0.0,-0.8176758,-1.2236623,1,[np.float32(5.0301485)],[np.float32(0.0700509)],0.0700509,4.8111362,broken,broken
846283,479,5.977319,0.0,-0.7234167,-0.7041583,1,[np.float32(5.0301485)],[np.float32(0.028986992)],0.028986992,5.0301485,broken,broken
846283,481,5.366584,0.0,-0.6859855,-1.246261,1,[np.float32(5.0301485)],[np.float32(0.18958113)],0.18958113,5.0301485,broken,broken
849409,27,4.8111362,0.0,-0.6232312,-0.5264527,1,[np.float32(4.951692)],[np.float32(0.028111102)],0.028111102,7.5358305,fixed,fixed
849409,51,6.088874,0.0,-0.7443498,-1.5412015,1,[np.float32(6.842684)],[np.float32(0.12746923)],0.12746923,6.7248263,fixed,fixed
849409,55,5.2083592,0.0,-0.6504584,-1.0522863,1,[np.float32(4.951692)],[np.float32(0.12398622)],0.12398622,4.951692,fixed,fixed
849409,57,4.45615,0.0,-0.5796101,-1.2546011,2,"[np.float32(4.951692), np.float32(7.1303654)]","[np.float32(0.050913606), np.float32(0.08554994)]",0.08554994,6.7248263,fixed,fixed
849409,58,6.842684,0.0,-0.7877417,-0.96611446,1,[np.float32(4.951692)],[np.float32(0.046202783)],0.046202783,6.088874,fixed,fixed
849409,61,8.228977,0.0,-0.85503906,-1.4282122,1,[np.float32(4.951692)],[np.float32(0.096448004)],0.096448004,4.951692,fixed,fixed
849409,102,5.0934668,0.0,-0.68732744,-0.54395676,1,[np.float32(5.4253707)],[np.float32(0.020732379)],0.020732379,6.7248263,fixed,fixed
849409,104,5.5545464,0.0,-0.708026,-0.9491878,1,[np.float32(6.842684)],[np.float32(0.030949712)],0.030949712,8.228977,fixed,fixed
849409,106,7.5358305,0.0,-0.8583375,-1.8636626,1,[np.float32(6.842684)],[np.float32(0.17628156)],0.17628156,8.228977,fixed,fixed
849409,129,5.877573,0.0,-0.7463118,-0.9457287,1,[np.float32(5.4253707)],[np.float32(0.053859804)],0.053859804,6.7248263,fixed,fixed
849409,130,5.4253707,0.0,-0.70440704,-0.9061293,1,[np.float32(6.842684)],[np.float32(0.028767666)],0.028767666,7.5358305,fixed,fixed
849409,135,5.877573,0.0,-0.73782325,-1.4707679,1,[np.float32(6.842684)],[np.float32(0.11442152)],0.11442152,6.7248263,fixed,fixed
849409,144,5.877573,0.0,-0.7071499,-1.0236865,1,[np.float32(4.951692)],[np.float32(0.08631818)],0.08631818,6.9761195,fixed,fixed
849409,164,5.0099363,0.0,-0.6297805,-0.5927194,1,[np.float32(4.951692)],[np.float32(0.032502197)],0.032502197,5.184434,fixed,fixed
849409,172,5.0934668,0.0,-0.758013,-0.864945,1,[np.float32(4.951692)],[np.float32(0.07544661)],0.07544661,6.9761195,fixed,fixed
849409,179,5.184434,0.0,-0.6724414,-0.8952674,1,[np.float32(4.951692)],[np.float32(0.079511344)],0.079511344,6.9761195,fixed,fixed
849409,187,5.4253707,0.0,-0.65833294,-0.73119754,1,[np.float32(4.951692)],[np.float32(0.042770606)],0.042770606,5.0934668,fixed,fixed
849409,203,8.228977,0.0,-0.8704356,-1.3529111,1,[np.float32(5.4253707)],[np.float32(0.060737602)],0.060737602,7.5358305,fixed,fixed
849409,204,6.842684,0.0,-0.7910573,-0.89081335,1,[np.float32(5.4253707)],[np.float32(0.028767666)],0.028767666,7.5358305,fixed,fixed
849409,205,5.184434,0.0,-0.6636893,-0.81590843,1,[np.float32(5.4253707)],[np.float32(0.049271513)],0.049271513,6.7248263,fixed,fixed
878834,18,4.8111362,0.0,-0.6212669,-0.79903823,1,[np.float32(5.0301485)],[np.float32(0.06689753)],0.06689753,7.5358305,fixed,fixed
878834,25,5.2083592,0.0,-0.6504584,-0.95436126,1,[np.float32(5.0934668)],[np.float32(0.087324865)],0.087324865,4.5525913,fixed,fixed
878834,27,4.8111362,0.0,-0.6232312,-1.0073801,2,"[np.float32(5.877573), np.float32(5.0934668)]","[np.float32(0.07992371), np.float32(0.031217033)]",0.07992371,7.5358305,fixed,fixed
878834,29,6.088874,0.0,-0.74501234,-0.7926898,1,[np.float32(5.877573)],[np.float32(0.02407378)],0.02407378,6.7248263,fixed,fixed
878834,30,4.5525913,0.0,-0.59375,-0.88719004,1,[np.float32(5.0934668)],[np.float32(0.093068875)],0.093068875,6.214031,fixed,fixed
878834,35,5.977319,0.0,-0.72633404,-0.7041583,1,[np.float32(5.0301485)],[np.float32(0.028986992)],0.028986992,5.0301485,fixed,fixed
878834,37,7.5358305,0.0,-0.81979454,-1.2236623,1,[np.float32(5.0301485)],[np.float32(0.0700509)],0.0700509,4.8111362,fixed,fixed
878834,38,5.1152887,0.0,-0.6457414,-1.162496,1,[np.float32(5.0301485)],[np.float32(0.1660328)],0.1660328,5.0301485,fixed,fixed
878834,40,4.8111362,0.0,-0.6243947,-1.1321839,2,"[np.float32(5.901499), np.float32(5.877573)]","[np.float32(0.109549694), np.float32(0.023465414)]",0.109549694,7.5358305,fixed,fixed
878834,48,4.5525913,0.0,-0.59234726,-0.46731496,1,[np.float32(5.0301485)],[np.float32(0.024382805)],0.024382805,6.088874,fixed,fixed
878834,55,5.2083592,0.0,-0.6504584,-0.7078059,1,[np.float32(5.0934668)],[np.float32(0.0407778)],0.0407778,4.951692,fixed,fixed
878834,57,4.45615,0.0,-0.5796101,-0.4877282,1,[np.float32(5.877573)],[np.float32(0.018026534)],0.018026534,6.7248263,fixed,fixed
878834,60,4.951692,0.0,-0.63997406,-1.054232,2,"[np.float32(5.877573), np.float32(5.0934668)]","[np.float32(0.08631818), np.float32(0.07544661)]",0.08631818,5.2083592,fixed,fixed
878834,72,5.184434,0.0,-0.7288406,-0.67792916,1,[np.float32(5.0301485)],[np.float32(0.038555223)],0.038555223,4.8615465,fixed,fixed
878834,75,5.0934668,0.0,-0.7075566,-0.8931484,1,[np.float32(5.0301485)],[np.float32(0.078936815)],0.078936815,6.5241694,fixed,fixed
878834,83,5.877573,0.0,-0.70914996,-0.6709097,1,[np.float32(5.0301485)],[np.float32(0.02717884)],0.02717884,6.9761195,fixed,fixed
878834,147,6.9761195,0.0,-0.8008211,-1.7898527,1,[np.float32(5.877573)],[np.float32(0.28801104)],0.28801104,5.877573,fixed,fixed
878834,149,5.4253707,0.0,-0.70461935,-0.9543958,1,[np.float32(5.877573)],[np.float32(0.053859804)],0.053859804,7.5358305,fixed,fixed
878834,150,7.5358305,0.0,-0.84427816,-1.2750087,1,[np.float32(5.877573)],[np.float32(0.053509373)],0.053509373,8.228977,fixed,fixed
878834,151,6.357125,0.0,-0.76121074,-1.3805634,2,"[np.float32(5.877573), np.float32(5.0934668)]","[np.float32(0.02819126), np.float32(0.18210293)]",0.18210293,5.0934668,fixed,fixed
878834,152,6.842684,0.0,-0.7928618,-1.4268335,1,[np.float32(5.877573)],[np.float32(0.11442152)],0.11442152,7.5358305,fixed,fixed
878834,153,7.5358305,0.0,-0.8388281,-1.2750087,2,"[np.float32(5.877573), np.float32(5.0934668)]","[np.float32(0.053509373), np.float32(0.07239285)]",0.07239285,7.5358305,fixed,fixed
878834,171,6.9761195,0.0,-0.8095387,-1.4951938,1,[np.float32(5.0934668)],[np.float32(0.19394967)],0.19394967,5.0934668,fixed,fixed
878834,175,5.5545464,0.0,-0.7050529,-0.58466166,1,[np.float32(5.0934668)],[np.float32(0.022772891)],0.022772891,8.228977,fixed,fixed
878834,176,6.088874,0.0,-0.7207635,-1.0013107,1,[np.float32(5.0934668)],[np.float32(0.06837011)],0.06837011,5.284512,fixed,fixed
878834,177,5.877573,0.0,-0.7446745,-0.6923372,1,[np.float32(5.0934668)],[np.float32(0.028311158)],0.028311158,6.7248263,fixed,fixed
878834,180,5.0934668,0.0,-0.6785245,-0.9160638,1,[np.float32(5.0934668)],[np.float32(0.08184193)],0.08184193,6.7248263,fixed,fixed
878834,187,5.4253707,0.0,-0.65908825,-1.0266985,1,[np.float32(5.0934668)],[np.float32(0.098482996)],0.098482996,5.0934668,fixed,fixed
878834,188,7.1303654,0.0,-0.7867149,-1.3484745,1,[np.float32(5.0934668)],[np.float32(0.11897195)],0.11897195,5.0934668,fixed,fixed
878834,256,5.284512,0.0,-0.7173068,-0.7331901,1,[np.float32(5.0934668)],[np.float32(0.04278246)],0.04278246,6.088874,fixed,fixed
878834,304,5.184434,0.0,-0.6927825,-0.9795687,1,[np.float32(5.184434)],[np.float32(0.09065181)],0.09065181,6.7248263,fixed,fixed
878834,392,5.877573,0.0,-0.7128928,-1.210615,1,[np.float32(5.184434)],[np.float32(0.13178323)],0.13178323,5.184434,fixed,fixed
878834,410,6.088874,0.0,-0.76191,-0.79362255,1,[np.float32(5.184434)],[np.float32(0.034148183)],0.034148183,6.7248263,fixed,fixed
878834,415,8.228977,0.0,-0.8628501,-1.5069904,1,[np.float32(5.184434)],[np.float32(0.10851108)],0.10851108,5.184434,fixed,fixed
878834,416,5.184434,1.0,-0.9676467,-1.7281433,1,[np.float32(6.9761195)],[np.float32(0.20308375)],0.20308375,4.8615465,fixed,fixed
878834,417,7.1303654,0.0,-0.79160947,-1.3800663,1,[np.float32(5.184434)],[np.float32(0.12464258)],0.12464258,5.184434,fixed,fixed
878834,418,5.625983,0.0,-0.69321567,-0.6393257,1,[np.float32(5.184434)],[np.float32(0.025467675)],0.025467675,5.184434,fixed,fixed
878834,452,4.8111362,0.0,-0.6140224,-0.85513616,1,[np.float32(5.184434)],[np.float32(0.07331457)],0.07331457,6.18106,fixed,fixed
878834,463,5.0301485,0.0,-0.6273629,-0.67999387,1,[np.float32(5.184434)],[np.float32(0.038555223)],0.038555223,5.366584,fixed,fixed
878834,470,4.8615465,0.0,-0.6281865,-1.2561784,1,[np.float32(5.184434)],[np.float32(0.2086917)],0.2086917,5.184434,fixed,fixed
878834,481,5.366584,0.0,-0.6827223,-0.792139,1,[np.float32(5.184434)],[np.float32(0.04756625)],0.04756625,5.0301485,fixed,fixed
878834,482,6.9761195,1.0,-0.99252087,-1.5279642,1,[np.float32(5.184434)],[np.float32(0.20308375)],0.20308375,5.184434,fixed,fixed
878834,485,5.487917,0.0,-0.66868806,-1.0807297,1,[np.float32(5.184434)],[np.float32(0.10704957)],0.10704957,4.8615465,fixed,fixed
905801,48,4.5525913,0.0,-0.5916992,-0.48921657,1,[np.float32(5.0934668)],[np.float32(0.025679354)],0.025679354,6.088874,fixed,fixed
905801,51,6.088874,0.0,-0.7443498,-0.76277083,1,[np.float32(5.0934668)],[np.float32(0.03232453)],0.03232453,6.7248263,fixed,fixed
905801,75,5.0934668,0.0,-0.70618695,-1.331796,2,"[np.float32(7.5358305), np.float32(5.0934668)]","[np.float32(0.07239285), np.float32(0.08184193)]",0.08184193,6.5241694,fixed,fixed
905801,95,5.977319,0.0,-0.7329656,-1.3439808,1,[np.float32(7.5358305)],[np.float32(0.05635246)],0.05635246,7.5358305,fixed,fixed
905801,96,7.5358305,1.0,-0.9810814,-1.2450897,1,[np.float32(5.0934668)],[np.float32(0.07239285)],0.07239285,7.5358305,fixed,fixed
905801,97,6.214031,0.0,-0.7317498,-1.4078817,1,[np.float32(5.0934668)],[np.float32(0.20743524)],0.20743524,5.0934668,fixed,fixed
905801,98,7.5358305,0.0,-0.86021936,-1.8634847,1,[np.float32(7.5358305)],[np.float32(0.12459149)],0.12459149,6.842684,fixed,fixed
905801,102,5.0934668,1.0,-0.9740224,-1.331796,1,[np.float32(7.5358305)],[np.float32(0.07239285)],0.07239285,6.7248263,fixed,fixed
905801,103,7.1303654,0.0,-0.7881097,-1.3484745,1,[np.float32(5.0934668)],[np.float32(0.11897195)],0.11897195,5.0934668,fixed,fixed
905801,104,5.5545464,0.0,-0.70780927,-0.58466166,1,[np.float32(5.0934668)],[np.float32(0.022772891)],0.022772891,8.228977,fixed,fixed
905801,105,6.088874,0.0,-0.7247231,-1.0013107,1,[np.float32(5.0934668)],[np.float32(0.06837011)],0.06837011,4.5525913,fixed,fixed
905801,107,5.284512,0.0,-0.68211687,-0.7331901,1,[np.float32(5.0934668)],[np.float32(0.04278246)],0.04278246,6.088874,fixed,fixed
905801,127,6.842684,0.0,-0.7950926,-1.4268335,1,[np.float32(5.877573)],[np.float32(0.11442152)],0.11442152,7.5358305,fixed,fixed
905801,129,5.877573,0.0,-0.74721396,-1.3107322,2,"[np.float32(7.5358305), np.float32(5.877573)]","[np.float32(0.053509373), np.float32(0.02113925)]",0.053509373,6.7248263,fixed,fixed
905801,135,5.877573,0.0,-0.7361058,-0.6923372,1,[np.float32(5.0934668)],[np.float32(0.028311158)],0.028311158,6.7248263,fixed,fixed
905801,145,7.5358305,0.0,-0.83797747,-1.2750087,1,[np.float32(5.877573)],[np.float32(0.053509373)],0.053509373,7.5358305,fixed,fixed
905801,148,5.877573,0.0,-0.7450183,-0.7222562,1,[np.float32(5.877573)],[np.float32(0.02113925)],0.02113925,6.7248263,fixed,fixed
905801,156,5.786329,0.0,-0.74627256,-1.0747151,1,[np.float32(5.877573)],[np.float32(0.06569621)],0.06569621,7.5358305,fixed,fixed
905801,157,7.5358305,0.0,-0.86089414,-1.2750087,1,[np.float32(5.877573)],[np.float32(0.053509373)],0.053509373,6.842684,fixed,fixed
905801,161,5.877573,0.0,-0.7476652,-0.7222562,1,[np.float32(5.877573)],[np.float32(0.02113925)],0.02113925,6.7248263,fixed,fixed
905801,164,5.0099363,0.0,-0.62899435,-0.92046994,1,[np.float32(5.877573)],[np.float32(0.057961278)],0.057961278,5.184434,fixed,fixed
905801,182,5.877573,0.0,-0.74706304,-0.7222562,1,[np.float32(5.877573)],[np.float32(0.02113925)],0.02113925,6.7248263,fixed,fixed
905801,185,5.877573,0.0,-0.74432117,-1.0725757,1,[np.float32(5.786329)],[np.float32(0.06569621)],0.06569621,6.7248263,fixed,fixed
905801,192,5.184434,0.0,-0.6850254,-1.4616389,1,[np.float32(5.877573)],[np.float32(0.2165618)],0.2165618,6.7248263,fixed,fixed
905801,197,6.7248263,0.0,-0.7677881,-1.5031306,1,[np.float32(5.0934668)],[np.float32(0.21994561)],0.21994561,5.0934668,fixed,fixed
905801,198,5.5545464,0.0,-0.68331546,-0.8232016,1,[np.float32(5.0934668)],[np.float32(0.050411604)],0.050411604,5.0934668,fixed,fixed
905801,205,5.184434,0.0,-0.6644309,-0.6998308,1,[np.float32(5.0934668)],[np.float32(0.04016033)],0.04016033,6.7248263,fixed,fixed
905801,208,7.5358305,0.0,-0.8155923,-1.4836296,1,[np.float32(5.0934668)],[np.float32(0.14657553)],0.14657553,5.0934668,fixed,fixed
905801,209,5.4253707,0.0,-0.6944408,-0.5416031,1,[np.float32(5.0934668)],[np.float32(0.020732379)],0.020732379,8.228977,fixed,fixed
905801,215,7.5358305,0.0,-0.82951224,-1.2450897,1,[np.float32(5.0934668)],[np.float32(0.07239285)],0.07239285,7.5358305,fixed,fixed
905801,216,6.214031,0.0,-0.7354218,-1.1858479,1,[np.float32(5.0934668)],[np.float32(0.111585006)],0.111585006,5.0934668,fixed,fixed
905801,217,7.5358305,0.0,-0.8579481,-1.2750087,1,[np.float32(5.877573)],[np.float32(0.053509373)],0.053509373,6.842684,fixed,fixed
905801,221,5.0934668,0.0,-0.68953675,-0.9160638,1,[np.float32(5.0934668)],[np.float32(0.08184193)],0.08184193,6.7248263,fixed,fixed
905801,222,7.1303654,0.0,-0.7895126,-1.3484745,1,[np.float32(5.0934668)],[np.float32(0.11897195)],0.11897195,5.0934668,fixed,fixed
905801,239,6.7248263,0.0,-0.78935796,-1.809466,1,[np.float32(5.877573)],[np.float32(0.32661414)],0.32661414,5.877573,fixed,fixed
905801,241,5.786329,0.0,-0.7428207,-1.0747151,1,[np.float32(5.877573)],[np.float32(0.06569621)],0.06569621,7.5358305,fixed,fixed
905801,243,7.5358305,0.0,-0.83630455,-1.2750087,1,[np.float32(5.877573)],[np.float32(0.053509373)],0.053509373,7.5358305,fixed,fixed
905801,244,6.842684,0.0,-0.7932607,-1.4268335,1,[np.float32(5.877573)],[np.float32(0.11442152)],0.11442152,7.5358305,fixed,fixed
905801,249,6.842684,0.0,-0.7905878,-1.0129257,1,[np.float32(5.786329)],[np.float32(0.03519518)],0.03519518,7.5358305,fixed,fixed
905801,250,7.5358305,0.0,-0.8380801,-1.4825125,1,[np.float32(5.786329)],[np.float32(0.10332351)],0.10332351,7.5358305,fixed,fixed
905801,268,6.842684,0.0,-0.79037875,-1.0129257,1,[np.float32(5.786329)],[np.float32(0.03519518)],0.03519518,7.5358305,fixed,fixed
905801,271,5.877573,0.0,-0.7381043,-1.0725757,1,[np.float32(5.786329)],[np.float32(0.06569621)],0.06569621,6.7248263,fixed,fixed
905801,274,6.214031,0.0,-0.7312314,-1.0736886,1,[np.float32(5.877573)],[np.float32(0.054237153)],0.054237153,5.0934668,fixed,fixed
905801,281,5.0934668,0.0,-0.67770076,-0.9483134,1,[np.float32(5.877573)],[np.float32(0.06076004)],0.06076004,6.7248263,fixed,fixed
905801,284,7.5358305,0.0,-0.817294,-1.5142883,1,[np.float32(5.877573)],[np.float32(0.10823412)],0.10823412,5.0934668,fixed,fixed
905801,298,5.877573,0.0,-0.7450323,-1.9591898,1,[np.float32(6.7248263)],[np.float32(0.32661414)],0.32661414,6.7248263,fixed,fixed
905801,299,5.977319,0.0,-0.7232959,-0.9947844,1,[np.float32(5.877573)],[np.float32(0.04764821)],0.04764821,5.877573,fixed,fixed
905801,304,5.184434,0.0,-0.69509923,-1.2467588,1,[np.float32(5.877573)],[np.float32(0.13178323)],0.13178323,6.7248263,fixed,fixed
905801,392,5.877573,0.0,-0.7144076,-1.2096821,1,[np.float32(5.877573)],[np.float32(0.092942566)],0.092942566,5.184434,fixed,fixed
914777,43,6.088874,0.0,-0.7441183,-1.1430093,1,[np.float32(5.786329)],[np.float32(0.07359712)],0.07359712,6.7248263,fixed,fixed
914777,55,5.2083592,0.0,-0.6504584,-0.9875438,1,[np.float32(5.184434)],[np.float32(0.09186398)],0.09186398,4.951692,fixed,fixed
914777,57,4.45615,0.0,-0.5796101,-0.48866105,1,[np.float32(5.184434)],[np.float32(0.025582792)],0.025582792,6.7248263,fixed,fixed
914777,58,6.842684,0.0,-0.7877417,-1.3574401,1,[np.float32(6.088874)],[np.float32(0.08446663)],0.08446663,6.088874,fixed,fixed
914777,60,4.951692,0.0,-0.63997406,-0.9019881,1,[np.float32(5.184434)],[np.float32(0.079511344)],0.079511344,5.2083592,fixed,fixed
914777,62,5.977319,0.0,-0.7283919,-1.0689851,1,[np.float32(6.088874)],[np.float32(0.05349227)],0.05349227,6.088874,fixed,fixed
914777,92,6.842684,0.0,-0.79053104,-1.4268335,2,"[np.float32(5.786329), np.float32(5.877573)]","[np.float32(0.03519518), np.float32(0.11442152)]",0.11442152,7.5358305,fixed,fixed
914777,93,7.5358305,0.0,-0.83805853,-1.4825125,1,[np.float32(5.786329)],[np.float32(0.10332351)],0.10332351,7.5358305,fixed,fixed
914777,96,7.5358305,0.0,-0.82784766,-1.2750087,1,[np.float32(5.877573)],[np.float32(0.053509373)],0.053509373,7.5358305,fixed,fixed
914777,97,6.214031,0.0,-0.7317498,-0.83440894,1,[np.float32(5.877573)],[np.float32(0.025936576)],0.025936576,5.0934668,fixed,fixed
914777,106,7.5358305,0.0,-0.85599244,-1.2750087,1,[np.float32(5.877573)],[np.float32(0.053509373)],0.053509373,8.228977,fixed,fixed
914777,118,6.842684,0.0,-0.78656435,-1.0129257,1,[np.float32(5.786329)],[np.float32(0.03519518)],0.03519518,7.5358305,fixed,fixed
914777,122,5.877573,0.0,-0.73711985,-1.0725757,2,"[np.float32(5.786329), np.float32(5.877573)]","[np.float32(0.06569621), np.float32(0.02113925)]",0.06569621,6.7248263,fixed,fixed
914777,125,5.877573,0.0,-0.707897,-0.79443073,1,[np.float32(6.088874)],[np.float32(0.02407378)],0.02407378,6.9761195,fixed,fixed
914777,130,5.4253707,0.0,-0.7048248,-0.9543958,1,[np.float32(5.877573)],[np.float32(0.053859804)],0.053859804,7.5358305,fixed,fixed
914777,135,5.877573,0.0,-0.73600984,-0.7222562,1,[np.float32(5.877573)],[np.float32(0.02113925)],0.02113925,6.7248263,fixed,fixed
914777,138,7.5358305,0.0,-0.8684164,-1.3471832,1,[np.float32(6.088874)],[np.float32(0.059698556)],0.059698556,8.228977,fixed,fixed
914777,151,6.357125,0.0,-0.7607224,-0.88303953,1,[np.float32(5.184434)],[np.float32(0.039985858)],0.039985858,5.0934668,fixed,fixed
914777,154,6.7248263,0.0,-0.8056455,-1.9018301,1,[np.float32(6.088874)],[np.float32(0.36320382)],0.36320382,6.088874,fixed,fixed
914777,155,5.877573,0.0,-0.7380322,-0.7222562,1,[np.float32(5.877573)],[np.float32(0.02113925)],0.02113925,6.7248263,fixed,fixed
914777,156,5.786329,0.0,-0.7464611,-1.1510593,1,[np.float32(6.088874)],[np.float32(0.07359712)],0.07359712,7.5358305,fixed,fixed
914777,158,6.214031,0.0,-0.7328805,-0.9065835,1,[np.float32(6.088874)],[np.float32(0.029311275)],0.029311275,4.45615,fixed,fixed
914777,159,7.5358305,0.0,-0.83221847,-1.3471832,1,[np.float32(6.088874)],[np.float32(0.059698556)],0.059698556,7.5358305,fixed,fixed
914777,160,6.842684,0.0,-0.7974887,-1.5031776,1,[np.float32(6.088874)],[np.float32(0.12746923)],0.12746923,7.5358305,fixed,fixed
914777,164,5.0099363,0.0,-0.62899435,-1.2146889,1,[np.float32(5.184434)],[np.float32(0.18143204)],0.18143204,5.184434,fixed,fixed
914777,180,5.0934668,0.0,-0.6779502,-0.70109993,1,[np.float32(5.184434)],[np.float32(0.04016033)],0.04016033,6.7248263,fixed,fixed
914777,181,6.9761195,0.0,-0.7863383,-1.5279642,1,[np.float32(5.184434)],[np.float32(0.20308375)],0.20308375,5.184434,fixed,fixed
914777,184,5.4253707,0.0,-0.69289,-0.8117346,1,[np.float32(5.184434)],[np.float32(0.049271513)],0.049271513,8.228977,fixed,fixed
914777,185,5.877573,0.0,-0.7447835,-0.72318894,1,[np.float32(5.184434)],[np.float32(0.029987883)],0.029987883,6.7248263,fixed,fixed
914777,189,7.5358305,0.0,-0.8150927,-1.2759415,1,[np.float32(5.184434)],[np.float32(0.07588504)],0.07588504,5.0934668,fixed,fixed
914777,191,8.228977,0.0,-0.8636004,-1.5069904,1,[np.float32(5.184434)],[np.float32(0.10851108)],0.10851108,5.184434,fixed,fixed
914777,192,5.184434,0.0,-0.68658626,-0.9795687,1,[np.float32(5.184434)],[np.float32(0.09065181)],0.09065181,6.7248263,fixed,fixed
914777,193,7.1303654,0.0,-0.79155105,-1.3800663,1,[np.float32(5.184434)],[np.float32(0.12464258)],0.12464258,5.184434,fixed,fixed
914777,206,6.7248263,0.0,-0.7864156,-1.809466,1,[np.float32(5.877573)],[np.float32(0.32661414)],0.32661414,5.877573,fixed,fixed
914777,209,5.4253707,0.0,-0.6950871,-0.9543958,1,[np.float32(5.877573)],[np.float32(0.053859804)],0.053859804,8.228977,fixed,fixed
914777,210,7.5358305,0.0,-0.8559254,-1.2750087,1,[np.float32(5.877573)],[np.float32(0.053509373)],0.053509373,8.228977,fixed,fixed
914777,211,6.842684,0.0,-0.79220605,-1.4268335,1,[np.float32(5.877573)],[np.float32(0.11442152)],0.11442152,7.5358305,fixed,fixed
914777,212,7.5358305,0.0,-0.8385837,-1.2750087,1,[np.float32(5.877573)],[np.float32(0.053509373)],0.053509373,7.5358305,fixed,fixed
925287,12,4.411208,0.0,-0.5692437,-0.8389352,1,[np.float32(5.786329)],[np.float32(0.060431734)],0.060431734,6.214031,fixed,fixed
925287,36,5.0301485,0.0,-0.63041127,-0.8949577,1,[np.float32(5.0934668)],[np.float32(0.078936815)],0.078936815,5.1152887,fixed,fixed
925287,38,5.1152887,0.0,-0.64119995,-0.92333776,1,[np.float32(5.0934668)],[np.float32(0.08286201)],0.08286201,5.0301485,fixed,fixed
925287,48,4.5525913,0.0,-0.5916992,-0.73577195,1,[np.float32(5.0934668)],[np.float32(0.0593831)],0.0593831,6.088874,fixed,fixed
925287,51,6.088874,0.0,-0.7443498,-0.76277083,1,[np.float32(5.0934668)],[np.float32(0.03232453)],0.03232453,6.7248263,fixed,fixed
925287,66,5.901499,0.0,-0.710134,-0.93885237,1,[np.float32(5.0934668)],[np.float32(0.061586138)],0.061586138,6.088874,fixed,fixed
925287,74,6.5241694,0.0,-0.7657814,-1.5112611,1,[np.float32(5.0934668)],[np.float32(0.24319017)],0.24319017,5.0934668,fixed,fixed
925287,76,6.9761195,0.0,-0.7831094,-1.4951938,1,[np.float32(5.0934668)],[np.float32(0.19394967)],0.19394967,5.0934668,fixed,fixed
925287,77,5.5545464,0.0,-0.6822605,-0.8232016,1,[np.float32(5.0934668)],[np.float32(0.050411604)],0.050411604,5.0934668,fixed,fixed
925287,85,6.842684,0.0,-0.7950926,-0.93440247,1,[np.float32(5.5545464)],[np.float32(0.030949712)],0.030949712,7.5358305,fixed,fixed
925287,86,5.184434,0.0,-0.6647439,-0.6998308,1,[np.float32(5.0934668)],[np.float32(0.04016033)],0.04016033,6.7248263,fixed,fixed
925287,89,7.5358305,0.0,-0.8137163,-1.4836296,1,[np.float32(5.0934668)],[np.float32(0.14657553)],0.14657553,5.0934668,fixed,fixed
925287,90,5.4253707,0.0,-0.69388235,-0.5416031,1,[np.float32(5.0934668)],[np.float32(0.020732379)],0.020732379,8.228977,fixed,fixed
925287,96,7.5358305,0.0,-0.8286085,-1.2450897,1,[np.float32(5.0934668)],[np.float32(0.07239285)],0.07239285,7.5358305,fixed,fixed
925287,97,6.214031,0.0,-0.73340476,-1.1858479,1,[np.float32(5.0934668)],[np.float32(0.111585006)],0.111585006,5.0934668,fixed,fixed
925287,102,5.0934668,0.0,-0.688643,-0.9160638,1,[np.float32(5.0934668)],[np.float32(0.08184193)],0.08184193,6.7248263,fixed,fixed
925287,103,7.1303654,0.0,-0.7879904,-1.3484745,1,[np.float32(5.0934668)],[np.float32(0.11897195)],0.11897195,5.0934668,fixed,fixed
925287,113,5.877573,0.0,-0.762109,-0.8496461,1,[np.float32(5.5545464)],[np.float32(0.037488364)],0.037488364,6.9761195,fixed,fixed
925287,115,7.5358305,0.0,-0.83291256,-1.1654514,1,[np.float32(5.5545464)],[np.float32(0.045181643)],0.045181643,7.5358305,fixed,fixed
925287,116,6.214031,0.0,-0.7432409,-0.7248516,1,[np.float32(5.5545464)],[np.float32(0.021325735)],0.021325735,5.0934668,fixed,fixed
925287,445,4.5525913,0.0,-0.6472548,-1.1661005,1,[np.float32(6.18106)],[np.float32(0.111004144)],0.111004144,6.088874,fixed,fixed
930268,30,4.5525913,0.0,-0.59375,-1.1253842,1,[np.float32(6.088874)],[np.float32(0.105595194)],0.105595194,6.214031,broken,broken
930268,146,6.842684,0.0,-0.7950926,-0.93440247,1,[np.float32(5.5545464)],[np.float32(0.030949712)],0.030949712,7.5358305,broken,broken
930268,169,6.088874,0.0,-0.7342092,-1.3587313,1,[np.float32(6.088874)],[np.float32(0.11587737)],0.11587737,4.5525913,broken,broken
930268,172,5.0934668,0.0,-0.7570314,-1.0269289,2,"[np.float32(5.5545464), np.float32(6.088874)]","[np.float32(0.022772891), np.float32(0.06837011)]",0.06837011,6.9761195,broken,broken
930268,173,8.228977,0.0,-0.87101966,-1.3965002,1,[np.float32(5.5545464)],[np.float32(0.064895034)],0.064895034,7.5358305,broken,broken
930268,174,6.214031,0.0,-0.74051565,-0.7248516,1,[np.float32(5.5545464)],[np.float32(0.021325735)],0.021325735,5.284512,broken,broken
930268,177,5.877573,0.0,-0.7442848,-1.0725757,1,[np.float32(5.786329)],[np.float32(0.06569621)],0.06569621,6.7248263,broken,broken
930268,236,6.842684,0.0,-0.79025984,-1.0129257,1,[np.float32(5.786329)],[np.float32(0.03519518)],0.03519518,7.5358305,broken,broken
930268,237,8.228977,0.0,-0.87008506,-1.4750236,1,[np.float32(5.786329)],[np.float32(0.07304597)],0.07304597,7.5358305,broken,broken
930268,238,5.0934668,0.0,-0.68235564,-0.91494185,1,[np.float32(5.786329)],[np.float32(0.05768841)],0.05768841,6.7248263,broken,broken
930268,256,5.284512,0.0,-0.72176933,-1.6024088,2,"[np.float32(6.088874), np.float32(5.786329)]","[np.float32(0.2540094), np.float32(0.030146634)]",0.2540094,6.088874,broken,broken
930268,264,5.877573,0.0,-0.7450119,-1.9591898,1,[np.float32(6.7248263)],[np.float32(0.32661414)],0.32661414,6.7248263,broken,broken
930268,271,5.877573,0.0,-0.7381043,-1.0725757,1,[np.float32(5.786329)],[np.float32(0.06569621)],0.06569621,6.7248263,broken,broken
930268,290,6.088874,0.0,-0.7233781,-1.3587313,1,[np.float32(6.088874)],[np.float32(0.11587737)],0.11587737,5.284512,broken,broken
930268,313,5.0099363,0.0,-0.6319982,-0.5927194,1,[np.float32(4.951692)],[np.float32(0.032502197)],0.032502197,5.184434,broken,broken
930268,317,5.184434,0.0,-0.6504253,-0.8952674,1,[np.float32(4.951692)],[np.float32(0.079511344)],0.079511344,6.9761195,broken,broken
930268,323,6.842684,0.0,-0.79029906,-1.0129257,1,[np.float32(5.786329)],[np.float32(0.03519518)],0.03519518,7.5358305,broken,broken
930268,324,7.5358305,0.0,-0.83797014,-1.4825125,1,[np.float32(5.786329)],[np.float32(0.10332351)],0.10332351,7.5358305,broken,broken
930268,333,5.0934668,0.0,-0.6850632,-0.864945,1,[np.float32(4.951692)],[np.float32(0.07544661)],0.07544661,6.9761195,broken,broken
930268,348,6.842684,0.0,-0.79025984,-1.0129257,1,[np.float32(5.786329)],[np.float32(0.03519518)],0.03519518,7.5358305,broken,broken
930268,350,4.45615,0.0,-0.61061674,-0.6525061,1,[np.float32(4.951692)],[np.float32(0.050913606)],0.050913606,6.7248263,broken,broken
930268,352,6.088874,0.0,-0.75630844,-1.1430093,1,[np.float32(5.786329)],[np.float32(0.07359712)],0.07359712,6.7248263,broken,broken
930268,358,5.877573,0.0,-0.7445857,-1.0236865,1,[np.float32(4.951692)],[np.float32(0.08631818)],0.08631818,6.9761195,broken,broken
930268,421,5.4253707,0.0,-0.6615175,-0.73119754,1,[np.float32(4.951692)],[np.float32(0.042770606)],0.042770606,5.0934668,broken,broken
930268,426,6.842684,0.0,-0.7791647,-0.96611446,1,[np.float32(4.951692)],[np.float32(0.046202783)],0.046202783,6.088874,broken,broken
930268,428,4.8111362,0.0,-0.618634,-0.5264527,1,[np.float32(4.951692)],[np.float32(0.028111102)],0.028111102,6.18106,broken,broken
930268,429,5.487917,0.0,-0.6704949,-1.1454722,1,[np.float32(4.951692)],[np.float32(0.14413235)],0.14413235,4.951692,broken,broken
930268,432,8.228977,0.0,-0.8533556,-1.4282122,1,[np.float32(4.951692)],[np.float32(0.096448004)],0.096448004,4.951692,broken,broken
941814,221,5.0934668,0.0,-0.68816906,-1.2970537,1,[np.float32(6.357125)],[np.float32(0.12033005)],0.12033005,6.7248263,fixed,fixed
941814,244,6.842684,0.0,-0.7912968,-1.4268335,1,[np.float32(5.877573)],[np.float32(0.11442152)],0.11442152,7.5358305,fixed,fixed
941814,246,5.877573,0.0,-0.7463118,-0.7222562,1,[np.float32(5.877573)],[np.float32(0.02113925)],0.02113925,6.7248263,fixed,fixed
941814,252,5.877573,0.0,-0.73603666,-1.9591898,1,[np.float32(6.7248263)],[np.float32(0.32661414)],0.32661414,6.7248263,fixed,fixed
941814,261,7.5358305,0.0,-0.83633095,-1.2750087,1,[np.float32(5.877573)],[np.float32(0.053509373)],0.053509373,7.5358305,fixed,fixed
941814,264,5.877573,0.0,-0.7450119,-0.7222562,1,[np.float32(5.877573)],[np.float32(0.02113925)],0.02113925,6.7248263,fixed,fixed
941814,272,5.786329,0.0,-0.7423953,-1.0747151,1,[np.float32(5.877573)],[np.float32(0.06569621)],0.06569621,7.5358305,fixed,fixed
941814,273,7.5358305,0.0,-0.85741496,-1.2750087,1,[np.float32(5.877573)],[np.float32(0.053509373)],0.053509373,6.842684,fixed,fixed
941814,277,5.877573,0.0,-0.7477483,-0.7222562,1,[np.float32(5.877573)],[np.float32(0.02113925)],0.02113925,6.7248263,fixed,fixed
941814,293,5.0934668,0.0,-0.6709071,-0.9160638,1,[np.float32(5.0934668)],[np.float32(0.08184193)],0.08184193,6.7248263,fixed,fixed
941814,295,5.877573,0.0,-0.74706304,-0.7222562,1,[np.float32(5.877573)],[np.float32(0.02113925)],0.02113925,6.7248263,fixed,fixed
941814,304,5.184434,0.0,-0.6927825,-0.6998308,1,[np.float32(5.0934668)],[np.float32(0.04016033)],0.04016033,6.7248263,fixed,fixed
941814,317,5.184434,0.0,-0.6504253,-0.9004018,1,[np.float32(6.357125)],[np.float32(0.039985858)],0.039985858,6.9761195,fixed,fixed
941814,326,5.977319,0.0,-0.73060787,-0.920041,1,[np.float32(6.357125)],[np.float32(0.029844377)],0.029844377,7.5358305,fixed,fixed
941814,329,7.5358305,0.0,-0.8592093,-1.439545,2,"[np.float32(5.877573), np.float32(6.357125)]","[np.float32(0.053509373), np.float32(0.06852645)]",0.06852645,6.842684,fixed,fixed
941814,333,5.0934668,0.0,-0.6891313,-1.4864155,2,"[np.float32(6.357125), np.float32(5.487917)]","[np.float32(0.18210293), np.float32(0.10190828)]",0.18210293,6.9761195,fixed,fixed
941814,338,4.5525913,0.0,-0.6069725,-1.0431098,1,[np.float32(5.487917)],[np.float32(0.116307676)],0.116307676,6.214031,fixed,fixed
941814,351,6.7248263,0.0,-0.78935796,-1.809466,1,[np.float32(5.877573)],[np.float32(0.32661414)],0.32661414,5.877573,fixed,fixed
941814,353,5.786329,0.0,-0.7444302,-1.0747151,1,[np.float32(5.877573)],[np.float32(0.06569621)],0.06569621,7.5358305,fixed,fixed
941814,355,7.5358305,0.0,-0.83630455,-1.2750087,1,[np.float32(5.877573)],[np.float32(0.053509373)],0.053509373,7.5358305,fixed,fixed
941814,356,6.842684,0.0,-0.7932607,-1.4268335,1,[np.float32(5.877573)],[np.float32(0.11442152)],0.11442152,7.5358305,fixed,fixed
941814,358,5.877573,0.0,-0.7450591,-0.8867924,1,[np.float32(6.357125)],[np.float32(0.02819126)],0.02819126,6.9761195,fixed,fixed
941814,379,6.214031,0.0,-0.7289972,-1.1858479,1,[np.float32(5.0934668)],[np.float32(0.111585006)],0.111585006,5.0934668,fixed,fixed
941814,381,7.5358305,0.0,-0.82784855,-1.2450897,1,[np.float32(5.0934668)],[np.float32(0.07239285)],0.07239285,7.5358305,fixed,fixed
941814,403,6.088874,0.0,-0.7628434,-0.76277083,1,[np.float32(5.0934668)],[np.float32(0.03232453)],0.03232453,6.7248263,fixed,fixed
941814,409,5.4253707,0.0,-0.6931129,-0.5416031,1,[np.float32(5.0934668)],[np.float32(0.020732379)],0.020732379,8.228977,fixed,fixed
941814,412,7.1303654,0.0,-0.7918324,-1.3484745,1,[np.float32(5.0934668)],[np.float32(0.11897195)],0.11897195,5.0934668,fixed,fixed
941814,413,7.5358305,0.0,-0.81691796,-1.4836296,1,[np.float32(5.0934668)],[np.float32(0.14657553)],0.14657553,5.0934668,fixed,fixed
941814,414,5.5545464,0.0,-0.6840082,-0.8232016,1,[np.float32(5.0934668)],[np.float32(0.050411604)],0.050411604,5.0934668,fixed,fixed
941814,428,4.8111362,0.0,-0.6180178,-0.7136266,1,[np.float32(5.487917)],[np.float32(0.04073595)],0.04073595,6.18106,fixed,fixed
941814,430,4.8111362,0.0,-0.6237959,-1.6037108,1,[np.float32(7.5358305)],[np.float32(0.12702198)],0.12702198,6.18106,fixed,fixed
941814,436,6.088874,0.0,-0.71611494,-1.1395391,1,[np.float32(5.487917)],[np.float32(0.08458257)],0.08458257,4.5525913,fixed,fixed
941814,445,4.5525913,0.0,-0.6483404,-1.1515042,2,"[np.float32(5.0934668), np.float32(7.5358305)]","[np.float32(0.0593831), np.float32(0.054496072)]",0.0593831,6.088874,fixed,fixed
941814,463,5.0301485,0.0,-0.62815416,-0.8949577,1,[np.float32(5.0934668)],[np.float32(0.078936815)],0.078936815,5.366584,fixed,fixed
941814,476,6.9761195,0.0,-0.78777623,-1.4951938,1,[np.float32(5.0934668)],[np.float32(0.19394967)],0.19394967,5.0934668,fixed,fixed
941814,477,6.18106,0.0,-0.72635776,-1.0320394,1,[np.float32(5.0934668)],[np.float32(0.071924254)],0.071924254,6.088874,fixed,fixed
941814,480,6.5241694,0.0,-0.75569415,-1.5112611,1,[np.float32(5.0934668)],[np.float32(0.24319017)],0.24319017,5.0934668,fixed,fixed
941814,481,5.366584,0.0,-0.6834948,-1.0071028,1,[np.float32(5.0934668)],[np.float32(0.09535143)],0.09535143,5.0301485,fixed,fixed
946715,3,6.118513,0.0,-0.7425283,-1.368611,1,[np.float32(6.088874)],[np.float32(0.11766673)],0.11766673,6.088874,fixed,fixed
946715,11,5.901499,0.0,-0.7226517,-0.9446309,1,[np.float32(4.411208)],[np.float32(0.08816675)],0.08816675,4.411208,fixed,fixed
946715,14,7.1303654,0.0,-0.8069442,-1.1156284,1,[np.float32(4.411208)],[np.float32(0.083557665)],0.083557665,4.411208,fixed,fixed
946715,15,5.786329,0.0,-0.7048193,-0.80653757,1,[np.float32(4.411208)],[np.float32(0.060431734)],0.060431734,4.411208,fixed,fixed
946715,16,7.5358305,0.0,-0.83604264,-1.0160102,1,[np.float32(4.411208)],[np.float32(0.05052502)],0.05052502,4.411208,fixed,fixed
946715,18,4.8111362,0.0,-0.6257171,-1.1321839,2,"[np.float32(4.411208), np.float32(5.901499)]","[np.float32(0.044807605), np.float32(0.109549694)]",0.109549694,7.5358305,fixed,fixed
946715,20,6.842684,0.0,-0.7829998,-0.7849612,1,[np.float32(4.411208)],[np.float32(0.033946827)],0.033946827,4.8111362,fixed,fixed
946715,22,7.5358305,0.0,-0.821002,-1.2507834,1,[np.float32(4.411208)],[np.float32(0.10358117)],0.10358117,4.411208,fixed,fixed
946715,23,5.786329,0.0,-0.7068554,-0.43284288,1,[np.float32(4.411208)],[np.float32(0.01608032)],0.01608032,4.8111362,fixed,fixed
946715,24,7.5358305,0.0,-0.821002,-1.2507834,1,[np.float32(4.411208)],[np.float32(0.10358117)],0.10358117,4.411208,fixed,fixed
946715,25,5.2083592,0.0,-0.6504584,-1.0652264,1,[np.float32(6.088874)],[np.float32(0.07279101)],0.07279101,4.5525913,fixed,fixed
946715,27,4.8111362,0.0,-0.6236705,-0.34255204,1,[np.float32(4.411208)],[np.float32(0.017441027)],0.017441027,7.5358305,fixed,fixed
946715,30,4.5525913,0.0,-0.59375,-1.3584352,1,[np.float32(6.088874)],[np.float32(0.17459728)],0.17459728,6.214031,fixed,fixed
946715,36,5.0301485,0.0,-0.63041127,-0.8949577,1,[np.float32(5.0934668)],[np.float32(0.078936815)],0.078936815,5.1152887,fixed,fixed
946715,38,5.1152887,0.0,-0.64119995,-0.92333776,1,[np.float32(5.0934668)],[np.float32(0.08286201)],0.08286201,5.0301485,fixed,fixed
946715,48,4.5525913,0.0,-0.5939756,-1.0460023,2,"[np.float32(5.901499), np.float32(5.0934668)]","[np.float32(0.09528099), np.float32(0.0593831)]",0.09528099,6.088874,fixed,fixed
946715,51,6.088874,0.0,-0.7443498,-0.76277083,1,[np.float32(5.0934668)],[np.float32(0.03232453)],0.03232453,6.7248263,fixed,fixed
946715,66,5.901499,0.0,-0.710134,-0.93885237,1,[np.float32(5.0934668)],[np.float32(0.061586138)],0.061586138,6.088874,fixed,fixed
946715,74,6.5241694,0.0,-0.7657814,-1.5112611,1,[np.float32(5.0934668)],[np.float32(0.24319017)],0.24319017,5.0934668,fixed,fixed
946715,76,6.9761195,0.0,-0.7831094,-1.4951938,1,[np.float32(5.0934668)],[np.float32(0.19394967)],0.19394967,5.0934668,fixed,fixed
946715,77,5.5545464,0.0,-0.6822605,-0.8232016,1,[np.float32(5.0934668)],[np.float32(0.050411604)],0.050411604,5.0934668,fixed,fixed
946715,78,6.214031,0.0,-0.73108464,-1.2203809,1,[np.float32(4.411208)],[np.float32(0.17334172)],0.17334172,4.411208,fixed,fixed
946715,80,5.977319,0.0,-0.72787076,-0.4965062,1,[np.float32(4.411208)],[np.float32(0.018846264)],0.018846264,6.088874,fixed,fixed
946715,81,5.877573,0.0,-0.7042743,-0.69803095,1,[np.float32(4.411208)],[np.float32(0.040589653)],0.040589653,5.184434,fixed,fixed
946715,82,7.5358305,0.0,-0.82122904,-1.2507834,1,[np.float32(4.411208)],[np.float32(0.10358117)],0.10358117,5.877573,fixed,fixed
946715,86,5.184434,0.0,-0.6647439,-0.6998308,1,[np.float32(5.0934668)],[np.float32(0.04016033)],0.04016033,6.7248263,fixed,fixed
946715,89,7.5358305,0.0,-0.8137163,-1.4836296,1,[np.float32(5.0934668)],[np.float32(0.14657553)],0.14657553,5.0934668,fixed,fixed
946715,90,5.4253707,0.0,-0.69388235,-0.5416031,1,[np.float32(5.0934668)],[np.float32(0.020732379)],0.020732379,8.228977,fixed,fixed
946715,96,7.5358305,0.0,-0.8286085,-1.2450897,1,[np.float32(5.0934668)],[np.float32(0.07239285)],0.07239285,7.5358305,fixed,fixed
946715,97,6.214031,0.0,-0.73340476,-1.1858479,1,[np.float32(5.0934668)],[np.float32(0.111585006)],0.111585006,5.0934668,fixed,fixed
946715,102,5.0934668,0.0,-0.688643,-0.9160638,1,[np.float32(5.0934668)],[np.float32(0.08184193)],0.08184193,6.7248263,fixed,fixed
946715,103,7.1303654,0.0,-0.7879904,-1.3484745,1,[np.float32(5.0934668)],[np.float32(0.11897195)],0.11897195,5.0934668,fixed,fixed
946715,110,6.7248263,0.0,-0.7723836,-1.2602814,1,[np.float32(4.411208)],[np.float32(0.15543056)],0.15543056,4.411208,fixed,fixed
946715,111,5.977319,0.0,-0.7242054,-0.73127955,1,[np.float32(4.411208)],[np.float32(0.043234326)],0.043234326,4.411208,fixed,fixed
946715,113,5.877573,0.0,-0.76338625,-0.9366557,1,[np.float32(4.411208)],[np.float32(0.086986564)],0.086986564,6.9761195,fixed,fixed
946715,115,7.5358305,0.0,-0.833522,-1.0160102,1,[np.float32(4.411208)],[np.float32(0.05052502)],0.05052502,7.5358305,fixed,fixed
946715,116,6.214031,0.0,-0.74461156,-0.949105,1,[np.float32(4.411208)],[np.float32(0.077383995)],0.077383995,5.0934668,fixed,fixed
946715,120,5.0934668,0.0,-0.68330914,-0.67528695,1,[np.float32(4.411208)],[np.float32(0.054291654)],0.054291654,6.7248263,fixed,fixed
946715,139,6.214031,0.0,-0.72500885,-0.57541037,1,[np.float32(4.411208)],[np.float32(0.022515984)],0.022515984,4.5525913,fixed,fixed
946715,141,7.1303654,0.0,-0.79263777,-1.1156284,1,[np.float32(4.411208)],[np.float32(0.083557665)],0.083557665,5.0934668,fixed,fixed
946715,176,6.088874,0.0,-0.7216177,-1.3587313,1,[np.float32(6.088874)],[np.float32(0.11587737)],0.11587737,5.284512,fixed,fixed
955013,12,4.411208,0.0,-0.5692437,-0.34493503,1,[np.float32(4.8111362)],[np.float32(0.017441027)],0.017441027,6.214031,broken,broken
955013,25,5.2083592,0.0,-0.6504584,-0.610652,1,[np.float32(4.8111362)],[np.float32(0.0338484)],0.0338484,4.5525913,broken,broken
955013,26,5.901499,0.0,-0.7226517,-1.0842415,1,[np.float32(4.8111362)],[np.float32(0.109549694)],0.109549694,4.8111362,broken,broken
955013,28,6.842684,0.0,-0.7886848,-1.1554269,1,[np.float32(4.8111362)],[np.float32(0.08839323)],0.08839323,4.8111362,broken,broken
955013,30,4.5525913,0.0,-0.5949932,-0.6346057,1,[np.float32(4.8111362)],[np.float32(0.049403396)],0.049403396,6.214031,broken,broken
955013,31,8.228977,0.0,-0.85541505,-1.3808738,1,[np.float32(4.8111362)],[np.float32(0.089805946)],0.089805946,4.8111362,broken,broken
955013,32,5.977319,0.0,-0.7277689,-0.630321,1,[np.float32(4.8111362)],[np.float32(0.025133992)],0.025133992,6.088874,broken,broken
955013,40,4.8111362,0.0,-0.62321126,-1.0073801,2,"[np.float32(4.8111362), np.float32(5.877573)]","[np.float32(0.058463678), np.float32(0.07992371)]",0.07992371,7.5358305,broken,broken
955013,42,6.842684,0.0,-0.7825906,-0.91877604,1,[np.float32(4.8111362)],[np.float32(0.04272912)],0.04272912,4.8111362,broken,broken
955013,43,6.088874,0.0,-0.7441183,-0.7926898,1,[np.float32(5.877573)],[np.float32(0.02407378)],0.02407378,6.7248263,broken,broken
955013,44,7.5358305,0.0,-0.8203139,-1.3864759,1,[np.float32(4.8111362)],[np.float32(0.12702198)],0.12702198,4.8111362,broken,broken
955013,45,5.786329,0.0,-0.7068243,-0.5666577,1,[np.float32(4.8111362)],[np.float32(0.021990279)],0.021990279,4.8111362,broken,broken
955013,46,7.5358305,0.0,-0.8203139,-1.3864759,1,[np.float32(4.8111362)],[np.float32(0.12702198)],0.12702198,4.8111362,broken,broken
955013,48,4.5525913,0.0,-0.5916992,-0.80585074,2,"[np.float32(5.284512), np.float32(5.877573)]","[np.float32(0.0667954), np.float32(0.019440975)]",0.0667954,6.088874,broken,broken
955013,51,6.088874,0.0,-0.7443498,-1.5412015,1,[np.float32(6.842684)],[np.float32(0.12746923)],0.12746923,6.7248263,broken,broken
955013,57,4.45615,0.0,-0.5796101,-0.8890514,2,"[np.float32(5.284512), np.float32(5.877573)]","[np.float32(0.027684145), np.float32(0.06546549)]",0.06546549,6.7248263,broken,broken
955013,59,6.088874,0.0,-0.74534166,-0.7926898,1,[np.float32(5.877573)],[np.float32(0.02407378)],0.02407378,6.7248263,broken,broken
955013,60,4.951692,0.0,-0.64061207,-0.52509636,1,[np.float32(4.8111362)],[np.float32(0.028111102)],0.028111102,5.2083592,broken,broken
955013,99,6.214031,0.0,-0.7302374,-1.2541078,1,[np.float32(5.284512)],[np.float32(0.123305775)],0.123305775,4.5525913,broken,broken
955013,102,5.0934668,0.0,-0.68732744,-0.73604125,1,[np.float32(5.284512)],[np.float32(0.04278246)],0.04278246,6.7248263,broken,broken
955013,104,5.5545464,0.0,-0.708026,-0.9491878,1,[np.float32(6.842684)],[np.float32(0.030949712)],0.030949712,8.228977,broken,broken
955013,105,6.088874,0.0,-0.7236538,-1.3179449,1,[np.float32(5.284512)],[np.float32(0.15505402)],0.15505402,4.5525913,broken,broken
955013,106,7.5358305,0.0,-0.8583375,-1.8636626,1,[np.float32(6.842684)],[np.float32(0.17628156)],0.17628156,8.228977,broken,broken
955013,108,6.088501,0.0,-0.7355435,-0.82753754,1,[np.float32(5.284512)],[np.float32(0.03622828)],0.03622828,5.284512,broken,broken
955013,109,7.5358305,0.0,-0.817523,-1.5501624,1,[np.float32(5.284512)],[np.float32(0.1614404)],0.1614404,5.284512,broken,broken
955013,113,5.877573,0.0,-0.7632477,-0.97457576,1,[np.float32(4.8111362)],[np.float32(0.07992371)],0.07992371,6.9761195,broken,broken
955013,128,6.9761195,0.0,-0.8016407,-1.7898527,1,[np.float32(5.877573)],[np.float32(0.28801104)],0.28801104,5.877573,broken,broken
955013,130,5.4253707,0.0,-0.7053682,-0.9543958,2,"[np.float32(6.842684), np.float32(5.877573)]","[np.float32(0.028767666), np.float32(0.053859804)]",0.053859804,7.5358305,broken,broken
955013,131,7.5358305,0.0,-0.84438884,-1.2750087,1,[np.float32(5.877573)],[np.float32(0.053509373)],0.053509373,6.842684,broken,broken
955013,132,6.842684,0.0,-0.793209,-1.4268335,1,[np.float32(5.877573)],[np.float32(0.11442152)],0.11442152,7.5358305,broken,broken
955013,133,7.5358305,0.0,-0.8389576,-1.2750087,1,[np.float32(5.877573)],[np.float32(0.053509373)],0.053509373,7.5358305,broken,broken
955013,135,5.877573,0.0,-0.73782325,-1.4707679,1,[np.float32(6.842684)],[np.float32(0.11442152)],0.11442152,6.7248263,broken,broken
955013,136,5.786329,0.0,-0.7089791,-0.7268135,1,[np.float32(5.284512)],[np.float32(0.030146634)],0.030146634,8.228977,broken,broken
955013,139,6.214031,0.0,-0.7251206,-0.7092252,1,[np.float32(4.8111362)],[np.float32(0.029351974)],0.029351974,4.5525913,broken,broken
955013,144,5.877573,0.0,-0.7071042,-0.97457576,1,[np.float32(4.8111362)],[np.float32(0.07992371)],0.07992371,6.9761195,broken,broken
955013,172,5.0934668,0.0,-0.75746083,-0.57235456,1,[np.float32(4.8111362)],[np.float32(0.031217033)],0.031217033,6.9761195,broken,broken
955013,218,6.214031,0.0,-0.7340078,-1.4808785,1,[np.float32(5.284512)],[np.float32(0.22865157)],0.22865157,5.284512,broken,broken
955013,221,5.0934668,0.0,-0.6888977,-0.73604125,1,[np.float32(5.284512)],[np.float32(0.04278246)],0.04278246,6.7248263,broken,broken
955013,224,6.088874,0.0,-0.72984976,-1.5052582,1,[np.float32(5.284512)],[np.float32(0.2540094)],0.2540094,5.284512,broken,broken
955013,226,5.284512,0.0,-0.68350995,-1.0498244,1,[np.float32(5.284512)],[np.float32(0.10120408)],0.10120408,6.088874,broken,broken
961317,102,5.0934668,0.0,-0.68732744,-1.46704,1,[np.float32(7.1303654)],[np.float32(0.11897195)],0.11897195,6.7248263,fixed,fixed
961317,135,5.877573,0.0,-0.7356486,-1.4707679,1,[np.float32(6.842684)],[np.float32(0.11442152)],0.11442152,6.7248263,fixed,fixed
961317,165,5.0934668,0.0,-0.67240787,-1.697821,1,[np.float32(6.7248263)],[np.float32(0.21994561)],0.21994561,6.7248263,fixed,fixed
961317,192,5.184434,0.0,-0.6850254,-1.7281433,1,[np.float32(8.228977)],[np.float32(0.10851108)],0.10851108,6.7248263,fixed,fixed
961317,221,5.0934668,0.0,-0.68816906,-1.46704,1,[np.float32(7.1303654)],[np.float32(0.11897195)],0.11897195,6.7248263,fixed,fixed
961317,223,5.5545464,0.0,-0.707936,-0.9491878,1,[np.float32(6.842684)],[np.float32(0.030949712)],0.030949712,8.228977,fixed,fixed
961317,225,7.5358305,0.0,-0.8583937,-1.8636626,1,[np.float32(6.842684)],[np.float32(0.17628156)],0.17628156,8.228977,fixed,fixed
961317,247,5.4253707,0.0,-0.7043476,-0.9061293,1,[np.float32(6.842684)],[np.float32(0.028767666)],0.028767666,7.5358305,fixed,fixed
961317,252,5.877573,0.0,-0.73823005,-1.4707679,1,[np.float32(6.842684)],[np.float32(0.11442152)],0.11442152,6.7248263,fixed,fixed
961317,304,5.184434,0.0,-0.69471455,-1.7281433,1,[np.float32(8.228977)],[np.float32(0.10851108)],0.10851108,6.7248263,fixed,fixed
