step,node_id,base_weight,is_selected,action_taken,correlated_action_taken,num_selected_neighbors,weights_of_selected_neighbors,corrs_with_selected_neighbors,max_corr_to_selected_neighbor,weight_of_highest_corr_neighbor,logical_outcome,corr_logical_outcome
7545,8,4.8615465,0.0,-0.60912836,-0.87100667,1,[np.float32(5.877573)],[np.float32(0.00026673783)],0.00026673783,5.184434,fixed,fixed
7545,12,4.411208,0.0,-0.55015236,-1.4704014,3,"[np.float32(6.842684), np.float32(5.877573), np.float32(6.7248263)]","[np.float32(0.0001333867), np.float32(0.00026673783), np.float32(0.00060000445)]",0.00060000445,6.214031,fixed,fixed
7545,18,4.8111362,0.0,-0.6028494,-1.2378639,1,[np.float32(6.842684)],[np.float32(0.00026673783)],0.00026673783,4.411208,fixed,fixed
7545,21,6.088874,0.0,-0.73989886,-1.3813437,1,[np.float32(6.842684)],[np.float32(0.0001333867)],0.0001333867,6.7248263,fixed,fixed
7545,25,5.2083592,0.0,-0.6504584,-0.95436126,1,[np.float32(5.0934668)],[np.float32(0.00053333334)],0.00053333334,4.5525913,fixed,fixed
7545,27,4.8111362,0.0,-0.6028744,-0.5753982,1,[np.float32(5.0934668)],[np.float32(0.00026673783)],0.00026673783,5.901499,fixed,fixed
7545,28,6.842684,0.0,-0.80021185,-1.3574401,1,[np.float32(6.088874)],[np.float32(0.0001333867)],0.0001333867,4.8111362,fixed,fixed
7545,30,4.5525913,0.0,-0.5693736,-0.88719004,1,[np.float32(5.0934668)],[np.float32(0.00079978665)],0.00079978665,6.214031,fixed,fixed
7545,32,5.977319,0.0,-0.72972834,-1.0689851,1,[np.float32(6.088874)],[np.float32(0.0001333867)],0.0001333867,4.8111362,fixed,fixed
7545,36,5.0301485,0.0,-0.62965876,-0.4632958,1,[np.float32(4.5525913)],[np.float32(0.00026673783)],0.00026673783,5.1152887,fixed,fixed
7545,40,4.8111362,0.0,-0.60287434,-0.63011235,1,[np.float32(4.5525913)],[np.float32(0.00053333334)],0.00053333334,4.8111362,fixed,fixed
7545,47,5.901499,0.0,-0.7226517,-0.9935665,1,[np.float32(4.5525913)],[np.float32(0.00053333334)],0.00053333334,4.5525913,fixed,fixed
7545,50,6.842684,0.0,-0.8001922,-1.0674742,1,[np.float32(4.5525913)],[np.float32(0.00026673783)],0.00026673783,4.5525913,fixed,fixed
7545,52,7.5358305,0.0,-0.84429747,-1.0631732,1,[np.float32(4.5525913)],[np.float32(0.0001333867)],0.0001333867,4.8111362,fixed,fixed
7545,53,5.786329,0.0,-0.7115546,-0.7153559,1,[np.float32(4.5525913)],[np.float32(0.00026673783)],0.00026673783,4.5525913,fixed,fixed
7545,54,7.5358305,0.0,-0.84429747,-1.0631732,1,[np.float32(4.5525913)],[np.float32(0.0001333867)],0.0001333867,4.8111362,fixed,fixed
7545,55,5.2083592,0.0,-0.6504584,-0.7078059,1,[np.float32(5.0934668)],[np.float32(0.00026673783)],0.00026673783,4.951692,fixed,fixed
7545,60,4.951692,0.0,-0.62022114,-0.8688056,1,[np.float32(5.0934668)],[np.float32(0.00053333334)],0.00053333334,5.2083592,fixed,fixed
7545,63,8.228977,0.0,-0.87935066,-1.294222,1,[np.float32(4.5525913)],[np.float32(0.0001333867)],0.0001333867,4.5525913,fixed,fixed
7545,64,6.088501,0.0,-0.7398381,-0.58072996,1,[np.float32(4.5525913)],[np.float32(0.0001333867)],0.0001333867,4.5525913,fixed,fixed
7545,65,7.5358305,0.0,-0.84431773,-1.2985231,1,[np.float32(4.5525913)],[np.float32(0.00026673783)],0.00026673783,4.5525913,fixed,fixed
7545,66,5.901499,0.0,-0.72259533,-0.9935665,1,[np.float32(4.5525913)],[np.float32(0.00053333334)],0.00053333334,4.5525913,fixed,fixed
7545,72,5.184434,0.0,-0.6477533,-1.2467588,1,[np.float32(5.877573)],[np.float32(0.00053333334)],0.00053333334,4.8615465,fixed,fixed
7545,75,5.0934668,0.0,-0.6372993,-0.7242225,1,[np.float32(4.5525913)],[np.float32(0.00053333334)],0.00053333334,6.5241694,fixed,fixed
7545,80,5.977319,0.0,-0.72972053,-0.9947844,1,[np.float32(5.877573)],[np.float32(0.0001333867)],0.0001333867,4.411208,fixed,fixed
7545,82,7.5358305,0.0,-0.8443014,-1.5142883,1,[np.float32(5.877573)],[np.float32(0.0001333867)],0.0001333867,4.411208,fixed,fixed
7545,83,5.877573,0.0,-0.7202803,-0.5104206,1,[np.float32(4.5525913)],[np.float32(0.0001333867)],0.0001333867,6.9761195,fixed,fixed
7545,86,5.184434,0.0,-0.6478233,-1.4616389,1,[np.float32(5.877573)],[np.float32(0.0008664222)],0.0008664222,5.877573,fixed,fixed
7545,99,6.214031,0.0,-0.7507741,-1.2106506,1,[np.float32(4.5525913)],[np.float32(0.0007332311)],0.0007332311,4.5525913,fixed,fixed
7545,102,5.0934668,0.0,-0.6372966,-0.48440185,1,[np.float32(4.5525913)],[np.float32(0.00026673783)],0.00026673783,6.214031,fixed,fixed
7545,105,6.088874,0.0,-0.739758,-1.2291789,1,[np.float32(4.5525913)],[np.float32(0.0008664222)],0.0008664222,4.5525913,fixed,fixed
7545,107,5.284512,0.0,-0.65909183,-0.78790426,1,[np.float32(4.5525913)],[np.float32(0.00053333334)],0.00053333334,6.088874,fixed,fixed
7545,113,5.877573,0.0,-0.7202936,-0.79443073,1,[np.float32(6.088874)],[np.float32(6.66978e-05)],6.66978e-05,4.411208,fixed,fixed
7545,116,6.214031,0.0,-0.7508295,-1.0736886,1,[np.float32(5.877573)],[np.float32(0.0001333867)],0.0001333867,5.0934668,fixed,fixed
7545,124,7.5358305,0.0,-0.84434605,-1.3471832,1,[np.float32(6.088874)],[np.float32(6.66978e-05)],6.66978e-05,6.842684,fixed,fixed
7545,125,5.877573,0.0,-0.7202775,-0.5104206,1,[np.float32(4.5525913)],[np.float32(0.0001333867)],0.0001333867,6.9761195,fixed,fixed
7545,140,6.7248263,0.0,-0.79169345,-1.9018301,1,[np.float32(6.088874)],[np.float32(0.00060000445)],0.00060000445,6.088874,fixed,fixed
7545,142,5.786329,0.0,-0.71158856,-1.1510593,1,[np.float32(6.088874)],[np.float32(0.0002000667)],0.0002000667,5.0934668,fixed,fixed
7545,144,5.877573,0.0,-0.72027874,-0.79443073,1,[np.float32(6.088874)],[np.float32(6.66978e-05)],6.66978e-05,6.9761195,fixed,fixed
7545,145,7.5358305,0.0,-0.84435487,-1.3471832,1,[np.float32(6.088874)],[np.float32(6.66978e-05)],6.66978e-05,5.4253707,fixed,fixed
7545,146,6.842684,0.0,-0.8002431,-1.5031776,1,[np.float32(6.088874)],[np.float32(0.0002000667)],0.0002000667,6.088874,fixed,fixed
7545,151,6.357125,0.0,-0.7629659,-1.3805634,1,[np.float32(5.0934668)],[np.float32(0.00060000445)],0.00060000445,5.0934668,fixed,fixed
7545,153,7.5358305,0.0,-0.84435314,-1.2450897,1,[np.float32(5.0934668)],[np.float32(0.0001333867)],0.0001333867,5.0934668,fixed,fixed
7545,171,6.9761195,0.0,-0.8095387,-1.4951938,1,[np.float32(5.0934668)],[np.float32(0.00046674226)],0.00046674226,5.0934668,fixed,fixed
7545,175,5.5545464,0.0,-0.68824416,-0.58466166,1,[np.float32(5.0934668)],[np.float32(0.0001333867)],0.0001333867,5.0934668,fixed,fixed
7545,176,6.088874,0.0,-0.73979545,-1.0013107,1,[np.float32(5.0934668)],[np.float32(0.00026673783)],0.00026673783,5.284512,fixed,fixed
7545,177,5.877573,0.0,-0.7204116,-0.6923372,1,[np.float32(5.0934668)],[np.float32(0.0001333867)],0.0001333867,6.7248263,fixed,fixed
7545,180,5.0934668,0.0,-0.63728285,-0.9160638,1,[np.float32(5.0934668)],[np.float32(0.00053333334)],0.00053333334,6.214031,fixed,fixed
7545,187,5.4253707,0.0,-0.67448634,-1.0266985,1,[np.float32(5.0934668)],[np.float32(0.00053333334)],0.00053333334,5.0934668,fixed,fixed
7545,188,7.1303654,0.0,-0.81970984,-1.3484745,1,[np.float32(5.0934668)],[np.float32(0.00026673783)],0.00026673783,5.0934668,fixed,fixed
7545,201,5.877573,0.0,-0.7203355,-1.2096821,1,[np.float32(5.877573)],[np.float32(0.00026673783)],0.00026673783,5.184434,fixed,fixed
7545,256,5.284512,0.0,-0.6591637,-0.7331901,1,[np.float32(5.0934668)],[np.float32(0.00026673783)],0.00026673783,6.088874,fixed,fixed
7991,36,5.0301485,0.0,-0.62965876,-0.8949577,1,[np.float32(5.0934668)],[np.float32(0.00053333334)],0.00053333334,5.1152887,fixed,fixed
7991,38,5.1152887,0.0,-0.6396923,-0.92333776,1,[np.float32(5.0934668)],[np.float32(0.00053333334)],0.00053333334,5.0301485,fixed,fixed
7991,43,6.088874,0.0,-0.73989606,-2.0296233,1,[np.float32(6.7248263)],[np.float32(0.00060000445)],0.00060000445,6.7248263,fixed,fixed
7991,48,4.5525913,0.0,-0.56937563,-0.73577195,1,[np.float32(5.0934668)],[np.float32(0.00053333334)],0.00053333334,6.088874,fixed,fixed
7991,51,6.088874,0.0,-0.73989606,-0.76277083,1,[np.float32(5.0934668)],[np.float32(0.0001333867)],0.0001333867,6.7248263,fixed,fixed
7991,57,4.45615,0.0,-0.5563573,-0.5226411,1,[np.float32(5.977319)],[np.float32(0.0001333867)],0.0001333867,6.214031,fixed,fixed
7991,58,6.842684,0.0,-0.8002051,-1.3574401,1,[np.float32(6.088874)],[np.float32(0.0001333867)],0.0001333867,4.45615,fixed,fixed
7991,59,6.088874,1.0,-0.99442595,-1.0668824,1,[np.float32(5.977319)],[np.float32(0.0001333867)],0.0001333867,6.7248263,fixed,fixed
7991,62,5.977319,1.0,-0.9946696,-1.0689851,1,[np.float32(6.088874)],[np.float32(0.0001333867)],0.0001333867,4.45615,fixed,fixed
7991,66,5.901499,0.0,-0.72258365,-0.93885237,1,[np.float32(5.0934668)],[np.float32(0.00026673783)],0.00026673783,4.5525913,fixed,fixed
7991,74,6.5241694,0.0,-0.77639985,-1.5112611,1,[np.float32(5.0934668)],[np.float32(0.0007332311)],0.0007332311,5.0934668,fixed,fixed
7991,76,6.9761195,0.0,-0.80948603,-1.4951938,1,[np.float32(5.0934668)],[np.float32(0.00046674226)],0.00046674226,5.0934668,fixed,fixed
7991,77,5.5545464,0.0,-0.68820876,-0.8232016,1,[np.float32(5.0934668)],[np.float32(0.00026673783)],0.00026673783,5.0934668,fixed,fixed
7991,83,5.877573,0.0,-0.72027737,-1.9591898,1,[np.float32(6.9761195)],[np.float32(0.00046674226)],0.00046674226,6.9761195,fixed,fixed
7991,86,5.184434,0.0,-0.6478072,-0.6998308,1,[np.float32(5.0934668)],[np.float32(0.00026673783)],0.00026673783,5.877573,fixed,fixed
7991,89,7.5358305,0.0,-0.84430814,-1.4836296,1,[np.float32(5.0934668)],[np.float32(0.00026673783)],0.00026673783,5.0934668,fixed,fixed
7991,90,5.4253707,0.0,-0.6745626,-0.5416031,1,[np.float32(5.0934668)],[np.float32(0.0001333867)],0.0001333867,5.184434,fixed,fixed
7991,96,7.5358305,0.0,-0.84433675,-1.2450897,1,[np.float32(5.0934668)],[np.float32(0.0001333867)],0.0001333867,5.0934668,fixed,fixed
7991,97,6.214031,0.0,-0.75084126,-1.1858479,1,[np.float32(5.0934668)],[np.float32(0.00040005337)],0.00040005337,5.0934668,fixed,fixed
7991,102,5.0934668,0.0,-0.63730395,-0.9160638,1,[np.float32(5.0934668)],[np.float32(0.00053333334)],0.00053333334,6.214031,fixed,fixed
7991,103,7.1303654,0.0,-0.8197099,-1.3484745,1,[np.float32(5.0934668)],[np.float32(0.00026673783)],0.00026673783,5.0934668,fixed,fixed
7991,125,5.877573,0.0,-0.720276,-0.79443073,1,[np.float32(6.088874)],[np.float32(6.66978e-05)],6.66978e-05,6.9761195,fixed,fixed
7991,138,7.5358305,0.0,-0.84434605,-1.3471832,1,[np.float32(6.088874)],[np.float32(6.66978e-05)],6.66978e-05,6.842684,fixed,fixed
7991,154,6.7248263,0.0,-0.79169345,-1.9018301,1,[np.float32(6.088874)],[np.float32(0.00060000445)],0.00060000445,6.088874,fixed,fixed
7991,156,5.786329,0.0,-0.7116383,-1.1510593,1,[np.float32(6.088874)],[np.float32(0.0002000667)],0.0002000667,6.088874,fixed,fixed
7991,158,6.214031,0.0,-0.75077486,-0.9065835,1,[np.float32(6.088874)],[np.float32(6.66978e-05)],6.66978e-05,4.45615,fixed,fixed
7991,159,7.5358305,0.0,-0.84433156,-1.3471832,1,[np.float32(6.088874)],[np.float32(6.66978e-05)],6.66978e-05,4.45615,fixed,fixed
7991,160,6.842684,0.0,-0.8002431,-1.5031776,1,[np.float32(6.088874)],[np.float32(0.0002000667)],0.0002000667,6.088874,fixed,fixed
50685,48,4.5525913,0.0,-0.56937563,-0.48921657,1,[np.float32(5.0934668)],[np.float32(0.00026673783)],0.00026673783,6.088874,fixed,fixed
50685,51,6.088874,0.0,-0.73989606,-0.76277083,1,[np.float32(5.0934668)],[np.float32(0.0001333867)],0.0001333867,6.7248263,fixed,fixed
50685,57,4.45615,0.0,-0.5563658,-0.49699602,1,[np.float32(5.2083592)],[np.float32(0.00026673783)],0.00026673783,6.214031,fixed,fixed
50685,59,6.088874,0.0,-0.73989606,-1.5412015,1,[np.float32(6.842684)],[np.float32(0.0002000667)],0.0002000667,6.7248263,fixed,fixed
50685,60,4.951692,0.0,-0.6202439,-1.0644442,1,[np.float32(5.2083592)],[np.float32(0.00079978665)],0.00079978665,5.2083592,fixed,fixed
50685,75,5.0934668,0.0,-0.6372847,-0.9160638,1,[np.float32(5.0934668)],[np.float32(0.00053333334)],0.00053333334,6.5241694,fixed,fixed
50685,96,7.5358305,0.0,-0.8443351,-1.2450897,1,[np.float32(5.0934668)],[np.float32(0.0001333867)],0.0001333867,5.0934668,fixed,fixed
50685,97,6.214031,0.0,-0.75083315,-1.4078817,1,[np.float32(5.0934668)],[np.float32(0.0007332311)],0.0007332311,5.0934668,fixed,fixed
50685,99,6.214031,0.0,-0.75075924,-1.422885,1,[np.float32(7.5358305)],[np.float32(6.66978e-05)],6.66978e-05,4.5525913,fixed,fixed
50685,100,8.228977,0.0,-0.8793649,-2.0945337,1,[np.float32(7.5358305)],[np.float32(6.66978e-05)],6.66978e-05,6.088874,fixed,fixed
50685,101,6.842684,0.0,-0.8002398,-1.9148684,1,[np.float32(7.5358305)],[np.float32(0.0001333867)],0.0001333867,6.088874,fixed,fixed
50685,103,7.1303654,0.0,-0.81970996,-1.3484745,1,[np.float32(5.0934668)],[np.float32(0.00026673783)],0.00026673783,5.0934668,fixed,fixed
50685,104,5.5545464,0.0,-0.6882442,-0.58466166,1,[np.float32(5.0934668)],[np.float32(0.0001333867)],0.0001333867,5.0934668,fixed,fixed
50685,105,6.088874,0.0,-0.7397455,-1.0013107,1,[np.float32(5.0934668)],[np.float32(0.00026673783)],0.00026673783,4.5525913,fixed,fixed
50685,107,5.284512,0.0,-0.65908486,-0.7331901,1,[np.float32(5.0934668)],[np.float32(0.00026673783)],0.00026673783,6.088874,fixed,fixed
50685,126,7.5358305,0.0,-0.84435487,-1.8634847,1,[np.float32(7.5358305)],[np.float32(6.66978e-05)],6.66978e-05,5.4253707,fixed,fixed
50685,127,6.842684,0.0,-0.8002398,-1.4268335,1,[np.float32(5.877573)],[np.float32(0.0002000667)],0.0002000667,6.088874,fixed,fixed
50685,129,5.877573,0.0,-0.7204263,-1.3107322,2,"[np.float32(7.5358305), np.float32(5.877573)]","[np.float32(6.66978e-05), np.float32(6.66978e-05)]",6.66978e-05,6.7248263,fixed,fixed
50685,135,5.877573,0.0,-0.7204051,-0.6923372,1,[np.float32(5.0934668)],[np.float32(0.0001333867)],0.0001333867,6.7248263,fixed,fixed
50685,145,7.5358305,0.0,-0.84435403,-1.2750087,1,[np.float32(5.877573)],[np.float32(6.66978e-05)],6.66978e-05,5.4253707,fixed,fixed
50685,148,5.877573,0.0,-0.7204127,-0.7222562,1,[np.float32(5.877573)],[np.float32(6.66978e-05)],6.66978e-05,6.7248263,fixed,fixed
50685,156,5.786329,0.0,-0.7116383,-1.0747151,1,[np.float32(5.877573)],[np.float32(0.0002000667)],0.0002000667,6.088874,fixed,fixed
50685,157,7.5358305,0.0,-0.8443444,-1.2750087,1,[np.float32(5.877573)],[np.float32(6.66978e-05)],6.66978e-05,6.842684,fixed,fixed
50685,161,5.877573,0.0,-0.7204,-0.7222562,1,[np.float32(5.877573)],[np.float32(6.66978e-05)],6.66978e-05,6.7248263,fixed,fixed
50685,162,5.5545464,0.0,-0.68824875,-0.9491878,1,[np.float32(6.842684)],[np.float32(6.66978e-05)],6.66978e-05,5.877573,fixed,fixed
50685,163,7.5358305,0.0,-0.84435093,-1.8636626,1,[np.float32(6.842684)],[np.float32(0.0001333867)],0.0001333867,6.842684,fixed,fixed
50685,172,5.0934668,0.0,-0.6373387,-0.7094349,1,[np.float32(5.2083592)],[np.float32(0.00026673783)],0.00026673783,4.5525913,fixed,fixed
50685,179,5.184434,0.0,-0.6476963,-0.9883506,1,[np.float32(5.2083592)],[np.float32(0.00053333334)],0.00053333334,5.0099363,fixed,fixed
50685,182,5.877573,0.0,-0.7204242,-0.7222562,1,[np.float32(5.877573)],[np.float32(6.66978e-05)],6.66978e-05,6.7248263,fixed,fixed
50685,184,5.4253707,0.0,-0.67456096,-0.9061293,1,[np.float32(6.842684)],[np.float32(6.66978e-05)],6.66978e-05,5.184434,fixed,fixed
50685,185,5.877573,0.0,-0.7204121,-1.4707679,1,[np.float32(6.842684)],[np.float32(0.0002000667)],0.0002000667,6.7248263,fixed,fixed
50685,197,6.7248263,0.0,-0.79164916,-1.5031306,1,[np.float32(5.0934668)],[np.float32(0.00060000445)],0.00060000445,5.0934668,fixed,fixed
50685,198,5.5545464,0.0,-0.6882088,-0.8232016,1,[np.float32(5.0934668)],[np.float32(0.00026673783)],0.00026673783,5.0934668,fixed,fixed
50685,205,5.184434,0.0,-0.6478044,-0.6998308,1,[np.float32(5.0934668)],[np.float32(0.00026673783)],0.00026673783,5.877573,fixed,fixed
50685,208,7.5358305,0.0,-0.84430814,-1.4836296,1,[np.float32(5.0934668)],[np.float32(0.00026673783)],0.00026673783,5.0934668,fixed,fixed
50685,209,5.4253707,0.0,-0.6745627,-0.5416031,1,[np.float32(5.0934668)],[np.float32(0.0001333867)],0.0001333867,5.184434,fixed,fixed
50685,215,7.5358305,0.0,-0.8443368,-1.2450897,1,[np.float32(5.0934668)],[np.float32(0.0001333867)],0.0001333867,5.0934668,fixed,fixed
50685,216,6.214031,0.0,-0.7508414,-1.1858479,1,[np.float32(5.0934668)],[np.float32(0.00040005337)],0.00040005337,5.0934668,fixed,fixed
50685,217,7.5358305,0.0,-0.84434384,-1.2750087,1,[np.float32(5.877573)],[np.float32(6.66978e-05)],6.66978e-05,6.842684,fixed,fixed
50685,221,5.0934668,0.0,-0.6373236,-0.9160638,1,[np.float32(5.0934668)],[np.float32(0.00053333334)],0.00053333334,6.214031,fixed,fixed
50685,222,7.1303654,0.0,-0.81970996,-1.3484745,1,[np.float32(5.0934668)],[np.float32(0.00026673783)],0.00026673783,5.0934668,fixed,fixed
50685,239,6.7248263,0.0,-0.79168403,-1.809466,1,[np.float32(5.877573)],[np.float32(0.00060000445)],0.00060000445,5.877573,fixed,fixed
50685,241,5.786329,0.0,-0.7116341,-1.0747151,1,[np.float32(5.877573)],[np.float32(0.0002000667)],0.0002000667,5.877573,fixed,fixed
50685,243,7.5358305,0.0,-0.8443541,-1.2750087,1,[np.float32(5.877573)],[np.float32(6.66978e-05)],6.66978e-05,5.4253707,fixed,fixed
50685,244,6.842684,0.0,-0.80024004,-1.4268335,1,[np.float32(5.877573)],[np.float32(0.0002000667)],0.0002000667,5.877573,fixed,fixed
50685,323,6.842684,0.0,-0.80023676,-1.4268335,1,[np.float32(5.877573)],[np.float32(0.0002000667)],0.0002000667,5.877573,fixed,fixed
50685,327,7.5358305,0.0,-0.8443351,-1.2750087,1,[np.float32(5.877573)],[np.float32(6.66978e-05)],6.66978e-05,5.0934668,fixed,fixed
50685,328,6.357125,0.0,-0.7629117,-0.8821068,1,[np.float32(5.877573)],[np.float32(6.66978e-05)],6.66978e-05,5.0934668,fixed,fixed
50685,337,7.5358305,0.0,-0.84435177,-1.2750087,1,[np.float32(5.877573)],[np.float32(6.66978e-05)],6.66978e-05,6.842684,fixed,fixed
50685,350,4.45615,0.0,-0.55654234,-0.4877282,1,[np.float32(5.877573)],[np.float32(0.0001333867)],0.0001333867,6.214031,fixed,fixed
50685,358,5.877573,1.0,-0.9948535,-1.9591898,1,[np.float32(6.9761195)],[np.float32(0.00046674226)],0.00046674226,6.9761195,fixed,fixed
50685,359,5.4253707,0.0,-0.67460626,-0.9543958,1,[np.float32(5.877573)],[np.float32(0.0002000667)],0.0002000667,5.877573,fixed,fixed
50685,364,6.088874,0.0,-0.7399093,-0.7926898,1,[np.float32(5.877573)],[np.float32(6.66978e-05)],6.66978e-05,6.7248263,fixed,fixed
50685,420,4.951692,0.0,-0.62025255,-1.054232,1,[np.float32(5.877573)],[np.float32(0.00040005337)],0.00040005337,5.487917,fixed,fixed
50685,427,6.9761195,1.0,-0.99218833,-1.7898527,1,[np.float32(5.877573)],[np.float32(0.00046674226)],0.00046674226,5.877573,fixed,fixed
50685,428,4.8111362,0.0,-0.6029039,-1.0073801,1,[np.float32(5.877573)],[np.float32(0.00040005337)],0.00040005337,4.5525913,fixed,fixed
50685,430,4.8111362,0.0,-0.60293645,-0.6060569,1,[np.float32(5.877573)],[np.float32(0.0001333867)],0.0001333867,4.8111362,fixed,fixed
78782,43,6.088874,0.0,-0.73989606,-1.3811659,1,[np.float32(7.5358305)],[np.float32(6.66978e-05)],6.66978e-05,6.7248263,fixed,fixed
78782,50,6.842684,0.0,-0.8001877,-1.3574401,1,[np.float32(6.088874)],[np.float32(0.0001333867)],0.0001333867,4.5525913,fixed,fixed
78782,53,5.786329,0.0,-0.71155155,-1.0053219,1,[np.float32(6.088874)],[np.float32(0.0001333867)],0.0001333867,4.5525913,fixed,fixed
78782,75,5.0934668,0.0,-0.63728833,-0.7743678,1,[np.float32(6.088874)],[np.float32(0.0001333867)],0.0001333867,6.5241694,fixed,fixed
78782,93,7.5358305,0.0,-0.84435314,-1.2750087,1,[np.float32(5.877573)],[np.float32(6.66978e-05)],6.66978e-05,5.786329,fixed,fixed
78782,94,6.7248263,0.0,-0.79169345,-1.9018301,1,[np.float32(6.088874)],[np.float32(0.00060000445)],0.00060000445,6.088874,fixed,fixed
78782,95,5.977319,0.0,-0.72974813,-1.0689851,1,[np.float32(6.088874)],[np.float32(0.0001333867)],0.0001333867,6.088874,fixed,fixed
78782,99,6.214031,0.0,-0.7507607,-0.9065835,1,[np.float32(6.088874)],[np.float32(6.66978e-05)],6.66978e-05,4.5525913,fixed,fixed
78782,100,8.228977,0.0,-0.8793655,-1.5782322,1,[np.float32(6.088874)],[np.float32(6.66978e-05)],6.66978e-05,6.088874,fixed,fixed
78782,101,6.842684,0.0,-0.8002431,-1.5031776,1,[np.float32(6.088874)],[np.float32(0.0002000667)],0.0002000667,6.088874,fixed,fixed
78782,102,5.0934668,0.0,-0.637293,-1.2363725,2,"[np.float32(6.088874), np.float32(6.214031)]","[np.float32(0.0001333867), np.float32(0.00040005337)]",0.00040005337,6.214031,fixed,fixed
78782,106,7.5358305,0.0,-0.84435177,-1.8634847,1,[np.float32(7.5358305)],[np.float32(6.66978e-05)],6.66978e-05,6.842684,fixed,fixed
78782,118,6.842684,0.0,-0.8002367,-1.4268335,1,[np.float32(5.877573)],[np.float32(0.0002000667)],0.0002000667,5.877573,fixed,fixed
78782,120,5.0934668,0.0,-0.63724357,-0.7001671,1,[np.float32(5.877573)],[np.float32(0.0001333867)],0.0001333867,6.214031,fixed,fixed
78782,122,5.877573,0.0,-0.72040546,-0.7222562,1,[np.float32(5.877573)],[np.float32(6.66978e-05)],6.66978e-05,6.7248263,fixed,fixed
78782,130,5.4253707,0.0,-0.67460454,-1.4424306,1,[np.float32(7.5358305)],[np.float32(0.0001333867)],0.0001333867,5.877573,fixed,fixed
78782,131,7.5358305,0.0,-0.8443487,-1.8634847,2,"[np.float32(7.5358305), np.float32(5.877573)]","[np.float32(6.66978e-05), np.float32(6.66978e-05)]",6.66978e-05,6.842684,fixed,fixed
78782,135,5.877573,0.0,-0.7204037,-1.3107322,1,[np.float32(7.5358305)],[np.float32(6.66978e-05)],6.66978e-05,6.7248263,fixed,fixed
78782,146,6.842684,0.0,-0.8002398,-1.4268335,1,[np.float32(5.877573)],[np.float32(0.0002000667)],0.0002000667,6.088874,fixed,fixed
78782,148,5.877573,1.0,-0.99485344,-0.7222562,1,[np.float32(5.877573)],[np.float32(6.66978e-05)],6.66978e-05,6.7248263,fixed,fixed
78782,149,5.4253707,0.0,-0.67460626,-0.9543958,1,[np.float32(5.877573)],[np.float32(0.0002000667)],0.0002000667,5.877573,fixed,fixed
78782,151,6.357125,0.0,-0.7629659,-1.2335458,1,[np.float32(5.0934668)],[np.float32(0.00040005337)],0.00040005337,5.0934668,fixed,fixed
78782,153,7.5358305,0.0,-0.84435314,-1.2450897,1,[np.float32(5.0934668)],[np.float32(0.0001333867)],0.0001333867,5.0934668,fixed,fixed
78782,155,5.877573,0.0,-0.72041374,-0.7222562,1,[np.float32(5.877573)],[np.float32(6.66978e-05)],6.66978e-05,6.7248263,fixed,fixed
78782,172,5.0934668,0.0,-0.63733137,-0.9160638,2,"[np.float32(5.877573), np.float32(5.0934668)]","[np.float32(0.0001333867), np.float32(0.00053333334)]",0.00053333334,4.5525913,fixed,fixed
78782,173,8.228977,0.0,-0.87936914,-1.5060576,1,[np.float32(5.877573)],[np.float32(6.66978e-05)],6.66978e-05,7.5358305,fixed,fixed
78782,174,6.214031,0.0,-0.75082254,-0.83440894,1,[np.float32(5.877573)],[np.float32(6.66978e-05)],6.66978e-05,5.284512,fixed,fixed
78782,177,5.877573,1.0,-0.994856,-0.7222562,2,"[np.float32(5.877573), np.float32(5.0934668)]","[np.float32(6.66978e-05), np.float32(0.0001333867)]",0.0001333867,6.7248263,fixed,fixed
78782,178,5.977319,0.0,-0.7297575,-0.9947844,1,[np.float32(5.877573)],[np.float32(0.0001333867)],0.0001333867,5.877573,fixed,fixed
78782,179,5.184434,0.0,-0.6476821,-0.6998308,1,[np.float32(5.0934668)],[np.float32(0.00026673783)],0.00026673783,5.0099363,fixed,fixed
78782,180,5.0934668,1.0,-0.9962239,-0.7001671,1,[np.float32(5.877573)],[np.float32(0.0001333867)],0.0001333867,6.214031,fixed,fixed
78782,182,5.877573,0.0,-0.7204242,-0.7222562,1,[np.float32(5.877573)],[np.float32(6.66978e-05)],6.66978e-05,6.7248263,fixed,fixed
78782,184,5.4253707,0.0,-0.67456263,-0.5416031,1,[np.float32(5.0934668)],[np.float32(0.0001333867)],0.0001333867,5.184434,fixed,fixed
78782,188,7.1303654,0.0,-0.8197099,-1.3484745,1,[np.float32(5.0934668)],[np.float32(0.00026673783)],0.00026673783,5.0934668,fixed,fixed
78782,189,7.5358305,0.0,-0.84430814,-1.4836296,1,[np.float32(5.0934668)],[np.float32(0.00026673783)],0.00026673783,5.0934668,fixed,fixed
78782,190,5.5545464,0.0,-0.6882089,-0.8232016,1,[np.float32(5.0934668)],[np.float32(0.00026673783)],0.00026673783,5.0934668,fixed,fixed
78782,205,5.184434,0.0,-0.64779717,-0.8491098,1,[np.float32(6.214031)],[np.float32(0.0001333867)],0.0001333867,5.877573,fixed,fixed
78782,214,5.977319,0.0,-0.7297426,-0.8706591,1,[np.float32(6.214031)],[np.float32(6.66978e-05)],6.66978e-05,5.877573,fixed,fixed
78782,217,7.5358305,0.0,-0.84434384,-1.3901631,1,[np.float32(6.214031)],[np.float32(6.66978e-05)],6.66978e-05,6.842684,fixed,fixed
78782,221,5.0934668,0.0,-0.63732904,-1.5163164,1,[np.float32(6.214031)],[np.float32(0.0007332311)],0.0007332311,6.214031,fixed,fixed
78782,231,6.7248263,0.0,-0.79168403,-1.809466,1,[np.float32(5.877573)],[np.float32(0.00060000445)],0.00060000445,5.877573,fixed,fixed
78782,235,5.5545464,0.0,-0.6882504,-0.8538603,1,[np.float32(5.877573)],[np.float32(0.0001333867)],0.0001333867,5.877573,fixed,fixed
78782,236,6.842684,0.0,-0.80024004,-1.4268335,1,[np.float32(5.877573)],[np.float32(0.0002000667)],0.0002000667,5.877573,fixed,fixed
78782,237,8.228977,0.0,-0.8793649,-1.5060576,1,[np.float32(5.877573)],[np.float32(6.66978e-05)],6.66978e-05,5.877573,fixed,fixed
78782,238,5.0934668,0.0,-0.63730645,-0.7001671,1,[np.float32(5.877573)],[np.float32(0.0001333867)],0.0001333867,6.214031,fixed,fixed
78782,242,7.5358305,0.0,-0.8443452,-1.2750087,1,[np.float32(5.877573)],[np.float32(6.66978e-05)],6.66978e-05,6.842684,fixed,fixed
78782,246,5.877573,0.0,-0.7204263,-0.8374105,1,[np.float32(6.214031)],[np.float32(6.66978e-05)],6.66978e-05,6.7248263,fixed,fixed
78782,256,5.284512,0.0,-0.65916365,-0.7331901,1,[np.float32(5.0934668)],[np.float32(0.00026673783)],0.00026673783,6.088874,fixed,fixed
78782,257,6.7248263,0.0,-0.79168403,-1.809466,1,[np.float32(5.877573)],[np.float32(0.00060000445)],0.00060000445,5.877573,fixed,fixed
78782,259,5.786329,0.0,-0.7115939,-1.0747151,1,[np.float32(5.877573)],[np.float32(0.0002000667)],0.0002000667,5.0934668,fixed,fixed
78782,261,7.5358305,0.0,-0.84435403,-1.2750087,1,[np.float32(5.877573)],[np.float32(6.66978e-05)],6.66978e-05,5.4253707,fixed,fixed
78782,262,6.842684,0.0,-0.80024004,-1.4268335,1,[np.float32(5.877573)],[np.float32(0.0002000667)],0.0002000667,5.877573,fixed,fixed
78782,267,6.214031,0.0,-0.75081545,-1.4078817,1,[np.float32(5.0934668)],[np.float32(0.0007332311)],0.0007332311,5.0934668,fixed,fixed
78782,269,7.5358305,0.0,-0.8443364,-1.2450897,1,[np.float32(5.0934668)],[np.float32(0.0001333867)],0.0001333867,5.0934668,fixed,fixed
78782,286,6.7248263,0.0,-0.79164916,-1.5031306,1,[np.float32(5.0934668)],[np.float32(0.00060000445)],0.00060000445,5.0934668,fixed,fixed
78782,289,5.5545464,0.0,-0.6882443,-0.58466166,1,[np.float32(5.0934668)],[np.float32(0.0001333867)],0.0001333867,5.0934668,fixed,fixed
78782,290,6.088874,0.0,-0.7398303,-1.0013107,1,[np.float32(5.0934668)],[np.float32(0.00026673783)],0.00026673783,5.284512,fixed,fixed
78782,291,5.877573,0.0,-0.72041166,-0.6923372,1,[np.float32(5.0934668)],[np.float32(0.0001333867)],0.0001333867,6.7248263,fixed,fixed
78782,293,5.0934668,0.0,-0.63727653,-0.9160638,1,[np.float32(5.0934668)],[np.float32(0.00053333334)],0.00053333334,6.214031,fixed,fixed
78782,300,7.1303654,0.0,-0.81970996,-1.3484745,1,[np.float32(5.0934668)],[np.float32(0.00026673783)],0.00026673783,5.0934668,fixed,fixed
78782,368,5.284512,0.0,-0.65918815,-0.7331901,1,[np.float32(5.0934668)],[np.float32(0.00026673783)],0.00026673783,6.088874,fixed,fixed
92406,27,4.8111362,0.0,-0.6028744,-0.5264527,1,[np.float32(4.951692)],[np.float32(0.00026673783)],0.00026673783,5.901499,fixed,fixed
92406,55,5.2083592,0.0,-0.6504584,-1.0522863,1,[np.float32(4.951692)],[np.float32(0.00079978665)],0.00079978665,4.951692,fixed,fixed
92406,57,4.45615,0.0,-0.5563573,-0.6525061,1,[np.float32(4.951692)],[np.float32(0.00053333334)],0.00053333334,6.214031,fixed,fixed
92406,58,6.842684,0.0,-0.8002051,-0.96611446,1,[np.float32(4.951692)],[np.float32(0.0001333867)],0.0001333867,4.45615,fixed,fixed
92406,59,6.088874,0.0,-0.73989606,-1.1430093,1,[np.float32(5.786329)],[np.float32(0.0002000667)],0.0002000667,6.7248263,fixed,fixed
92406,61,8.228977,0.0,-0.87933046,-1.4282122,1,[np.float32(4.951692)],[np.float32(0.0001333867)],0.0001333867,4.45615,fixed,fixed
92406,120,5.0934668,0.0,-0.63724357,-1.2363725,1,[np.float32(6.214031)],[np.float32(0.00040005337)],0.00040005337,6.214031,fixed,fixed
92406,132,6.842684,0.0,-0.80023676,-1.0129257,1,[np.float32(5.786329)],[np.float32(6.66978e-05)],6.66978e-05,5.877573,fixed,fixed
92406,133,7.5358305,0.0,-0.84435314,-1.4825125,1,[np.float32(5.786329)],[np.float32(0.0001333867)],0.0001333867,5.786329,fixed,fixed
92406,144,5.877573,0.0,-0.7202862,-1.0236865,1,[np.float32(4.951692)],[np.float32(0.00040005337)],0.00040005337,6.9761195,fixed,fixed
92406,152,6.842684,0.0,-0.80023676,-1.0129257,1,[np.float32(5.786329)],[np.float32(6.66978e-05)],6.66978e-05,5.877573,fixed,fixed
92406,155,5.877573,0.0,-0.7204122,-1.4707679,2,"[np.float32(5.786329), np.float32(6.842684)]","[np.float32(0.0002000667), np.float32(0.0002000667)]",0.0002000667,6.7248263,fixed,fixed
92406,164,5.0099363,0.0,-0.6272639,-0.5927194,1,[np.float32(4.951692)],[np.float32(0.00026673783)],0.00026673783,5.184434,fixed,fixed
92406,172,5.0934668,0.0,-0.637346,-0.864945,1,[np.float32(4.951692)],[np.float32(0.00053333334)],0.00053333334,4.5525913,fixed,fixed
92406,179,5.184434,0.0,-0.6476963,-0.8952674,1,[np.float32(4.951692)],[np.float32(0.00053333334)],0.00053333334,5.0099363,fixed,fixed
92406,187,5.4253707,0.0,-0.67447966,-0.73119754,1,[np.float32(4.951692)],[np.float32(0.00026673783)],0.00026673783,5.0934668,fixed,fixed
92406,201,5.877573,0.0,-0.7203295,-1.0801562,1,[np.float32(6.214031)],[np.float32(0.0001333867)],0.0001333867,5.184434,fixed,fixed
92406,204,6.842684,0.0,-0.80023676,-1.4268335,1,[np.float32(5.877573)],[np.float32(0.0002000667)],0.0002000667,5.877573,fixed,fixed
92406,205,5.184434,0.0,-0.64779717,-0.9795687,2,"[np.float32(5.877573), np.float32(5.184434)]","[np.float32(0.0001333867), np.float32(0.00053333334)]",0.00053333334,5.877573,fixed,fixed
92406,210,7.5358305,0.0,-0.8443505,-1.3901631,1,[np.float32(6.214031)],[np.float32(6.66978e-05)],6.66978e-05,6.842684,fixed,fixed
92406,221,5.0934668,0.0,-0.63730896,-0.70109993,1,[np.float32(5.184434)],[np.float32(0.00026673783)],0.00026673783,6.214031,fixed,fixed
92406,233,7.5358305,0.0,-0.8443409,-1.2750087,1,[np.float32(5.877573)],[np.float32(6.66978e-05)],6.66978e-05,5.0934668,fixed,fixed
92406,234,6.214031,1.0,-0.99410594,-0.83440894,1,[np.float32(5.877573)],[np.float32(6.66978e-05)],6.66978e-05,5.0934668,fixed,fixed
92406,235,5.5545464,0.0,-0.68824875,-0.72973496,1,[np.float32(6.214031)],[np.float32(6.66978e-05)],6.66978e-05,5.877573,fixed,fixed
92406,238,5.0934668,0.0,-0.637323,-1.5163164,1,[np.float32(6.214031)],[np.float32(0.0007332311)],0.0007332311,6.214031,fixed,fixed
92406,240,5.877573,1.0,-0.99485856,-0.8374105,2,"[np.float32(6.214031), np.float32(5.184434)]","[np.float32(6.66978e-05), np.float32(0.0001333867)]",0.0001333867,6.7248263,fixed,fixed
92406,241,5.786329,0.0,-0.7116341,-1.0747151,1,[np.float32(5.877573)],[np.float32(0.0002000667)],0.0002000667,5.877573,fixed,fixed
92406,242,7.5358305,0.0,-0.8443452,-1.2750087,1,[np.float32(5.877573)],[np.float32(6.66978e-05)],6.66978e-05,6.842684,fixed,fixed
92406,246,5.877573,0.0,-0.7204263,-0.7222562,1,[np.float32(5.877573)],[np.float32(6.66978e-05)],6.66978e-05,6.7248263,fixed,fixed
92406,247,5.4253707,0.0,-0.67460287,-0.9061293,1,[np.float32(6.842684)],[np.float32(6.66978e-05)],6.66978e-05,5.877573,fixed,fixed
92406,248,7.5358305,0.0,-0.8443496,-1.8636626,1,[np.float32(6.842684)],[np.float32(0.0001333867)],0.0001333867,6.842684,fixed,fixed
92406,264,5.877573,0.0,-0.72041416,-0.7222562,1,[np.float32(5.877573)],[np.float32(6.66978e-05)],6.66978e-05,6.7248263,fixed,fixed
92406,265,5.4253707,0.0,-0.67460287,-0.9061293,1,[np.float32(6.842684)],[np.float32(6.66978e-05)],6.66978e-05,5.877573,fixed,fixed
92406,271,5.877573,0.0,-0.7204167,-1.4707679,1,[np.float32(6.842684)],[np.float32(0.0002000667)],0.0002000667,6.7248263,fixed,fixed
92406,311,6.7248263,0.0,-0.79168403,-1.809466,1,[np.float32(5.877573)],[np.float32(0.00060000445)],0.00060000445,5.877573,fixed,fixed
92406,312,5.977319,0.0,-0.72972924,-0.9947844,1,[np.float32(5.877573)],[np.float32(0.0001333867)],0.0001333867,5.0934668,fixed,fixed
92406,313,5.0099363,0.0,-0.62729603,-1.2146889,1,[np.float32(5.184434)],[np.float32(0.0011326978)],0.0011326978,5.184434,fixed,fixed
92406,315,8.228977,0.0,-0.8793649,-1.5060576,1,[np.float32(5.877573)],[np.float32(6.66978e-05)],6.66978e-05,5.877573,fixed,fixed
92406,316,6.842684,0.0,-0.80024004,-1.4268335,1,[np.float32(5.877573)],[np.float32(0.0002000667)],0.0002000667,5.877573,fixed,fixed
92406,317,5.184434,1.0,-0.9960582,-0.7304895,1,[np.float32(5.877573)],[np.float32(0.0001333867)],0.0001333867,5.0099363,fixed,fixed
92406,319,7.1303654,0.0,-0.81971306,-1.3800663,1,[np.float32(5.184434)],[np.float32(0.00026673783)],0.00026673783,5.184434,fixed,fixed
92406,320,7.5358305,0.0,-0.8443064,-1.2759415,1,[np.float32(5.184434)],[np.float32(0.0001333867)],0.0001333867,5.0934668,fixed,fixed
92406,321,5.4253707,0.0,-0.6745661,-0.8117346,1,[np.float32(5.184434)],[np.float32(0.00026673783)],0.00026673783,5.184434,fixed,fixed
92406,328,6.357125,0.0,-0.7629143,-0.88303953,1,[np.float32(5.184434)],[np.float32(0.0001333867)],0.0001333867,5.0934668,fixed,fixed
92406,344,8.228977,0.0,-0.8793362,-1.5069904,1,[np.float32(5.184434)],[np.float32(0.0001333867)],0.0001333867,5.184434,fixed,fixed
92406,350,4.45615,0.0,-0.55655086,-0.48866105,1,[np.float32(5.184434)],[np.float32(0.00026673783)],0.00026673783,6.214031,fixed,fixed
92406,419,6.9761195,0.0,-0.809489,-1.5279642,1,[np.float32(5.184434)],[np.float32(0.00046674226)],0.00046674226,5.184434,fixed,fixed
92406,420,4.951692,0.0,-0.6202563,-0.9019881,1,[np.float32(5.184434)],[np.float32(0.00053333334)],0.00053333334,5.487917,fixed,fixed
92406,429,5.487917,0.0,-0.68112683,-1.0807297,1,[np.float32(5.184434)],[np.float32(0.00053333334)],0.00053333334,4.951692,fixed,fixed
133545,59,6.088874,0.0,-0.73989606,-1.1430093,1,[np.float32(5.786329)],[np.float32(0.0002000667)],0.0002000667,6.7248263,fixed,fixed
133545,122,5.877573,0.0,-0.72040546,-1.4707679,1,[np.float32(6.842684)],[np.float32(0.0002000667)],0.0002000667,6.7248263,fixed,fixed
133545,132,6.842684,0.0,-0.80023676,-1.0129257,1,[np.float32(5.786329)],[np.float32(6.66978e-05)],6.66978e-05,5.877573,fixed,fixed
133545,133,7.5358305,0.0,-0.84435314,-1.4825125,1,[np.float32(5.786329)],[np.float32(0.0001333867)],0.0001333867,5.786329,fixed,fixed
133545,151,6.357125,0.0,-0.7629659,-1.2335458,1,[np.float32(5.0934668)],[np.float32(0.00040005337)],0.00040005337,5.0934668,fixed,fixed
133545,152,6.842684,0.0,-0.80023676,-1.0129257,1,[np.float32(5.786329)],[np.float32(6.66978e-05)],6.66978e-05,5.877573,fixed,fixed
133545,153,7.5358305,0.0,-0.84435314,-1.2450897,1,[np.float32(5.0934668)],[np.float32(0.0001333867)],0.0001333867,5.0934668,fixed,fixed
133545,155,5.877573,0.0,-0.7204122,-1.0725757,1,[np.float32(5.786329)],[np.float32(0.0002000667)],0.0002000667,6.7248263,fixed,fixed
133545,172,5.0934668,0.0,-0.63733137,-0.9160638,1,[np.float32(5.0934668)],[np.float32(0.00053333334)],0.00053333334,4.5525913,fixed,fixed
133545,177,5.877573,0.0,-0.72040856,-0.6923372,1,[np.float32(5.0934668)],[np.float32(0.0001333867)],0.0001333867,6.7248263,fixed,fixed
133545,179,5.184434,0.0,-0.6476821,-0.6998308,1,[np.float32(5.0934668)],[np.float32(0.00026673783)],0.00026673783,5.0099363,fixed,fixed
133545,182,5.877573,0.0,-0.7204227,-1.9591898,1,[np.float32(6.7248263)],[np.float32(0.00060000445)],0.00060000445,6.7248263,fixed,fixed
133545,184,5.4253707,0.0,-0.67456263,-0.5416031,1,[np.float32(5.0934668)],[np.float32(0.0001333867)],0.0001333867,5.184434,fixed,fixed
133545,188,7.1303654,0.0,-0.8197099,-1.3484745,1,[np.float32(5.0934668)],[np.float32(0.00026673783)],0.00026673783,5.0934668,fixed,fixed
133545,189,7.5358305,0.0,-0.84430814,-1.4836296,1,[np.float32(5.0934668)],[np.float32(0.00026673783)],0.00026673783,5.0934668,fixed,fixed
133545,190,5.5545464,0.0,-0.6882089,-0.8232016,1,[np.float32(5.0934668)],[np.float32(0.00026673783)],0.00026673783,5.0934668,fixed,fixed
133545,209,5.4253707,0.0,-0.674561,-0.9061293,1,[np.float32(6.842684)],[np.float32(6.66978e-05)],6.66978e-05,5.184434,fixed,fixed
133545,210,7.5358305,0.0,-0.84435225,-1.8636626,1,[np.float32(6.842684)],[np.float32(0.0001333867)],0.0001333867,6.842684,fixed,fixed
133545,224,6.088874,0.0,-0.7398008,-1.3587313,1,[np.float32(6.088874)],[np.float32(0.00026673783)],0.00026673783,5.284512,fixed,fixed
133545,226,5.284512,0.0,-0.65914035,-1.6024088,2,"[np.float32(6.088874), np.float32(4.5525913)]","[np.float32(0.0008664222), np.float32(0.00053333334)]",0.0008664222,6.088874,fixed,fixed
133545,235,5.5545464,0.0,-0.68824875,-0.9491878,1,[np.float32(6.842684)],[np.float32(6.66978e-05)],6.66978e-05,5.877573,fixed,fixed
133545,240,5.877573,0.0,-0.72040987,-1.4707679,1,[np.float32(6.842684)],[np.float32(0.0002000667)],0.0002000667,6.7248263,fixed,fixed
133545,256,5.284512,0.0,-0.65916365,-0.7331901,1,[np.float32(5.0934668)],[np.float32(0.00026673783)],0.00026673783,6.088874,fixed,fixed
133545,267,6.214031,0.0,-0.75081545,-1.4078817,1,[np.float32(5.0934668)],[np.float32(0.0007332311)],0.0007332311,5.0934668,fixed,fixed
133545,269,7.5358305,0.0,-0.8443364,-1.2450897,1,[np.float32(5.0934668)],[np.float32(0.0001333867)],0.0001333867,5.0934668,fixed,fixed
133545,281,5.0934668,0.0,-0.63728356,-0.48440185,1,[np.float32(4.5525913)],[np.float32(0.00026673783)],0.00026673783,6.214031,fixed,fixed
133545,286,6.7248263,0.0,-0.79164916,-1.5031306,1,[np.float32(5.0934668)],[np.float32(0.00060000445)],0.00060000445,5.0934668,fixed,fixed
133545,289,5.5545464,0.0,-0.6882443,-0.58466166,1,[np.float32(5.0934668)],[np.float32(0.0001333867)],0.0001333867,5.0934668,fixed,fixed
133545,290,6.088874,0.0,-0.7398303,-1.0013107,1,[np.float32(5.0934668)],[np.float32(0.00026673783)],0.00026673783,5.284512,fixed,fixed
133545,291,5.877573,0.0,-0.72041166,-0.6923372,1,[np.float32(5.0934668)],[np.float32(0.0001333867)],0.0001333867,6.7248263,fixed,fixed
133545,293,5.0934668,0.0,-0.63727653,-0.9160638,1,[np.float32(5.0934668)],[np.float32(0.00053333334)],0.00053333334,6.214031,fixed,fixed
133545,300,7.1303654,0.0,-0.81970996,-1.3484745,1,[np.float32(5.0934668)],[np.float32(0.00026673783)],0.00026673783,5.0934668,fixed,fixed
133545,330,6.214031,0.0,-0.7508116,-0.99743533,1,[np.float32(4.5525913)],[np.float32(0.00040005337)],0.00040005337,5.284512,fixed,fixed
133545,333,5.0934668,0.0,-0.6373013,-1.0269289,2,"[np.float32(6.088874), np.float32(4.5525913)]","[np.float32(0.00026673783), np.float32(0.00079978665)]",0.00079978665,4.5525913,fixed,fixed
133545,336,6.088874,1.0,-0.9943758,-1.0560249,1,[np.float32(4.5525913)],[np.float32(0.00053333334)],0.00053333334,5.284512,fixed,fixed
133545,338,4.5525913,1.0,-0.99693334,-1.1253842,1,[np.float32(6.088874)],[np.float32(0.00053333334)],0.00053333334,6.088874,fixed,fixed
133545,339,6.088501,0.0,-0.73983806,-0.58072996,1,[np.float32(4.5525913)],[np.float32(0.0001333867)],0.0001333867,4.5525913,fixed,fixed
133545,340,7.5358305,0.0,-0.8442993,-1.2985231,1,[np.float32(4.5525913)],[np.float32(0.00026673783)],0.00026673783,4.5525913,fixed,fixed
133545,365,5.786329,0.0,-0.711571,-0.4800059,1,[np.float32(4.5525913)],[np.float32(0.0001333867)],0.0001333867,5.0934668,fixed,fixed
133545,368,5.284512,0.0,-0.65918815,-0.7331901,1,[np.float32(5.0934668)],[np.float32(0.00026673783)],0.00026673783,6.088874,fixed,fixed
133545,421,5.4253707,0.0,-0.67447984,-0.5950365,1,[np.float32(4.5525913)],[np.float32(0.00026673783)],0.00026673783,5.0934668,fixed,fixed
133545,428,4.8111362,0.0,-0.6029078,-0.63011235,1,[np.float32(4.5525913)],[np.float32(0.00053333334)],0.00053333334,4.5525913,fixed,fixed
133545,435,6.842684,0.0,-0.8001852,-0.83212423,1,[np.float32(4.5525913)],[np.float32(0.0001333867)],0.0001333867,4.8111362,fixed,fixed
133545,436,6.088874,0.0,-0.73979133,-1.3587313,2,"[np.float32(6.088874), np.float32(4.5525913)]","[np.float32(0.00026673783), np.float32(0.0008664222)]",0.0008664222,4.5525913,fixed,fixed
133545,437,5.487917,0.0,-0.6811327,-0.99986964,1,[np.float32(4.5525913)],[np.float32(0.00079978665)],0.00079978665,4.5525913,fixed,fixed
133545,438,6.214031,0.0,-0.7507415,-1.270898,1,[np.float32(4.5525913)],[np.float32(0.0008664222)],0.0008664222,4.5525913,fixed,fixed
133545,439,8.228977,0.0,-0.8793302,-1.294222,1,[np.float32(4.5525913)],[np.float32(0.0001333867)],0.0001333867,4.5525913,fixed,fixed
150310,12,4.411208,0.0,-0.55015236,-0.34493503,1,[np.float32(4.8111362)],[np.float32(0.00026673783)],0.00026673783,6.214031,broken,broken
150310,25,5.2083592,0.0,-0.6504584,-0.610652,1,[np.float32(4.8111362)],[np.float32(0.00026673783)],0.00026673783,4.5525913,broken,broken
150310,26,5.901499,0.0,-0.7226517,-1.0842415,1,[np.float32(4.8111362)],[np.float32(0.00053333334)],0.00053333334,4.8111362,broken,broken
150310,28,6.842684,0.0,-0.8002163,-1.1554269,1,[np.float32(4.8111362)],[np.float32(0.00026673783)],0.00026673783,4.8111362,broken,broken
150310,30,4.5525913,0.0,-0.56939024,-0.80585074,2,"[np.float32(4.8111362), np.float32(5.284512)]","[np.float32(0.00053333334), np.float32(0.00053333334)]",0.00053333334,6.214031,broken,broken
150310,31,8.228977,0.0,-0.8793302,-1.3808738,1,[np.float32(4.8111362)],[np.float32(0.0001333867)],0.0001333867,4.8111362,broken,broken
150310,32,5.977319,0.0,-0.7297283,-0.630321,1,[np.float32(4.8111362)],[np.float32(0.0001333867)],0.0001333867,4.8111362,broken,broken
150310,40,4.8111362,0.0,-0.60289,-1.0073801,2,"[np.float32(4.8111362), np.float32(5.877573)]","[np.float32(0.00053333334), np.float32(0.00040005337)]",0.00053333334,4.8111362,broken,broken
150310,42,6.842684,0.0,-0.80019486,-0.91877604,1,[np.float32(4.8111362)],[np.float32(0.0001333867)],0.0001333867,4.8111362,broken,broken
150310,43,6.088874,0.0,-0.73989606,-0.7926898,1,[np.float32(5.877573)],[np.float32(6.66978e-05)],6.66978e-05,6.7248263,broken,broken
150310,44,7.5358305,0.0,-0.84430116,-1.3864759,1,[np.float32(4.8111362)],[np.float32(0.00026673783)],0.00026673783,4.8111362,broken,broken
150310,45,5.786329,0.0,-0.7115583,-0.5666577,1,[np.float32(4.8111362)],[np.float32(0.0001333867)],0.0001333867,4.8111362,broken,broken
150310,46,7.5358305,0.0,-0.84430116,-1.3864759,1,[np.float32(4.8111362)],[np.float32(0.00026673783)],0.00026673783,4.8111362,broken,broken
150310,48,4.5525913,0.0,-0.56937563,-0.80585074,2,"[np.float32(5.284512), np.float32(5.877573)]","[np.float32(0.00053333334), np.float32(0.0001333867)]",0.00053333334,6.088874,broken,broken
150310,57,4.45615,0.0,-0.5563573,-0.8890514,2,"[np.float32(5.284512), np.float32(5.877573)]","[np.float32(0.00026673783), np.float32(0.00040005337)]",0.00040005337,6.214031,broken,broken
150310,59,6.088874,0.0,-0.73989606,-0.7926898,1,[np.float32(5.877573)],[np.float32(6.66978e-05)],6.66978e-05,6.7248263,broken,broken
150310,60,4.951692,0.0,-0.6202287,-0.52509636,1,[np.float32(4.8111362)],[np.float32(0.00026673783)],0.00026673783,5.2083592,broken,broken
150310,99,6.214031,0.0,-0.75075924,-1.2541078,1,[np.float32(5.284512)],[np.float32(0.00040005337)],0.00040005337,4.5525913,broken,broken
150310,102,5.0934668,0.0,-0.6372892,-0.73604125,1,[np.float32(5.284512)],[np.float32(0.00026673783)],0.00026673783,6.214031,broken,broken
150310,105,6.088874,0.0,-0.7397399,-1.3179449,1,[np.float32(5.284512)],[np.float32(0.00053333334)],0.00053333334,4.5525913,broken,broken
150310,108,6.088501,0.0,-0.7398468,-0.82753754,1,[np.float32(5.284512)],[np.float32(0.0001333867)],0.0001333867,5.284512,broken,broken
150310,109,7.5358305,0.0,-0.8443055,-1.5501624,1,[np.float32(5.284512)],[np.float32(0.00026673783)],0.00026673783,5.284512,broken,broken
150310,113,5.877573,0.0,-0.720301,-0.97457576,1,[np.float32(4.8111362)],[np.float32(0.00040005337)],0.00040005337,4.411208,broken,broken
150310,128,6.9761195,0.0,-0.8095111,-1.7898527,1,[np.float32(5.877573)],[np.float32(0.00046674226)],0.00046674226,5.877573,broken,broken
150310,130,5.4253707,0.0,-0.6746062,-0.9543958,1,[np.float32(5.877573)],[np.float32(0.0002000667)],0.0002000667,5.877573,broken,broken
150310,131,7.5358305,0.0,-0.8443487,-1.2750087,1,[np.float32(5.877573)],[np.float32(6.66978e-05)],6.66978e-05,6.842684,broken,broken
150310,132,6.842684,0.0,-0.80024,-1.4268335,1,[np.float32(5.877573)],[np.float32(0.0002000667)],0.0002000667,5.877573,broken,broken
150310,133,7.5358305,0.0,-0.844354,-1.2750087,1,[np.float32(5.877573)],[np.float32(6.66978e-05)],6.66978e-05,5.786329,broken,broken
150310,135,5.877573,0.0,-0.72040224,-1.4707679,1,[np.float32(6.842684)],[np.float32(0.0002000667)],0.0002000667,6.7248263,broken,broken
150310,136,5.786329,0.0,-0.7115599,-0.7268135,1,[np.float32(5.284512)],[np.float32(0.0001333867)],0.0001333867,4.45615,broken,broken
150310,139,6.214031,0.0,-0.75072694,-0.7092252,1,[np.float32(4.8111362)],[np.float32(0.0001333867)],0.0001333867,4.5525913,broken,broken
150310,144,5.877573,0.0,-0.7202862,-0.97457576,1,[np.float32(4.8111362)],[np.float32(0.00040005337)],0.00040005337,6.9761195,broken,broken
150310,172,5.0934668,0.0,-0.6373387,-0.73604125,2,"[np.float32(4.8111362), np.float32(5.284512)]","[np.float32(0.00026673783), np.float32(0.00026673783)]",0.00026673783,4.5525913,broken,broken
150310,174,6.214031,0.0,-0.75082254,-1.4808785,1,[np.float32(5.284512)],[np.float32(0.0007332311)],0.0007332311,5.284512,broken,broken
150310,176,6.088874,0.0,-0.73978984,-1.5052582,1,[np.float32(5.284512)],[np.float32(0.0008664222)],0.0008664222,5.284512,broken,broken
150310,180,5.0934668,0.0,-0.6372683,-0.73604125,1,[np.float32(5.284512)],[np.float32(0.00026673783)],0.00026673783,6.214031,broken,broken
150310,218,6.214031,0.0,-0.75082636,-1.4808785,1,[np.float32(5.284512)],[np.float32(0.0007332311)],0.0007332311,5.284512,broken,broken
150310,221,5.0934668,0.0,-0.6373162,-0.73604125,1,[np.float32(5.284512)],[np.float32(0.00026673783)],0.00026673783,6.214031,broken,broken
150310,223,5.5545464,0.0,-0.6882427,-0.9491878,1,[np.float32(6.842684)],[np.float32(6.66978e-05)],6.66978e-05,5.0934668,broken,broken
150310,224,6.088874,0.0,-0.739819,-1.5052582,1,[np.float32(5.284512)],[np.float32(0.0008664222)],0.0008664222,5.284512,broken,broken
150310,225,7.5358305,0.0,-0.8443535,-1.8636626,1,[np.float32(6.842684)],[np.float32(0.0001333867)],0.0001333867,6.842684,broken,broken
150310,226,5.284512,0.0,-0.65915424,-1.0498244,1,[np.float32(5.284512)],[np.float32(0.00053333334)],0.00053333334,6.088874,broken,broken
150310,238,5.0934668,0.0,-0.6373029,-0.73604125,1,[np.float32(5.284512)],[np.float32(0.00026673783)],0.00026673783,6.214031,broken,broken
150310,247,5.4253707,0.0,-0.67460287,-0.9061293,1,[np.float32(6.842684)],[np.float32(6.66978e-05)],6.66978e-05,5.877573,broken,broken
150310,252,5.877573,0.0,-0.72040665,-1.4707679,1,[np.float32(6.842684)],[np.float32(0.0002000667)],0.0002000667,6.7248263,broken,broken
150310,256,5.284512,1.0,-0.9958579,-0.8379178,1,[np.float32(6.088501)],[np.float32(0.0001333867)],0.0001333867,6.088874,broken,broken
150310,259,5.786329,0.0,-0.7115923,-0.7268135,1,[np.float32(5.284512)],[np.float32(0.0001333867)],0.0001333867,5.0934668,broken,broken
150310,260,7.5358305,0.0,-0.8443103,-1.5501624,1,[np.float32(5.284512)],[np.float32(0.00026673783)],0.00026673783,5.284512,broken,broken
150310,285,6.088501,1.0,-0.99443275,-0.82753754,1,[np.float32(5.284512)],[np.float32(0.0001333867)],0.0001333867,5.284512,broken,broken
150310,288,6.214031,0.0,-0.7508558,-1.2541078,1,[np.float32(5.284512)],[np.float32(0.00040005337)],0.00040005337,5.284512,broken,broken
150310,290,6.088874,0.0,-0.73983586,-1.3179449,1,[np.float32(5.284512)],[np.float32(0.00053333334)],0.00053333334,5.284512,broken,broken
150310,368,5.284512,0.0,-0.6591951,-1.0498244,1,[np.float32(5.284512)],[np.float32(0.00053333334)],0.00053333334,6.088874,broken,broken
150310,403,6.088874,0.0,-0.73990214,-1.0001935,1,[np.float32(5.786329)],[np.float32(0.0001333867)],0.0001333867,6.7248263,broken,broken
150310,430,4.8111362,0.0,-0.6029325,-0.574281,1,[np.float32(5.786329)],[np.float32(0.0001333867)],0.0001333867,4.8111362,broken,broken
150310,445,4.5525913,0.0,-0.5697616,-0.7346501,1,[np.float32(5.786329)],[np.float32(0.00026673783)],0.00026673783,6.088874,broken,broken
173821,101,6.842684,0.0,-0.8002398,-1.4268335,1,[np.float32(5.877573)],[np.float32(0.0002000667)],0.0002000667,6.088874,fixed,fixed
173821,102,5.0934668,0.0,-0.6372892,-1.2363725,2,"[np.float32(5.877573), np.float32(6.214031)]","[np.float32(0.0001333867), np.float32(0.00040005337)]",0.00040005337,6.214031,fixed,fixed
173821,126,7.5358305,0.0,-0.84435403,-1.2750087,1,[np.float32(5.877573)],[np.float32(6.66978e-05)],6.66978e-05,5.4253707,fixed,fixed
173821,129,5.877573,0.0,-0.7204249,-0.7222562,1,[np.float32(5.877573)],[np.float32(6.66978e-05)],6.66978e-05,6.7248263,fixed,fixed
173821,136,5.786329,0.0,-0.7115614,-1.0747151,1,[np.float32(5.877573)],[np.float32(0.0002000667)],0.0002000667,4.45615,fixed,fixed
173821,138,7.5358305,0.0,-0.84434605,-1.2750087,1,[np.float32(5.877573)],[np.float32(6.66978e-05)],6.66978e-05,6.842684,fixed,fixed
173821,161,5.877573,0.0,-0.7204,-0.7222562,1,[np.float32(5.877573)],[np.float32(6.66978e-05)],6.66978e-05,6.7248263,fixed,fixed
173821,185,5.877573,0.0,-0.72040766,-1.3107322,1,[np.float32(7.5358305)],[np.float32(6.66978e-05)],6.66978e-05,6.7248263,fixed,fixed
173821,205,5.184434,0.0,-0.64779717,-0.8491098,1,[np.float32(6.214031)],[np.float32(0.0001333867)],0.0001333867,5.877573,fixed,fixed
173821,213,6.7248263,0.0,-0.79168403,-1.809466,1,[np.float32(5.877573)],[np.float32(0.00060000445)],0.00060000445,5.877573,fixed,fixed
173821,214,5.977319,0.0,-0.7297455,-0.9947844,2,"[np.float32(5.877573), np.float32(6.214031)]","[np.float32(0.0001333867), np.float32(6.66978e-05)]",0.0001333867,5.877573,fixed,fixed
173821,217,7.5358305,0.0,-0.84434384,-1.3901631,1,[np.float32(6.214031)],[np.float32(6.66978e-05)],6.66978e-05,6.842684,fixed,fixed
173821,218,6.214031,0.0,-0.7508128,-0.83440894,1,[np.float32(5.877573)],[np.float32(6.66978e-05)],6.66978e-05,5.284512,fixed,fixed
173821,219,8.228977,0.0,-0.8793649,-1.5060576,1,[np.float32(5.877573)],[np.float32(6.66978e-05)],6.66978e-05,5.877573,fixed,fixed
173821,220,6.842684,0.0,-0.80024004,-1.4268335,1,[np.float32(5.877573)],[np.float32(0.0002000667)],0.0002000667,5.877573,fixed,fixed
173821,221,5.0934668,0.0,-0.63733274,-1.5163164,2,"[np.float32(5.877573), np.float32(6.214031)]","[np.float32(0.0001333867), np.float32(0.0007332311)]",0.0007332311,6.214031,fixed,fixed
173821,246,5.877573,0.0,-0.7204263,-0.8374105,1,[np.float32(6.214031)],[np.float32(6.66978e-05)],6.66978e-05,6.7248263,fixed,fixed
173821,249,6.842684,0.0,-0.80023676,-1.9148684,1,[np.float32(7.5358305)],[np.float32(0.0001333867)],0.0001333867,5.877573,fixed,fixed
173821,250,7.5358305,0.0,-0.84435314,-1.8634847,1,[np.float32(7.5358305)],[np.float32(6.66978e-05)],6.66978e-05,5.786329,fixed,fixed
173821,252,5.877573,0.0,-0.72040224,-1.3107322,1,[np.float32(7.5358305)],[np.float32(6.66978e-05)],6.66978e-05,6.7248263,fixed,fixed
173821,254,8.228977,0.0,-0.87936395,-2.0945337,1,[np.float32(7.5358305)],[np.float32(6.66978e-05)],6.66978e-05,5.786329,fixed,fixed
173821,295,5.877573,0.0,-0.7204227,-0.9457287,1,[np.float32(5.4253707)],[np.float32(0.0002000667)],0.0002000667,6.7248263,fixed,fixed
173821,298,5.877573,0.0,-0.72040766,-1.9591898,1,[np.float32(6.7248263)],[np.float32(0.00060000445)],0.00060000445,6.7248263,fixed,fixed
173821,356,6.842684,0.0,-0.80023676,-0.89081335,1,[np.float32(5.4253707)],[np.float32(6.66978e-05)],6.66978e-05,5.877573,fixed,fixed
173821,373,7.5358305,0.0,-0.8443532,-1.358078,1,[np.float32(5.4253707)],[np.float32(0.0001333867)],0.0001333867,5.4253707,fixed,fixed
173821,374,6.842684,0.0,-0.80023676,-0.89081335,1,[np.float32(5.4253707)],[np.float32(6.66978e-05)],6.66978e-05,5.877573,fixed,fixed
173821,376,5.877573,0.0,-0.72037,-0.9457287,1,[np.float32(5.4253707)],[np.float32(0.0002000667)],0.0002000667,6.9761195,fixed,fixed
175567,75,5.0934668,0.0,-0.6372847,-1.697821,1,[np.float32(6.9761195)],[np.float32(0.00046674226)],0.00046674226,6.5241694,fixed,fixed
175567,83,5.877573,0.0,-0.72027737,-1.4707679,1,[np.float32(6.842684)],[np.float32(0.0002000667)],0.0002000667,6.9761195,fixed,fixed
175567,95,5.977319,0.0,-0.72974664,-1.090112,1,[np.float32(6.842684)],[np.float32(6.66978e-05)],6.66978e-05,6.088874,fixed,fixed
175567,98,7.5358305,0.0,-0.8443455,-1.8636626,1,[np.float32(6.842684)],[np.float32(0.0001333867)],0.0001333867,6.842684,fixed,fixed
175567,123,5.786329,0.0,-0.71163523,-1.0264486,1,[np.float32(6.842684)],[np.float32(6.66978e-05)],6.66978e-05,6.088874,fixed,fixed
175567,129,5.877573,0.0,-0.72042936,-1.4707679,1,[np.float32(6.842684)],[np.float32(0.0002000667)],0.0002000667,6.7248263,fixed,fixed
175567,133,7.5358305,0.0,-0.84435314,-1.2750087,1,[np.float32(5.877573)],[np.float32(6.66978e-05)],6.66978e-05,5.786329,fixed,fixed
175567,151,6.357125,0.0,-0.7629659,-1.2335458,1,[np.float32(5.0934668)],[np.float32(0.00040005337)],0.00040005337,5.0934668,fixed,fixed
175567,152,6.842684,0.0,-0.80023676,-1.4268335,1,[np.float32(5.877573)],[np.float32(0.0002000667)],0.0002000667,5.877573,fixed,fixed
175567,153,7.5358305,0.0,-0.84435314,-1.2450897,1,[np.float32(5.0934668)],[np.float32(0.0001333867)],0.0001333867,5.0934668,fixed,fixed
175567,155,5.877573,0.0,-0.7204122,-1.0725757,2,"[np.float32(5.877573), np.float32(5.786329)]","[np.float32(6.66978e-05), np.float32(0.0002000667)]",0.0002000667,6.7248263,fixed,fixed
175567,163,7.5358305,0.0,-0.84434915,-1.2750087,1,[np.float32(5.877573)],[np.float32(6.66978e-05)],6.66978e-05,6.842684,fixed,fixed
175567,172,5.0934668,0.0,-0.63733137,-0.9160638,1,[np.float32(5.0934668)],[np.float32(0.00053333334)],0.00053333334,4.5525913,fixed,fixed
175567,177,5.877573,0.0,-0.72040856,-0.7222562,2,"[np.float32(5.0934668), np.float32(5.877573)]","[np.float32(0.0001333867), np.float32(6.66978e-05)]",0.0001333867,6.7248263,fixed,fixed
175567,179,5.184434,0.0,-0.6476821,-0.6998308,1,[np.float32(5.0934668)],[np.float32(0.00026673783)],0.00026673783,5.0099363,fixed,fixed
175567,184,5.4253707,0.0,-0.67456764,-0.9543958,2,"[np.float32(5.0934668), np.float32(5.877573)]","[np.float32(0.0001333867), np.float32(0.0002000667)]",0.0002000667,5.184434,fixed,fixed
175567,185,5.877573,0.0,-0.72040915,-0.7222562,1,[np.float32(5.877573)],[np.float32(6.66978e-05)],6.66978e-05,6.7248263,fixed,fixed
175567,188,7.1303654,0.0,-0.8197099,-1.3484745,1,[np.float32(5.0934668)],[np.float32(0.00026673783)],0.00026673783,5.0934668,fixed,fixed
175567,189,7.5358305,0.0,-0.84430814,-1.4836296,1,[np.float32(5.0934668)],[np.float32(0.00026673783)],0.00026673783,5.0934668,fixed,fixed
175567,190,5.5545464,0.0,-0.6882089,-0.8232016,1,[np.float32(5.0934668)],[np.float32(0.00026673783)],0.00026673783,5.0934668,fixed,fixed
175567,211,6.842684,0.0,-0.80023676,-1.0129257,1,[np.float32(5.786329)],[np.float32(6.66978e-05)],6.66978e-05,5.877573,fixed,fixed
175567,212,7.5358305,0.0,-0.84435314,-1.4825125,1,[np.float32(5.786329)],[np.float32(0.0001333867)],0.0001333867,5.786329,fixed,fixed
175567,236,6.842684,0.0,-0.80023676,-1.0129257,1,[np.float32(5.786329)],[np.float32(6.66978e-05)],6.66978e-05,5.877573,fixed,fixed
175567,240,5.877573,0.0,-0.72040546,-1.0725757,1,[np.float32(5.786329)],[np.float32(0.0002000667)],0.0002000667,6.7248263,fixed,fixed
175567,244,6.842684,0.0,-0.80023676,-1.4268335,1,[np.float32(5.877573)],[np.float32(0.0002000667)],0.0002000667,5.877573,fixed,fixed
175567,246,5.877573,0.0,-0.7204249,-0.7222562,1,[np.float32(5.877573)],[np.float32(6.66978e-05)],6.66978e-05,6.7248263,fixed,fixed
175567,256,5.284512,0.0,-0.65916365,-0.7331901,1,[np.float32(5.0934668)],[np.float32(0.00026673783)],0.00026673783,6.088874,fixed,fixed
175567,261,7.5358305,0.0,-0.8443532,-1.2750087,1,[np.float32(5.877573)],[np.float32(6.66978e-05)],6.66978e-05,5.4253707,fixed,fixed
175567,263,6.7248263,0.0,-0.79168403,-1.809466,1,[np.float32(5.877573)],[np.float32(0.00060000445)],0.00060000445,5.877573,fixed,fixed
175567,264,5.877573,0.0,-0.7204127,-0.7222562,1,[np.float32(5.877573)],[np.float32(6.66978e-05)],6.66978e-05,6.7248263,fixed,fixed
175567,265,5.4253707,0.0,-0.67460626,-0.9543958,1,[np.float32(5.877573)],[np.float32(0.0002000667)],0.0002000667,5.877573,fixed,fixed
175567,266,7.5358305,0.0,-0.8443487,-1.2750087,1,[np.float32(5.877573)],[np.float32(6.66978e-05)],6.66978e-05,6.842684,fixed,fixed
175567,267,6.214031,0.0,-0.75081676,-1.4078817,2,"[np.float32(5.0934668), np.float32(5.877573)]","[np.float32(0.0007332311), np.float32(6.66978e-05)]",0.0007332311,5.0934668,fixed,fixed
175567,268,6.842684,0.0,-0.80024004,-1.4268335,1,[np.float32(5.877573)],[np.float32(0.0002000667)],0.0002000667,5.877573,fixed,fixed
175567,269,7.5358305,0.0,-0.8443373,-1.2750087,2,"[np.float32(5.0934668), np.float32(5.877573)]","[np.float32(0.0001333867), np.float32(6.66978e-05)]",0.0001333867,5.0934668,fixed,fixed
175567,272,5.786329,0.0,-0.7116341,-1.0747151,1,[np.float32(5.877573)],[np.float32(0.0002000667)],0.0002000667,5.877573,fixed,fixed
175567,273,7.5358305,0.0,-0.84434384,-1.2750087,1,[np.float32(5.877573)],[np.float32(6.66978e-05)],6.66978e-05,6.842684,fixed,fixed
175567,277,5.877573,0.0,-0.720408,-0.7222562,1,[np.float32(5.877573)],[np.float32(6.66978e-05)],6.66978e-05,6.7248263,fixed,fixed
175567,286,6.7248263,0.0,-0.79164916,-1.5031306,1,[np.float32(5.0934668)],[np.float32(0.00060000445)],0.00060000445,5.0934668,fixed,fixed
175567,289,5.5545464,0.0,-0.6882443,-0.58466166,1,[np.float32(5.0934668)],[np.float32(0.0001333867)],0.0001333867,5.0934668,fixed,fixed
175567,290,6.088874,0.0,-0.7398303,-1.0013107,1,[np.float32(5.0934668)],[np.float32(0.00026673783)],0.00026673783,5.284512,fixed,fixed
175567,291,5.877573,0.0,-0.72041166,-0.6923372,1,[np.float32(5.0934668)],[np.float32(0.0001333867)],0.0001333867,6.7248263,fixed,fixed
175567,293,5.0934668,0.0,-0.63727653,-0.9160638,2,"[np.float32(5.0934668), np.float32(5.5545464)]","[np.float32(0.00053333334), np.float32(0.0001333867)]",0.00053333334,6.214031,fixed,fixed
175567,295,5.877573,0.0,-0.7204242,-0.7222562,1,[np.float32(5.877573)],[np.float32(6.66978e-05)],6.66978e-05,6.7248263,fixed,fixed
175567,300,7.1303654,0.0,-0.81970996,-1.3484745,1,[np.float32(5.0934668)],[np.float32(0.00026673783)],0.00026673783,5.0934668,fixed,fixed
175567,329,7.5358305,0.0,-0.8443444,-1.2750087,1,[np.float32(5.877573)],[np.float32(6.66978e-05)],6.66978e-05,6.842684,fixed,fixed
175567,351,6.7248263,0.0,-0.79168403,-1.809466,1,[np.float32(5.877573)],[np.float32(0.00060000445)],0.00060000445,5.877573,fixed,fixed
175567,353,5.786329,0.0,-0.7116383,-1.0747151,1,[np.float32(5.877573)],[np.float32(0.0002000667)],0.0002000667,5.877573,fixed,fixed
175567,355,7.5358305,0.0,-0.8443541,-1.2750087,1,[np.float32(5.877573)],[np.float32(6.66978e-05)],6.66978e-05,5.4253707,fixed,fixed
175567,356,6.842684,0.0,-0.80024004,-1.4268335,1,[np.float32(5.877573)],[np.float32(0.0002000667)],0.0002000667,5.877573,fixed,fixed
175567,368,5.284512,0.0,-0.65918815,-0.7331901,1,[np.float32(5.0934668)],[np.float32(0.00026673783)],0.00026673783,6.088874,fixed,fixed
175567,374,6.842684,0.0,-0.80023676,-0.93440247,1,[np.float32(5.5545464)],[np.float32(6.66978e-05)],6.66978e-05,5.877573,fixed,fixed
175567,399,8.228977,0.0,-0.87936914,-1.3965002,1,[np.float32(5.5545464)],[np.float32(6.66978e-05)],6.66978e-05,7.5358305,fixed,fixed
175567,400,6.214031,0.0,-0.7508404,-0.7248516,1,[np.float32(5.5545464)],[np.float32(6.66978e-05)],6.66978e-05,4.5525913,fixed,fixed
178192,36,5.0301485,0.0,-0.62965876,-0.4632958,1,[np.float32(4.5525913)],[np.float32(0.00026673783)],0.00026673783,5.1152887,fixed,fixed
178192,40,4.8111362,0.0,-0.60287434,-0.63011235,1,[np.float32(4.5525913)],[np.float32(0.00053333334)],0.00053333334,4.8111362,fixed,fixed
178192,47,5.901499,0.0,-0.7226517,-0.9935665,1,[np.float32(4.5525913)],[np.float32(0.00053333334)],0.00053333334,4.5525913,fixed,fixed
178192,50,6.842684,0.0,-0.8001922,-1.0674742,1,[np.float32(4.5525913)],[np.float32(0.00026673783)],0.00026673783,4.5525913,fixed,fixed
178192,51,6.088874,0.0,-0.73989606,-1.0668824,1,[np.float32(5.977319)],[np.float32(0.0001333867)],0.0001333867,6.7248263,fixed,fixed
178192,52,7.5358305,0.0,-0.84429747,-1.0631732,1,[np.float32(4.5525913)],[np.float32(0.0001333867)],0.0001333867,4.8111362,fixed,fixed
178192,53,5.786329,0.0,-0.7115546,-0.7153559,1,[np.float32(4.5525913)],[np.float32(0.00026673783)],0.00026673783,4.5525913,fixed,fixed
178192,54,7.5358305,0.0,-0.84429747,-1.0631732,1,[np.float32(4.5525913)],[np.float32(0.0001333867)],0.0001333867,4.8111362,fixed,fixed
178192,63,8.228977,0.0,-0.87935066,-1.294222,1,[np.float32(4.5525913)],[np.float32(0.0001333867)],0.0001333867,4.5525913,fixed,fixed
178192,64,6.088501,0.0,-0.7398381,-0.58072996,1,[np.float32(4.5525913)],[np.float32(0.0001333867)],0.0001333867,4.5525913,fixed,fixed
178192,65,7.5358305,0.0,-0.84431773,-1.2985231,1,[np.float32(4.5525913)],[np.float32(0.00026673783)],0.00026673783,4.5525913,fixed,fixed
178192,66,5.901499,0.0,-0.72259533,-0.9935665,1,[np.float32(4.5525913)],[np.float32(0.00053333334)],0.00053333334,4.5525913,fixed,fixed
178192,75,5.0934668,0.0,-0.6372993,-0.7242225,1,[np.float32(4.5525913)],[np.float32(0.00053333334)],0.00053333334,6.5241694,fixed,fixed
178192,83,5.877573,0.0,-0.7202803,-0.5104206,1,[np.float32(4.5525913)],[np.float32(0.0001333867)],0.0001333867,6.9761195,fixed,fixed
178192,92,6.842684,0.0,-0.8002367,-1.0779737,1,[np.float32(5.977319)],[np.float32(6.66978e-05)],6.66978e-05,5.877573,fixed,fixed
178192,96,7.5358305,0.0,-0.8443359,-1.3090227,1,[np.float32(5.977319)],[np.float32(6.66978e-05)],6.66978e-05,5.0934668,fixed,fixed
178192,97,6.214031,0.0,-0.7508346,-0.8684229,1,[np.float32(5.977319)],[np.float32(6.66978e-05)],6.66978e-05,5.0934668,fixed,fixed
178192,99,6.214031,0.0,-0.7507741,-1.2106506,1,[np.float32(4.5525913)],[np.float32(0.0007332311)],0.0007332311,4.5525913,fixed,fixed
178192,102,5.0934668,0.0,-0.6372966,-0.48440185,1,[np.float32(4.5525913)],[np.float32(0.00026673783)],0.00026673783,6.214031,fixed,fixed
178192,105,6.088874,0.0,-0.739758,-1.2291789,1,[np.float32(4.5525913)],[np.float32(0.0008664222)],0.0008664222,4.5525913,fixed,fixed
178192,107,5.284512,0.0,-0.65909183,-0.78790426,1,[np.float32(4.5525913)],[np.float32(0.00053333334)],0.00053333334,6.088874,fixed,fixed
178192,125,5.877573,0.0,-0.7202775,-0.5104206,1,[np.float32(4.5525913)],[np.float32(0.0001333867)],0.0001333867,6.9761195,fixed,fixed
178192,129,5.877573,0.0,-0.7204249,-1.4707679,1,[np.float32(6.842684)],[np.float32(0.0002000667)],0.0002000667,6.7248263,fixed,fixed
178192,164,5.0099363,0.0,-0.62725633,-0.9214029,1,[np.float32(5.184434)],[np.float32(0.00053333334)],0.00053333334,5.184434,fixed,fixed
178192,179,5.184434,0.0,-0.6476821,-0.9795687,1,[np.float32(5.184434)],[np.float32(0.00053333334)],0.00053333334,5.0099363,fixed,fixed
178192,185,5.877573,0.0,-0.72040766,-0.72318894,1,[np.float32(5.184434)],[np.float32(0.0001333867)],0.0001333867,6.7248263,fixed,fixed
178192,191,8.228977,0.0,-0.8793531,-1.5069904,1,[np.float32(5.184434)],[np.float32(0.0001333867)],0.0001333867,5.184434,fixed,fixed
178192,193,7.1303654,0.0,-0.81971306,-1.3800663,1,[np.float32(5.184434)],[np.float32(0.00026673783)],0.00026673783,5.184434,fixed,fixed
178192,194,5.625983,0.0,-0.6955768,-0.6393257,1,[np.float32(5.184434)],[np.float32(0.0001333867)],0.0001333867,5.184434,fixed,fixed
178192,214,5.977319,0.0,-0.729744,-1.090112,1,[np.float32(6.842684)],[np.float32(6.66978e-05)],6.66978e-05,5.877573,fixed,fixed
178192,217,7.5358305,0.0,-0.84434474,-1.8636626,1,[np.float32(6.842684)],[np.float32(0.0001333867)],0.0001333867,6.842684,fixed,fixed
178192,241,5.786329,0.0,-0.71163106,-1.0264486,1,[np.float32(6.842684)],[np.float32(6.66978e-05)],6.66978e-05,5.877573,fixed,fixed
178192,246,5.877573,0.0,-0.72042936,-1.4707679,1,[np.float32(6.842684)],[np.float32(0.0002000667)],0.0002000667,6.7248263,fixed,fixed
178192,267,6.214031,0.0,-0.7508033,-0.8353417,1,[np.float32(5.184434)],[np.float32(0.0001333867)],0.0001333867,5.0934668,fixed,fixed
178192,271,5.877573,0.0,-0.7204122,-1.9591898,1,[np.float32(6.7248263)],[np.float32(0.00060000445)],0.00060000445,6.7248263,fixed,fixed
178192,280,5.877573,0.0,-0.7203278,-1.3951551,1,[np.float32(5.184434)],[np.float32(0.0008664222)],0.0008664222,5.184434,fixed,fixed
178192,293,5.0934668,0.0,-0.6372692,-0.70109993,1,[np.float32(5.184434)],[np.float32(0.00026673783)],0.00026673783,6.214031,fixed,fixed
178192,294,6.7248263,0.0,-0.7916532,-1.5367365,1,[np.float32(5.184434)],[np.float32(0.00060000445)],0.00060000445,5.184434,fixed,fixed
178192,297,5.4253707,0.0,-0.6745661,-0.8117346,1,[np.float32(5.184434)],[np.float32(0.00026673783)],0.00026673783,5.184434,fixed,fixed
178192,298,5.877573,0.0,-0.7204107,-0.72318894,1,[np.float32(5.184434)],[np.float32(0.0001333867)],0.0001333867,6.7248263,fixed,fixed
178192,301,7.5358305,0.0,-0.84430647,-1.2759415,1,[np.float32(5.184434)],[np.float32(0.0001333867)],0.0001333867,5.0934668,fixed,fixed
178192,303,8.228977,0.0,-0.8793545,-1.5069904,1,[np.float32(5.184434)],[np.float32(0.0001333867)],0.0001333867,5.184434,fixed,fixed
178192,304,5.184434,0.0,-0.6478342,-0.9795687,1,[np.float32(5.184434)],[np.float32(0.00053333334)],0.00053333334,5.877573,fixed,fixed
178192,305,7.1303654,0.0,-0.8197131,-1.3800663,1,[np.float32(5.184434)],[np.float32(0.00026673783)],0.00026673783,5.184434,fixed,fixed
188238,57,4.45615,0.0,-0.5563573,-1.4853821,1,[np.float32(6.7248263)],[np.float32(0.00060000445)],0.00060000445,6.214031,fixed,fixed
188238,101,6.842684,0.0,-0.8002398,-1.4268335,1,[np.float32(5.877573)],[np.float32(0.0002000667)],0.0002000667,6.088874,fixed,fixed
188238,102,5.0934668,0.0,-0.6372892,-0.7001671,1,[np.float32(5.877573)],[np.float32(0.0001333867)],0.0001333867,6.214031,fixed,fixed
188238,105,6.088874,0.0,-0.7397399,-1.3587313,1,[np.float32(6.088874)],[np.float32(0.00026673783)],0.00026673783,4.5525913,fixed,fixed
188238,107,5.284512,0.0,-0.6590779,-1.6024088,1,[np.float32(6.088874)],[np.float32(0.0008664222)],0.0008664222,6.088874,fixed,fixed
188238,126,7.5358305,0.0,-0.84435403,-1.2750087,1,[np.float32(5.877573)],[np.float32(6.66978e-05)],6.66978e-05,5.4253707,fixed,fixed
188238,129,5.877573,0.0,-0.7204249,-0.7222562,1,[np.float32(5.877573)],[np.float32(6.66978e-05)],6.66978e-05,6.7248263,fixed,fixed
188238,136,5.786329,0.0,-0.7115614,-1.0747151,1,[np.float32(5.877573)],[np.float32(0.0002000667)],0.0002000667,4.45615,fixed,fixed
188238,138,7.5358305,0.0,-0.84434605,-1.2750087,1,[np.float32(5.877573)],[np.float32(6.66978e-05)],6.66978e-05,6.842684,fixed,fixed
188238,161,5.877573,0.0,-0.7204,-0.7222562,1,[np.float32(5.877573)],[np.float32(6.66978e-05)],6.66978e-05,6.7248263,fixed,fixed
188238,164,5.0099363,0.0,-0.62725633,-0.9214029,1,[np.float32(5.184434)],[np.float32(0.00053333334)],0.00053333334,5.184434,fixed,fixed
188238,179,5.184434,0.0,-0.6476821,-0.9795687,1,[np.float32(5.184434)],[np.float32(0.00053333334)],0.00053333334,5.0099363,fixed,fixed
188238,185,5.877573,0.0,-0.72040766,-0.72318894,1,[np.float32(5.184434)],[np.float32(0.0001333867)],0.0001333867,6.7248263,fixed,fixed
188238,191,8.228977,0.0,-0.8793531,-1.5069904,1,[np.float32(5.184434)],[np.float32(0.0001333867)],0.0001333867,5.184434,fixed,fixed
188238,193,7.1303654,0.0,-0.81971306,-1.3800663,1,[np.float32(5.184434)],[np.float32(0.00026673783)],0.00026673783,5.184434,fixed,fixed
188238,194,5.625983,0.0,-0.6955768,-0.6393257,1,[np.float32(5.184434)],[np.float32(0.0001333867)],0.0001333867,5.184434,fixed,fixed
188238,213,6.7248263,0.0,-0.79168403,-1.809466,1,[np.float32(5.877573)],[np.float32(0.00060000445)],0.00060000445,5.877573,fixed,fixed
188238,214,5.977319,0.0,-0.7297455,-0.9947844,1,[np.float32(5.877573)],[np.float32(0.0001333867)],0.0001333867,5.877573,fixed,fixed
188238,218,6.214031,0.0,-0.7508128,-0.83440894,1,[np.float32(5.877573)],[np.float32(6.66978e-05)],6.66978e-05,5.284512,fixed,fixed
188238,219,8.228977,0.0,-0.8793649,-1.5060576,1,[np.float32(5.877573)],[np.float32(6.66978e-05)],6.66978e-05,5.877573,fixed,fixed
188238,220,6.842684,0.0,-0.80024004,-1.4268335,1,[np.float32(5.877573)],[np.float32(0.0002000667)],0.0002000667,5.877573,fixed,fixed
188238,221,5.0934668,0.0,-0.6373126,-1.0269289,2,"[np.float32(5.877573), np.float32(6.088874)]","[np.float32(0.0001333867), np.float32(0.00026673783)]",0.00026673783,6.214031,fixed,fixed
188238,226,5.284512,0.0,-0.65915424,-1.3693577,1,[np.float32(6.088874)],[np.float32(0.00053333334)],0.00053333334,6.088874,fixed,fixed
188238,267,6.214031,0.0,-0.7508033,-0.8353417,1,[np.float32(5.184434)],[np.float32(0.0001333867)],0.0001333867,5.0934668,fixed,fixed
188238,280,5.877573,0.0,-0.7203278,-1.3951551,1,[np.float32(5.184434)],[np.float32(0.0008664222)],0.0008664222,5.184434,fixed,fixed
188238,293,5.0934668,0.0,-0.6372692,-0.70109993,1,[np.float32(5.184434)],[np.float32(0.00026673783)],0.00026673783,6.214031,fixed,fixed
188238,294,6.7248263,0.0,-0.7916532,-1.5367365,1,[np.float32(5.184434)],[np.float32(0.00060000445)],0.00060000445,5.184434,fixed,fixed
188238,297,5.4253707,0.0,-0.6745661,-0.8117346,1,[np.float32(5.184434)],[np.float32(0.00026673783)],0.00026673783,5.184434,fixed,fixed
188238,298,5.877573,0.0,-0.7204107,-0.72318894,1,[np.float32(5.184434)],[np.float32(0.0001333867)],0.0001333867,6.7248263,fixed,fixed
188238,301,7.5358305,0.0,-0.84430647,-1.2759415,1,[np.float32(5.184434)],[np.float32(0.0001333867)],0.0001333867,5.0934668,fixed,fixed
188238,303,8.228977,0.0,-0.8793545,-1.5069904,1,[np.float32(5.184434)],[np.float32(0.0001333867)],0.0001333867,5.184434,fixed,fixed
188238,304,5.184434,0.0,-0.6478342,-0.9795687,1,[np.float32(5.184434)],[np.float32(0.00053333334)],0.00053333334,5.877573,fixed,fixed
188238,305,7.1303654,0.0,-0.8197131,-1.3800663,1,[np.float32(5.184434)],[np.float32(0.00026673783)],0.00026673783,5.184434,fixed,fixed
188238,336,6.088874,0.0,-0.7398065,-1.3587313,1,[np.float32(6.088874)],[np.float32(0.00026673783)],0.00026673783,5.284512,fixed,fixed
188238,352,6.088874,0.0,-0.73990995,-2.0296233,1,[np.float32(6.7248263)],[np.float32(0.00060000445)],0.00060000445,6.7248263,fixed,fixed
221788,148,5.877573,0.0,-0.7204127,-1.5930758,1,[np.float32(8.228977)],[np.float32(6.66978e-05)],6.66978e-05,6.7248263,fixed,fixed
221788,155,5.877573,0.0,-0.7204122,-1.0725757,1,[np.float32(5.786329)],[np.float32(0.0002000667)],0.0002000667,6.7248263,fixed,fixed
221788,177,5.877573,0.0,-0.72040856,-1.9591898,1,[np.float32(6.7248263)],[np.float32(0.00060000445)],0.00060000445,6.7248263,fixed,fixed
221788,205,5.184434,0.0,-0.64779717,-0.9795687,1,[np.float32(5.184434)],[np.float32(0.00053333334)],0.00053333334,5.877573,fixed,fixed
221788,211,6.842684,0.0,-0.80023676,-1.0129257,1,[np.float32(5.786329)],[np.float32(6.66978e-05)],6.66978e-05,5.877573,fixed,fixed
221788,212,7.5358305,0.0,-0.84435314,-1.4825125,1,[np.float32(5.786329)],[np.float32(0.0001333867)],0.0001333867,5.786329,fixed,fixed
221788,221,5.0934668,0.0,-0.63730896,-0.70109993,1,[np.float32(5.184434)],[np.float32(0.00026673783)],0.00026673783,6.214031,fixed,fixed
221788,236,6.842684,0.0,-0.80023676,-1.0129257,1,[np.float32(5.786329)],[np.float32(6.66978e-05)],6.66978e-05,5.877573,fixed,fixed
221788,240,5.877573,0.0,-0.72040546,-1.0725757,2,"[np.float32(5.786329), np.float32(5.184434)]","[np.float32(0.0002000667), np.float32(0.0001333867)]",0.0002000667,6.7248263,fixed,fixed
221788,242,7.5358305,0.0,-0.8443452,-2.1458282,1,[np.float32(8.228977)],[np.float32(6.66978e-05)],6.66978e-05,6.842684,fixed,fixed
221788,259,5.786329,0.0,-0.7115909,-1.5626608,1,[np.float32(8.228977)],[np.float32(6.66978e-05)],6.66978e-05,5.0934668,fixed,fixed
221788,313,5.0099363,0.0,-0.62729603,-1.2146889,1,[np.float32(5.184434)],[np.float32(0.0011326978)],0.0011326978,5.184434,fixed,fixed
221788,319,7.1303654,0.0,-0.81971306,-1.3800663,1,[np.float32(5.184434)],[np.float32(0.00026673783)],0.00026673783,5.184434,fixed,fixed
221788,320,7.5358305,0.0,-0.8443064,-1.2759415,1,[np.float32(5.184434)],[np.float32(0.0001333867)],0.0001333867,5.0934668,fixed,fixed
221788,321,5.4253707,0.0,-0.6745661,-0.8117346,1,[np.float32(5.184434)],[np.float32(0.00026673783)],0.00026673783,5.184434,fixed,fixed
221788,328,6.357125,0.0,-0.7629143,-0.88303953,1,[np.float32(5.184434)],[np.float32(0.0001333867)],0.0001333867,5.0934668,fixed,fixed
221788,344,8.228977,0.0,-0.8793362,-1.5069904,1,[np.float32(5.184434)],[np.float32(0.0001333867)],0.0001333867,5.184434,fixed,fixed
221788,350,4.45615,0.0,-0.55655086,-0.48866105,1,[np.float32(5.184434)],[np.float32(0.00026673783)],0.00026673783,6.214031,fixed,fixed
221788,419,6.9761195,0.0,-0.809489,-1.5279642,1,[np.float32(5.184434)],[np.float32(0.00046674226)],0.00046674226,5.184434,fixed,fixed
221788,420,4.951692,0.0,-0.6202563,-0.9019881,1,[np.float32(5.184434)],[np.float32(0.00053333334)],0.00053333334,5.487917,fixed,fixed
221788,429,5.487917,0.0,-0.68112683,-1.0807297,1,[np.float32(5.184434)],[np.float32(0.00053333334)],0.00053333334,4.951692,fixed,fixed
227294,238,5.0934668,0.0,-0.6373029,-1.697821,2,"[np.float32(7.5358305), np.float32(4.45615)]","[np.float32(0.00026673783), np.float32(0.00053333334)]",0.00053333334,6.214031,broken,broken
227294,264,5.877573,0.0,-0.7204127,-0.47823286,1,[np.float32(4.45615)],[np.float32(0.0001333867)],0.0001333867,6.7248263,broken,broken
227294,290,6.088874,0.0,-0.7398247,-1.3587313,1,[np.float32(6.088874)],[np.float32(0.00026673783)],0.00026673783,5.284512,broken,broken
227294,293,5.0934668,0.0,-0.63726187,-1.0269289,1,[np.float32(6.088874)],[np.float32(0.00026673783)],0.00026673783,6.214031,broken,broken
227294,313,5.0099363,0.0,-0.62729603,-1.3039526,1,[np.float32(7.5358305)],[np.float32(0.0001333867)],0.0001333867,5.184434,broken,broken
227294,317,5.184434,0.0,-0.64770585,-0.48213395,1,[np.float32(4.45615)],[np.float32(0.00026673783)],0.00026673783,5.0099363,broken,broken
227294,345,7.5358305,0.0,-0.8443409,-1.0309854,1,[np.float32(4.45615)],[np.float32(0.0001333867)],0.0001333867,5.0934668,broken,broken
227294,346,6.214031,0.0,-0.7508403,-1.1765699,1,[np.float32(4.45615)],[np.float32(0.0007332311)],0.0007332311,4.45615,broken,broken
227294,358,5.877573,0.0,-0.7204106,-0.47823286,1,[np.float32(4.45615)],[np.float32(0.0001333867)],0.0001333867,6.9761195,broken,broken
227294,368,5.284512,0.0,-0.65918815,-1.3693577,2,"[np.float32(4.45615), np.float32(6.088874)]","[np.float32(0.00026673783), np.float32(0.00053333334)]",0.00053333334,6.088874,broken,broken
227294,370,7.1303654,0.0,-0.819699,-1.1307777,1,[np.float32(4.45615)],[np.float32(0.00026673783)],0.00026673783,5.0934668,broken,broken
227294,371,5.786329,0.0,-0.7115788,-0.68276554,1,[np.float32(4.45615)],[np.float32(0.00026673783)],0.00026673783,4.45615,broken,broken
227294,372,7.5358305,0.0,-0.8443038,-1.0309854,1,[np.float32(4.45615)],[np.float32(0.0001333867)],0.0001333867,5.284512,broken,broken
227294,376,5.877573,0.0,-0.7203788,-0.85227984,1,[np.float32(4.45615)],[np.float32(0.00040005337)],0.00040005337,6.9761195,broken,broken
227294,400,6.214031,0.0,-0.7508431,-0.5903856,1,[np.float32(4.45615)],[np.float32(0.0001333867)],0.0001333867,4.5525913,broken,broken
227294,420,4.951692,0.0,-0.62025636,-0.6435387,1,[np.float32(4.45615)],[np.float32(0.00053333334)],0.00053333334,5.487917,broken,broken
227294,424,7.5358305,0.0,-0.84431624,-1.2659328,1,[np.float32(4.45615)],[np.float32(0.00026673783)],0.00026673783,4.45615,broken,broken
227294,425,5.977319,0.0,-0.72972393,-0.51148146,1,[np.float32(4.45615)],[np.float32(0.0001333867)],0.0001333867,4.45615,broken,broken
227294,426,6.842684,0.0,-0.8001845,-1.0348839,1,[np.float32(4.45615)],[np.float32(0.00026673783)],0.00026673783,4.45615,broken,broken
227294,429,5.487917,0.0,-0.6811203,-0.5832949,1,[np.float32(4.45615)],[np.float32(0.00026673783)],0.00026673783,4.951692,broken,broken
227294,430,4.8111362,0.0,-0.6029404,-0.3577014,1,[np.float32(4.45615)],[np.float32(0.00026673783)],0.00026673783,4.8111362,broken,broken
227294,432,8.228977,0.0,-0.87933046,-1.2620343,1,[np.float32(4.45615)],[np.float32(0.0001333867)],0.0001333867,4.45615,broken,broken
227294,442,6.7248263,0.0,-0.79162097,-1.2758845,1,[np.float32(4.45615)],[np.float32(0.00060000445)],0.00060000445,4.45615,broken,broken
227294,443,5.977319,0.0,-0.7297066,-0.7464289,1,[np.float32(4.45615)],[np.float32(0.00026673783)],0.00026673783,4.45615,broken,broken
227294,445,4.5525913,0.0,-0.5697887,-1.3584352,1,[np.float32(6.088874)],[np.float32(0.0008664222)],0.0008664222,6.088874,broken,broken
227294,447,7.5358305,0.0,-0.84431624,-1.2659328,1,[np.float32(4.45615)],[np.float32(0.00026673783)],0.00026673783,4.45615,broken,broken
227294,458,7.1303654,0.0,-0.8197341,-1.1307777,1,[np.float32(4.45615)],[np.float32(0.00026673783)],0.00026673783,4.45615,broken,broken
227294,477,6.18106,0.0,-0.74792945,-1.38946,1,[np.float32(6.088874)],[np.float32(0.00026673783)],0.00026673783,4.5525913,broken,broken
227294,486,6.18106,0.0,-0.7479577,-1.0533279,1,[np.float32(4.45615)],[np.float32(0.00053333334)],0.00053333334,4.45615,broken,broken
232622,99,6.214031,0.0,-0.75075924,-0.7248516,1,[np.float32(5.5545464)],[np.float32(6.66978e-05)],6.66978e-05,4.5525913,fixed,fixed
232622,100,8.228977,0.0,-0.8793649,-1.3965002,1,[np.float32(5.5545464)],[np.float32(6.66978e-05)],6.66978e-05,6.088874,fixed,fixed
232622,101,6.842684,0.0,-0.8002398,-0.93440247,1,[np.float32(5.5545464)],[np.float32(6.66978e-05)],6.66978e-05,6.088874,fixed,fixed
232622,102,5.0934668,0.0,-0.6372892,-0.9160638,2,"[np.float32(5.5545464), np.float32(5.0934668)]","[np.float32(0.0001333867), np.float32(0.00053333334)]",0.00053333334,6.214031,fixed,fixed
232622,107,5.284512,0.0,-0.6590779,-0.7331901,1,[np.float32(5.0934668)],[np.float32(0.00026673783)],0.00026673783,6.088874,fixed,fixed
232622,135,5.877573,0.0,-0.72040224,-0.6923372,1,[np.float32(5.0934668)],[np.float32(0.0001333867)],0.0001333867,6.7248263,fixed,fixed
232622,180,5.0934668,0.0,-0.6372683,-0.9160638,1,[np.float32(5.0934668)],[np.float32(0.00053333334)],0.00053333334,6.214031,fixed,fixed
232622,185,5.877573,0.0,-0.72040766,-1.0725757,1,[np.float32(5.786329)],[np.float32(0.0002000667)],0.0002000667,6.7248263,fixed,fixed
232622,192,5.184434,0.0,-0.64776677,-0.6998308,1,[np.float32(5.0934668)],[np.float32(0.00026673783)],0.00026673783,5.877573,fixed,fixed
232622,215,7.5358305,0.0,-0.8443351,-1.2450897,1,[np.float32(5.0934668)],[np.float32(0.0001333867)],0.0001333867,5.0934668,fixed,fixed
232622,216,6.214031,0.0,-0.75083333,-1.4078817,1,[np.float32(5.0934668)],[np.float32(0.0007332311)],0.0007332311,5.0934668,fixed,fixed
232622,222,7.1303654,0.0,-0.81970996,-1.3484745,1,[np.float32(5.0934668)],[np.float32(0.00026673783)],0.00026673783,5.0934668,fixed,fixed
232622,223,5.5545464,0.0,-0.6882442,-0.58466166,1,[np.float32(5.0934668)],[np.float32(0.0001333867)],0.0001333867,5.0934668,fixed,fixed
232622,224,6.088874,0.0,-0.7398065,-1.0013107,1,[np.float32(5.0934668)],[np.float32(0.00026673783)],0.00026673783,5.284512,fixed,fixed
232622,226,5.284512,0.0,-0.6591473,-0.7331901,1,[np.float32(5.0934668)],[np.float32(0.00026673783)],0.00026673783,6.088874,fixed,fixed
232622,238,5.0934668,0.0,-0.6373029,-0.6907969,1,[np.float32(4.45615)],[np.float32(0.00053333334)],0.00053333334,6.214031,fixed,fixed
232622,244,6.842684,0.0,-0.80023676,-1.4268335,1,[np.float32(5.877573)],[np.float32(0.0002000667)],0.0002000667,5.877573,fixed,fixed
232622,246,5.877573,0.0,-0.7204249,-0.7222562,1,[np.float32(5.877573)],[np.float32(6.66978e-05)],6.66978e-05,6.7248263,fixed,fixed
232622,249,6.842684,0.0,-0.80023676,-1.0129257,1,[np.float32(5.786329)],[np.float32(6.66978e-05)],6.66978e-05,5.877573,fixed,fixed
232622,250,7.5358305,0.0,-0.84435314,-1.4825125,1,[np.float32(5.786329)],[np.float32(0.0001333867)],0.0001333867,5.786329,fixed,fixed
232622,252,5.877573,0.0,-0.7204051,-0.6923372,1,[np.float32(5.0934668)],[np.float32(0.0001333867)],0.0001333867,6.7248263,fixed,fixed
232622,261,7.5358305,0.0,-0.8443532,-1.2750087,1,[np.float32(5.877573)],[np.float32(6.66978e-05)],6.66978e-05,5.4253707,fixed,fixed
232622,264,5.877573,0.0,-0.7204127,-0.7222562,2,"[np.float32(5.877573), np.float32(4.45615)]","[np.float32(6.66978e-05), np.float32(0.0001333867)]",0.0001333867,6.7248263,fixed,fixed
232622,267,6.214031,0.0,-0.75080055,-1.1858479,1,[np.float32(5.0934668)],[np.float32(0.00040005337)],0.00040005337,5.0934668,fixed,fixed
232622,268,6.842684,0.0,-0.80023676,-1.0129257,1,[np.float32(5.786329)],[np.float32(6.66978e-05)],6.66978e-05,5.877573,fixed,fixed
232622,269,7.5358305,0.0,-0.8443347,-1.2450897,1,[np.float32(5.0934668)],[np.float32(0.0001333867)],0.0001333867,5.0934668,fixed,fixed
232622,271,5.877573,1.0,-0.99485844,-1.0725757,1,[np.float32(5.786329)],[np.float32(0.0002000667)],0.0002000667,6.7248263,fixed,fixed
232622,272,5.786329,1.0,-0.9950329,-1.0747151,1,[np.float32(5.877573)],[np.float32(0.0002000667)],0.0002000667,5.877573,fixed,fixed
232622,273,7.5358305,0.0,-0.84434384,-1.2750087,1,[np.float32(5.877573)],[np.float32(6.66978e-05)],6.66978e-05,6.842684,fixed,fixed
232622,277,5.877573,0.0,-0.720408,-0.7222562,1,[np.float32(5.877573)],[np.float32(6.66978e-05)],6.66978e-05,6.7248263,fixed,fixed
232622,291,5.877573,0.0,-0.7204087,-0.6923372,1,[np.float32(5.0934668)],[np.float32(0.0001333867)],0.0001333867,6.7248263,fixed,fixed
232622,295,5.877573,0.0,-0.7204242,-1.4707679,2,"[np.float32(5.877573), np.float32(6.842684)]","[np.float32(6.66978e-05), np.float32(0.0002000667)]",0.0002000667,6.7248263,fixed,fixed
232622,297,5.4253707,0.0,-0.6745627,-0.5416031,1,[np.float32(5.0934668)],[np.float32(0.0001333867)],0.0001333867,5.184434,fixed,fixed
232622,300,7.1303654,0.0,-0.81970996,-1.3484745,1,[np.float32(5.0934668)],[np.float32(0.00026673783)],0.00026673783,5.0934668,fixed,fixed
232622,301,7.5358305,0.0,-0.8443082,-1.4836296,1,[np.float32(5.0934668)],[np.float32(0.00026673783)],0.00026673783,5.0934668,fixed,fixed
232622,302,5.5545464,0.0,-0.6882089,-0.8232016,1,[np.float32(5.0934668)],[np.float32(0.00026673783)],0.00026673783,5.0934668,fixed,fixed
232622,309,6.7248263,0.0,-0.79164916,-1.5031306,1,[np.float32(5.0934668)],[np.float32(0.00060000445)],0.00060000445,5.0934668,fixed,fixed
232622,310,5.5545464,0.0,-0.6882088,-0.8232016,1,[np.float32(5.0934668)],[np.float32(0.00026673783)],0.00026673783,5.0934668,fixed,fixed
232622,317,5.184434,0.0,-0.64771295,-0.6998308,2,"[np.float32(5.0934668), np.float32(4.45615)]","[np.float32(0.00026673783), np.float32(0.00026673783)]",0.00026673783,5.0099363,fixed,fixed
232622,320,7.5358305,0.0,-0.84430814,-1.4836296,1,[np.float32(5.0934668)],[np.float32(0.00026673783)],0.00026673783,5.0934668,fixed,fixed
232622,321,5.4253707,0.0,-0.6745627,-0.5416031,1,[np.float32(5.0934668)],[np.float32(0.0001333867)],0.0001333867,5.184434,fixed,fixed
232622,327,7.5358305,0.0,-0.8443368,-1.2450897,1,[np.float32(5.0934668)],[np.float32(0.0001333867)],0.0001333867,5.0934668,fixed,fixed
232622,328,6.357125,0.0,-0.76291937,-1.2335458,1,[np.float32(5.0934668)],[np.float32(0.00040005337)],0.00040005337,5.0934668,fixed,fixed
232622,329,7.5358305,0.0,-0.8443444,-1.2750087,1,[np.float32(5.877573)],[np.float32(6.66978e-05)],6.66978e-05,6.842684,fixed,fixed
232622,333,5.0934668,0.0,-0.637316,-0.9160638,1,[np.float32(5.0934668)],[np.float32(0.00053333334)],0.00053333334,4.5525913,fixed,fixed
232622,334,7.1303654,0.0,-0.81970996,-1.3484745,1,[np.float32(5.0934668)],[np.float32(0.00026673783)],0.00026673783,5.0934668,fixed,fixed
232622,345,7.5358305,0.0,-0.8443409,-1.0309854,1,[np.float32(4.45615)],[np.float32(0.0001333867)],0.0001333867,5.0934668,fixed,fixed
232622,346,6.214031,0.0,-0.7508403,-1.1765699,1,[np.float32(4.45615)],[np.float32(0.0007332311)],0.0007332311,4.45615,fixed,fixed
232622,351,6.7248263,0.0,-0.79168403,-1.809466,1,[np.float32(5.877573)],[np.float32(0.00060000445)],0.00060000445,5.877573,fixed,fixed
232622,353,5.786329,0.0,-0.7116383,-1.0747151,1,[np.float32(5.877573)],[np.float32(0.0002000667)],0.0002000667,5.877573,fixed,fixed
232622,355,7.5358305,0.0,-0.8443541,-1.2750087,1,[np.float32(5.877573)],[np.float32(6.66978e-05)],6.66978e-05,5.4253707,fixed,fixed
232622,356,6.842684,0.0,-0.80024004,-1.4268335,1,[np.float32(5.877573)],[np.float32(0.0002000667)],0.0002000667,5.877573,fixed,fixed
232622,358,5.877573,0.0,-0.7204106,-0.47823286,1,[np.float32(4.45615)],[np.float32(0.0001333867)],0.0001333867,6.9761195,fixed,fixed
232622,368,5.284512,0.0,-0.6591951,-0.7331901,2,"[np.float32(5.0934668), np.float32(4.45615)]","[np.float32(0.00026673783), np.float32(0.00026673783)]",0.00026673783,6.088874,fixed,fixed
232622,370,7.1303654,0.0,-0.819699,-1.1307777,1,[np.float32(4.45615)],[np.float32(0.00026673783)],0.00026673783,5.0934668,fixed,fixed
232622,371,5.786329,0.0,-0.7115788,-0.68276554,1,[np.float32(4.45615)],[np.float32(0.00026673783)],0.00026673783,4.45615,fixed,fixed
232622,372,7.5358305,0.0,-0.8443038,-1.0309854,1,[np.float32(4.45615)],[np.float32(0.0001333867)],0.0001333867,5.284512,fixed,fixed
232622,376,5.877573,0.0,-0.7203788,-0.85227984,1,[np.float32(4.45615)],[np.float32(0.00040005337)],0.00040005337,6.9761195,fixed,fixed
232622,379,6.214031,0.0,-0.75081545,-1.4078817,1,[np.float32(5.0934668)],[np.float32(0.0007332311)],0.0007332311,5.0934668,fixed,fixed
232622,381,7.5358305,0.0,-0.8443364,-1.2450897,1,[np.float32(5.0934668)],[np.float32(0.0001333867)],0.0001333867,5.0934668,fixed,fixed
232622,384,5.786329,0.0,-0.7116352,-1.0264486,1,[np.float32(6.842684)],[np.float32(6.66978e-05)],6.66978e-05,5.877573,fixed,fixed
232622,385,7.5358305,0.0,-0.8443455,-1.8636626,1,[np.float32(6.842684)],[np.float32(0.0001333867)],0.0001333867,6.842684,fixed,fixed
232622,398,6.7248263,0.0,-0.79164916,-1.5031306,1,[np.float32(5.0934668)],[np.float32(0.00060000445)],0.00060000445,5.0934668,fixed,fixed
232622,400,6.214031,0.0,-0.7508431,-0.5903856,1,[np.float32(4.45615)],[np.float32(0.0001333867)],0.0001333867,4.5525913,fixed,fixed
232622,401,5.5545464,0.0,-0.6882443,-0.58466166,1,[np.float32(5.0934668)],[np.float32(0.0001333867)],0.0001333867,5.0934668,fixed,fixed
232622,402,6.088874,0.0,-0.7398303,-1.0013107,1,[np.float32(5.0934668)],[np.float32(0.00026673783)],0.00026673783,4.5525913,fixed,fixed
232622,403,6.088874,0.0,-0.7399049,-0.76277083,1,[np.float32(5.0934668)],[np.float32(0.0001333867)],0.0001333867,6.7248263,fixed,fixed
232622,404,5.977319,0.0,-0.7297577,-1.090112,1,[np.float32(6.842684)],[np.float32(6.66978e-05)],6.66978e-05,6.088874,fixed,fixed
232622,405,5.0934668,0.0,-0.6372798,-0.9160638,1,[np.float32(5.0934668)],[np.float32(0.00053333334)],0.00053333334,6.5241694,fixed,fixed
232622,407,5.877573,0.0,-0.7204285,-1.4707679,1,[np.float32(6.842684)],[np.float32(0.0002000667)],0.0002000667,6.9761195,fixed,fixed
232622,412,7.1303654,0.0,-0.81970996,-1.3484745,1,[np.float32(5.0934668)],[np.float32(0.00026673783)],0.00026673783,5.0934668,fixed,fixed
232622,420,4.951692,0.0,-0.62025636,-0.6435387,1,[np.float32(4.45615)],[np.float32(0.00053333334)],0.00053333334,5.487917,fixed,fixed
232622,424,7.5358305,0.0,-0.84431624,-1.2659328,1,[np.float32(4.45615)],[np.float32(0.00026673783)],0.00026673783,4.45615,fixed,fixed
232622,425,5.977319,0.0,-0.72972393,-0.51148146,1,[np.float32(4.45615)],[np.float32(0.0001333867)],0.0001333867,4.45615,fixed,fixed
232622,426,6.842684,0.0,-0.8001845,-1.0348839,1,[np.float32(4.45615)],[np.float32(0.00026673783)],0.00026673783,4.45615,fixed,fixed
232622,429,5.487917,0.0,-0.6811203,-0.5832949,1,[np.float32(4.45615)],[np.float32(0.00026673783)],0.00026673783,4.951692,fixed,fixed
232622,430,4.8111362,0.0,-0.6029404,-0.3577014,1,[np.float32(4.45615)],[np.float32(0.00026673783)],0.00026673783,4.8111362,fixed,fixed
232622,432,8.228977,0.0,-0.87933046,-1.2620343,1,[np.float32(4.45615)],[np.float32(0.0001333867)],0.0001333867,4.45615,fixed,fixed
232622,442,6.7248263,0.0,-0.79162097,-1.2758845,1,[np.float32(4.45615)],[np.float32(0.00060000445)],0.00060000445,4.45615,fixed,fixed
232622,443,5.977319,0.0,-0.7297066,-0.7464289,1,[np.float32(4.45615)],[np.float32(0.00026673783)],0.00026673783,4.45615,fixed,fixed
232622,445,4.5525913,0.0,-0.5697699,-0.48921657,1,[np.float32(5.0934668)],[np.float32(0.00026673783)],0.00026673783,6.088874,fixed,fixed
232622,447,7.5358305,0.0,-0.84431624,-1.2659328,1,[np.float32(4.45615)],[np.float32(0.00026673783)],0.00026673783,4.45615,fixed,fixed
232622,458,7.1303654,0.0,-0.8197341,-1.1307777,1,[np.float32(4.45615)],[np.float32(0.00026673783)],0.00026673783,4.45615,fixed,fixed
232622,486,6.18106,0.0,-0.74795777,-1.0533279,1,[np.float32(4.45615)],[np.float32(0.00053333334)],0.00053333334,4.45615,fixed,fixed
239456,21,6.088874,0.0,-0.73989606,-0.79362255,1,[np.float32(5.184434)],[np.float32(0.0001333867)],0.0001333867,6.7248263,fixed,fixed
239456,27,4.8111362,0.0,-0.6028744,-0.5264527,1,[np.float32(4.951692)],[np.float32(0.00026673783)],0.00026673783,5.901499,fixed,fixed
239456,55,5.2083592,0.0,-0.6504584,-1.0522863,1,[np.float32(4.951692)],[np.float32(0.00079978665)],0.00079978665,4.951692,fixed,fixed
239456,57,4.45615,0.0,-0.5563573,-0.6525061,1,[np.float32(4.951692)],[np.float32(0.00053333334)],0.00053333334,6.214031,fixed,fixed
239456,58,6.842684,0.0,-0.8002051,-0.96611446,1,[np.float32(4.951692)],[np.float32(0.0001333867)],0.0001333867,4.45615,fixed,fixed
239456,61,8.228977,0.0,-0.87933046,-1.4282122,1,[np.float32(4.951692)],[np.float32(0.0001333867)],0.0001333867,4.45615,fixed,fixed
239456,72,5.184434,0.0,-0.6477533,-0.9795687,1,[np.float32(5.184434)],[np.float32(0.00053333334)],0.00053333334,4.8615465,fixed,fixed
239456,75,5.0934668,0.0,-0.6372847,-0.70109993,1,[np.float32(5.184434)],[np.float32(0.00026673783)],0.00026673783,6.5241694,fixed,fixed
239456,81,5.877573,0.0,-0.72028637,-1.3951551,1,[np.float32(5.184434)],[np.float32(0.0008664222)],0.0008664222,5.184434,fixed,fixed
239456,85,6.842684,0.0,-0.8002398,-1.4268335,1,[np.float32(5.877573)],[np.float32(0.0002000667)],0.0002000667,6.088874,fixed,fixed
239456,86,5.184434,1.0,-0.9960607,-0.7304895,1,[np.float32(5.877573)],[np.float32(0.0001333867)],0.0001333867,5.877573,fixed,fixed
239456,88,7.1303654,0.0,-0.819713,-1.3800663,1,[np.float32(5.184434)],[np.float32(0.00026673783)],0.00026673783,5.184434,fixed,fixed
239456,89,7.5358305,0.0,-0.8443064,-1.2759415,1,[np.float32(5.184434)],[np.float32(0.0001333867)],0.0001333867,5.0934668,fixed,fixed
239456,90,5.4253707,0.0,-0.674566,-0.8117346,1,[np.float32(5.184434)],[np.float32(0.00026673783)],0.00026673783,5.184434,fixed,fixed
239456,97,6.214031,0.0,-0.75083596,-0.8353417,1,[np.float32(5.184434)],[np.float32(0.0001333867)],0.0001333867,5.0934668,fixed,fixed
239456,114,8.228977,0.0,-0.8793362,-1.5069904,1,[np.float32(5.184434)],[np.float32(0.0001333867)],0.0001333867,5.184434,fixed,fixed
239456,115,7.5358305,0.0,-0.84433585,-1.2750087,1,[np.float32(5.877573)],[np.float32(6.66978e-05)],6.66978e-05,4.411208,fixed,fixed
239456,116,6.214031,0.0,-0.7508269,-0.83440894,1,[np.float32(5.877573)],[np.float32(6.66978e-05)],6.66978e-05,5.0934668,fixed,fixed
239456,122,5.877573,1.0,-0.99486107,-0.72318894,1,[np.float32(5.184434)],[np.float32(0.0001333867)],0.0001333867,6.7248263,fixed,fixed
239456,123,5.786329,0.0,-0.7116382,-1.0747151,1,[np.float32(5.877573)],[np.float32(0.0002000667)],0.0002000667,6.088874,fixed,fixed
239456,124,7.5358305,0.0,-0.84434605,-1.2750087,1,[np.float32(5.877573)],[np.float32(6.66978e-05)],6.66978e-05,6.842684,fixed,fixed
239456,129,5.877573,0.0,-0.7204263,-0.7222562,1,[np.float32(5.877573)],[np.float32(6.66978e-05)],6.66978e-05,6.7248263,fixed,fixed
239456,144,5.877573,0.0,-0.7202862,-1.0236865,1,[np.float32(4.951692)],[np.float32(0.00040005337)],0.00040005337,6.9761195,fixed,fixed
239456,148,5.877573,0.0,-0.72041416,-0.7222562,1,[np.float32(5.877573)],[np.float32(6.66978e-05)],6.66978e-05,6.7248263,fixed,fixed
239456,155,5.877573,0.0,-0.7204122,-1.0725757,1,[np.float32(5.786329)],[np.float32(0.0002000667)],0.0002000667,6.7248263,fixed,fixed
239456,164,5.0099363,0.0,-0.6272639,-0.5927194,1,[np.float32(4.951692)],[np.float32(0.00026673783)],0.00026673783,5.184434,fixed,fixed
239456,172,5.0934668,0.0,-0.637346,-0.864945,1,[np.float32(4.951692)],[np.float32(0.00053333334)],0.00053333334,4.5525913,fixed,fixed
239456,179,5.184434,0.0,-0.6476963,-0.8952674,1,[np.float32(4.951692)],[np.float32(0.00053333334)],0.00053333334,5.0099363,fixed,fixed
239456,187,5.4253707,0.0,-0.67447966,-0.73119754,1,[np.float32(4.951692)],[np.float32(0.00026673783)],0.00026673783,5.0934668,fixed,fixed
239456,195,6.7248263,0.0,-0.7916532,-1.5367365,1,[np.float32(5.184434)],[np.float32(0.00060000445)],0.00060000445,5.184434,fixed,fixed
239456,196,5.625983,0.0,-0.6955768,-0.6393257,1,[np.float32(5.184434)],[np.float32(0.0001333867)],0.0001333867,5.184434,fixed,fixed
239456,199,6.7248263,0.0,-0.79168403,-1.809466,1,[np.float32(5.877573)],[np.float32(0.00060000445)],0.00060000445,5.877573,fixed,fixed
239456,200,5.977319,0.0,-0.7297292,-0.9947844,1,[np.float32(5.877573)],[np.float32(0.0001333867)],0.0001333867,5.0934668,fixed,fixed
239456,201,5.877573,0.0,-0.7203414,-1.210615,1,[np.float32(5.184434)],[np.float32(0.00053333334)],0.00053333334,5.184434,fixed,fixed
239456,203,8.228977,0.0,-0.8793649,-1.5060576,1,[np.float32(5.877573)],[np.float32(6.66978e-05)],6.66978e-05,5.877573,fixed,fixed
239456,204,6.842684,0.0,-0.80024004,-1.4268335,1,[np.float32(5.877573)],[np.float32(0.0002000667)],0.0002000667,5.877573,fixed,fixed
239456,205,5.184434,0.0,-0.647815,-0.9795687,2,"[np.float32(5.184434), np.float32(5.877573)]","[np.float32(0.00053333334), np.float32(0.0001333867)]",0.00053333334,5.877573,fixed,fixed
239456,207,7.1303654,0.0,-0.8197131,-1.3800663,1,[np.float32(5.184434)],[np.float32(0.00026673783)],0.00026673783,5.184434,fixed,fixed
239456,211,6.842684,0.0,-0.80023676,-1.0129257,1,[np.float32(5.786329)],[np.float32(6.66978e-05)],6.66978e-05,5.877573,fixed,fixed
239456,212,7.5358305,0.0,-0.84435314,-1.4825125,1,[np.float32(5.786329)],[np.float32(0.0001333867)],0.0001333867,5.786329,fixed,fixed
239456,232,8.228977,0.0,-0.8793362,-1.5069904,1,[np.float32(5.184434)],[np.float32(0.0001333867)],0.0001333867,5.184434,fixed,fixed
239456,236,6.842684,0.0,-0.80023676,-1.0129257,1,[np.float32(5.786329)],[np.float32(6.66978e-05)],6.66978e-05,5.877573,fixed,fixed
239456,240,5.877573,0.0,-0.72040546,-1.0725757,1,[np.float32(5.786329)],[np.float32(0.0002000667)],0.0002000667,6.7248263,fixed,fixed
239456,264,5.877573,0.0,-0.7204127,-1.4707679,1,[np.float32(6.842684)],[np.float32(0.0002000667)],0.0002000667,6.7248263,fixed,fixed
239456,291,5.877573,0.0,-0.7204087,-1.4707679,1,[np.float32(6.842684)],[np.float32(0.0002000667)],0.0002000667,6.7248263,fixed,fixed
239456,353,5.786329,0.0,-0.7116352,-1.0264486,1,[np.float32(6.842684)],[np.float32(6.66978e-05)],6.66978e-05,5.877573,fixed,fixed
239456,354,7.5358305,0.0,-0.8443469,-1.8636626,1,[np.float32(6.842684)],[np.float32(0.0001333867)],0.0001333867,6.842684,fixed,fixed
239456,371,5.786329,0.0,-0.7115742,-1.0264486,1,[np.float32(6.842684)],[np.float32(6.66978e-05)],6.66978e-05,4.45615,fixed,fixed
239456,376,5.877573,0.0,-0.72037435,-1.4707679,1,[np.float32(6.842684)],[np.float32(0.0002000667)],0.0002000667,6.9761195,fixed,fixed
239456,377,5.4253707,0.0,-0.67460287,-0.9061293,1,[np.float32(6.842684)],[np.float32(6.66978e-05)],6.66978e-05,5.877573,fixed,fixed
239456,378,7.5358305,0.0,-0.8443496,-1.8636626,1,[np.float32(6.842684)],[np.float32(0.0001333867)],0.0001333867,6.842684,fixed,fixed
239456,401,5.5545464,0.0,-0.6882427,-0.9491878,1,[np.float32(6.842684)],[np.float32(6.66978e-05)],6.66978e-05,5.0934668,fixed,fixed
239456,403,6.088874,0.0,-0.7399063,-1.5412015,1,[np.float32(6.842684)],[np.float32(0.0002000667)],0.0002000667,6.7248263,fixed,fixed
262180,3,6.118513,0.0,-0.7425283,-1.368611,1,[np.float32(6.088874)],[np.float32(0.00026673783)],0.00026673783,6.088874,fixed,fixed
262180,12,4.411208,0.0,-0.5501696,-0.9988746,1,[np.float32(5.901499)],[np.float32(0.00053333334)],0.00053333334,6.214031,fixed,fixed
262180,21,6.088874,0.0,-0.73989606,-0.79362255,1,[np.float32(5.184434)],[np.float32(0.0001333867)],0.0001333867,6.7248263,fixed,fixed
262180,25,5.2083592,0.0,-0.6504584,-1.0652264,1,[np.float32(6.088874)],[np.float32(0.00026673783)],0.00026673783,4.5525913,fixed,fixed
262180,29,6.088874,0.0,-0.73989606,-1.3811659,1,[np.float32(7.5358305)],[np.float32(6.66978e-05)],6.66978e-05,6.7248263,fixed,fixed
262180,30,4.5525913,0.0,-0.5693736,-1.3584352,1,[np.float32(6.088874)],[np.float32(0.0008664222)],0.0008664222,6.214031,fixed,fixed
262180,72,5.184434,0.0,-0.6477533,-0.9795687,1,[np.float32(5.184434)],[np.float32(0.00053333334)],0.00053333334,4.8615465,fixed,fixed
262180,75,5.0934668,0.0,-0.6372847,-0.70109993,1,[np.float32(5.184434)],[np.float32(0.00026673783)],0.00026673783,6.5241694,fixed,fixed
262180,81,5.877573,0.0,-0.72028637,-1.3951551,1,[np.float32(5.184434)],[np.float32(0.0008664222)],0.0008664222,5.184434,fixed,fixed
262180,83,5.877573,0.0,-0.72027737,-1.3107322,1,[np.float32(7.5358305)],[np.float32(6.66978e-05)],6.66978e-05,6.9761195,fixed,fixed
262180,84,8.228977,0.0,-0.8793649,-2.0945337,1,[np.float32(7.5358305)],[np.float32(6.66978e-05)],6.66978e-05,6.088874,fixed,fixed
262180,85,6.842684,0.0,-0.8002398,-1.9148684,1,[np.float32(7.5358305)],[np.float32(0.0001333867)],0.0001333867,6.088874,fixed,fixed
262180,88,7.1303654,0.0,-0.819713,-1.3800663,1,[np.float32(5.184434)],[np.float32(0.00026673783)],0.00026673783,5.184434,fixed,fixed
262180,89,7.5358305,0.0,-0.8443064,-1.2759415,1,[np.float32(5.184434)],[np.float32(0.0001333867)],0.0001333867,5.0934668,fixed,fixed
262180,90,5.4253707,0.0,-0.674566,-0.8117346,1,[np.float32(5.184434)],[np.float32(0.00026673783)],0.00026673783,5.184434,fixed,fixed
262180,93,7.5358305,0.0,-0.84435314,-1.8634847,1,[np.float32(7.5358305)],[np.float32(6.66978e-05)],6.66978e-05,5.786329,fixed,fixed
262180,97,6.214031,0.0,-0.75083596,-0.8353417,1,[np.float32(5.184434)],[np.float32(0.0001333867)],0.0001333867,5.0934668,fixed,fixed
262180,114,8.228977,0.0,-0.8793362,-1.5069904,1,[np.float32(5.184434)],[np.float32(0.0001333867)],0.0001333867,5.184434,fixed,fixed
262180,115,7.5358305,0.0,-0.8443367,-1.8634847,1,[np.float32(7.5358305)],[np.float32(6.66978e-05)],6.66978e-05,4.411208,fixed,fixed
262180,116,6.214031,0.0,-0.7508282,-1.422885,1,[np.float32(7.5358305)],[np.float32(6.66978e-05)],6.66978e-05,5.0934668,fixed,fixed
262180,118,6.842684,0.0,-0.8002367,-1.9148684,1,[np.float32(7.5358305)],[np.float32(0.0001333867)],0.0001333867,5.877573,fixed,fixed
262180,119,8.228977,0.0,-0.8793642,-2.0945337,1,[np.float32(7.5358305)],[np.float32(6.66978e-05)],6.66978e-05,5.877573,fixed,fixed
262180,122,5.877573,0.0,-0.72040844,-1.3107322,2,"[np.float32(5.184434), np.float32(7.5358305)]","[np.float32(0.0001333867), np.float32(6.66978e-05)]",0.0001333867,6.7248263,fixed,fixed
262180,176,6.088874,0.0,-0.73979545,-1.3587313,1,[np.float32(6.088874)],[np.float32(0.00026673783)],0.00026673783,5.284512,fixed,fixed
262180,195,6.7248263,0.0,-0.7916532,-1.5367365,1,[np.float32(5.184434)],[np.float32(0.00060000445)],0.00060000445,5.184434,fixed,fixed
262180,196,5.625983,0.0,-0.6955768,-0.6393257,1,[np.float32(5.184434)],[np.float32(0.0001333867)],0.0001333867,5.184434,fixed,fixed
262180,201,5.877573,0.0,-0.7203414,-1.210615,1,[np.float32(5.184434)],[np.float32(0.00053333334)],0.00053333334,5.184434,fixed,fixed
262180,205,5.184434,0.0,-0.6478115,-0.9795687,1,[np.float32(5.184434)],[np.float32(0.00053333334)],0.00053333334,5.877573,fixed,fixed
262180,207,7.1303654,0.0,-0.8197131,-1.3800663,1,[np.float32(5.184434)],[np.float32(0.00026673783)],0.00026673783,5.184434,fixed,fixed
262180,232,8.228977,0.0,-0.8793362,-1.5069904,1,[np.float32(5.184434)],[np.float32(0.0001333867)],0.0001333867,5.184434,fixed,fixed
269384,105,6.088874,0.0,-0.7397399,-1.3587313,1,[np.float32(6.088874)],[np.float32(0.00026673783)],0.00026673783,4.5525913,fixed,fixed
269384,107,5.284512,0.0,-0.6590779,-1.6024088,2,"[np.float32(6.088874), np.float32(5.284512)]","[np.float32(0.0008664222), np.float32(0.00053333334)]",0.0008664222,6.088874,fixed,fixed
269384,165,5.0934668,0.0,-0.6372167,-0.73604125,2,"[np.float32(5.284512), np.float32(5.877573)]","[np.float32(0.00026673783), np.float32(0.0001333867)]",0.00026673783,6.214031,fixed,fixed
269384,180,5.0934668,0.0,-0.6372683,-0.8314453,1,[np.float32(5.5545464)],[np.float32(0.00026673783)],0.00026673783,6.214031,fixed,fixed
269384,218,6.214031,0.0,-0.7508116,-1.2541078,1,[np.float32(5.284512)],[np.float32(0.00040005337)],0.00040005337,5.284512,fixed,fixed
269384,221,5.0934668,0.0,-0.63730896,-1.0269289,2,"[np.float32(6.088874), np.float32(5.284512)]","[np.float32(0.00026673783), np.float32(0.00026673783)]",0.00026673783,6.214031,fixed,fixed
269384,224,6.088874,1.0,-0.9943758,-1.3179449,1,[np.float32(5.284512)],[np.float32(0.00053333334)],0.00053333334,5.284512,fixed,fixed
269384,226,5.284512,1.0,-0.9959027,-1.3693577,1,[np.float32(6.088874)],[np.float32(0.00053333334)],0.00053333334,6.088874,fixed,fixed
269384,227,6.088501,0.0,-0.7398468,-0.82753754,1,[np.float32(5.284512)],[np.float32(0.0001333867)],0.0001333867,5.284512,fixed,fixed
269384,228,7.5358305,0.0,-0.84431034,-1.5501624,1,[np.float32(5.284512)],[np.float32(0.00026673783)],0.00026673783,5.284512,fixed,fixed
269384,249,6.842684,0.0,-0.80023676,-1.4268335,1,[np.float32(5.877573)],[np.float32(0.0002000667)],0.0002000667,5.877573,fixed,fixed
269384,252,5.877573,0.0,-0.72040224,-0.7222562,1,[np.float32(5.877573)],[np.float32(6.66978e-05)],6.66978e-05,6.7248263,fixed,fixed
269384,253,5.786329,0.0,-0.71157646,-0.7268135,1,[np.float32(5.284512)],[np.float32(0.0001333867)],0.0001333867,5.0934668,fixed,fixed
269384,254,8.228977,0.0,-0.87936395,-1.5060576,1,[np.float32(5.877573)],[np.float32(6.66978e-05)],6.66978e-05,5.786329,fixed,fixed
269384,267,6.214031,0.0,-0.75080055,-0.8684229,1,[np.float32(5.977319)],[np.float32(6.66978e-05)],6.66978e-05,5.0934668,fixed,fixed
269384,268,6.842684,0.0,-0.80023676,-1.0779737,1,[np.float32(5.977319)],[np.float32(6.66978e-05)],6.66978e-05,5.877573,fixed,fixed
269384,269,7.5358305,0.0,-0.8443347,-1.3090227,1,[np.float32(5.977319)],[np.float32(6.66978e-05)],6.66978e-05,5.0934668,fixed,fixed
269384,271,5.877573,0.0,-0.7204122,-0.7222562,1,[np.float32(5.877573)],[np.float32(6.66978e-05)],6.66978e-05,6.7248263,fixed,fixed
269384,278,5.5545464,0.0,-0.6882504,-0.8538603,1,[np.float32(5.877573)],[np.float32(0.0001333867)],0.0001333867,5.877573,fixed,fixed
269384,281,5.0934668,0.0,-0.6372872,-0.7001671,1,[np.float32(5.877573)],[np.float32(0.0001333867)],0.0001333867,6.214031,fixed,fixed
269384,291,5.877573,0.0,-0.7204087,-0.99644876,1,[np.float32(5.977319)],[np.float32(0.0001333867)],0.0001333867,6.7248263,fixed,fixed
269384,295,5.877573,0.0,-0.7204227,-0.9457287,1,[np.float32(5.4253707)],[np.float32(0.0002000667)],0.0002000667,6.7248263,fixed,fixed
269384,298,5.877573,0.0,-0.7204092,-0.7222562,1,[np.float32(5.877573)],[np.float32(6.66978e-05)],6.66978e-05,6.7248263,fixed,fixed
269384,330,6.214031,0.0,-0.75082636,-1.4808785,1,[np.float32(5.284512)],[np.float32(0.0007332311)],0.0007332311,5.284512,fixed,fixed
269384,333,5.0934668,0.0,-0.63730866,-0.73604125,1,[np.float32(5.284512)],[np.float32(0.00026673783)],0.00026673783,4.5525913,fixed,fixed
269384,336,6.088874,0.0,-0.7398246,-1.5052582,2,"[np.float32(6.088874), np.float32(5.284512)]","[np.float32(0.00026673783), np.float32(0.0008664222)]",0.0008664222,5.284512,fixed,fixed
269384,338,4.5525913,0.0,-0.56958836,-0.80585074,1,[np.float32(5.284512)],[np.float32(0.00053333334)],0.00053333334,6.088874,fixed,fixed
269384,356,6.842684,0.0,-0.80023676,-0.89081335,1,[np.float32(5.4253707)],[np.float32(6.66978e-05)],6.66978e-05,5.877573,fixed,fixed
269384,357,6.7248263,0.0,-0.79168403,-1.809466,1,[np.float32(5.877573)],[np.float32(0.00060000445)],0.00060000445,5.877573,fixed,fixed
269384,359,5.4253707,0.0,-0.67460626,-0.9543958,1,[np.float32(5.877573)],[np.float32(0.0002000667)],0.0002000667,5.877573,fixed,fixed
269384,360,7.5358305,0.0,-0.8443487,-1.2750087,1,[np.float32(5.877573)],[np.float32(6.66978e-05)],6.66978e-05,6.842684,fixed,fixed
269384,361,6.842684,0.0,-0.80024004,-1.4268335,1,[np.float32(5.877573)],[np.float32(0.0002000667)],0.0002000667,5.877573,fixed,fixed
269384,362,7.5358305,0.0,-0.84435403,-1.2750087,1,[np.float32(5.877573)],[np.float32(6.66978e-05)],6.66978e-05,5.786329,fixed,fixed
269384,373,7.5358305,0.0,-0.8443532,-1.358078,1,[np.float32(5.4253707)],[np.float32(0.0001333867)],0.0001333867,5.4253707,fixed,fixed
269384,374,6.842684,0.0,-0.80023676,-0.89081335,1,[np.float32(5.4253707)],[np.float32(6.66978e-05)],6.66978e-05,5.877573,fixed,fixed
269384,376,5.877573,0.0,-0.72036994,-0.9457287,1,[np.float32(5.4253707)],[np.float32(0.0002000667)],0.0002000667,6.9761195,fixed,fixed
286734,11,5.901499,0.0,-0.7226517,-0.9446309,1,[np.float32(4.411208)],[np.float32(0.00053333334)],0.00053333334,4.411208,fixed,fixed
286734,14,7.1303654,0.0,-0.8197333,-1.1156284,1,[np.float32(4.411208)],[np.float32(0.00026673783)],0.00026673783,4.411208,fixed,fixed
286734,15,5.786329,0.0,-0.7115448,-0.80653757,1,[np.float32(4.411208)],[np.float32(0.00040005337)],0.00040005337,4.411208,fixed,fixed
286734,16,7.5358305,0.0,-0.8443376,-1.0160102,1,[np.float32(4.411208)],[np.float32(0.0001333867)],0.0001333867,4.411208,fixed,fixed
286734,18,4.8111362,0.0,-0.6028651,-0.58117676,1,[np.float32(4.411208)],[np.float32(0.00053333334)],0.00053333334,4.411208,fixed,fixed
286734,20,6.842684,0.0,-0.8001911,-0.7849612,1,[np.float32(4.411208)],[np.float32(0.0001333867)],0.0001333867,4.8111362,fixed,fixed
286734,22,7.5358305,0.0,-0.8442951,-1.2507834,1,[np.float32(4.411208)],[np.float32(0.00026673783)],0.00026673783,4.411208,fixed,fixed
286734,23,5.786329,0.0,-0.71155304,-0.43284288,1,[np.float32(4.411208)],[np.float32(0.0001333867)],0.0001333867,4.8111362,fixed,fixed
286734,24,7.5358305,0.0,-0.8442951,-1.2507834,1,[np.float32(4.411208)],[np.float32(0.00026673783)],0.00026673783,4.411208,fixed,fixed
286734,27,4.8111362,0.0,-0.6028823,-0.34255204,1,[np.float32(4.411208)],[np.float32(0.00026673783)],0.00026673783,5.901499,fixed,fixed
286734,57,4.45615,0.0,-0.5563573,-0.4877282,1,[np.float32(5.877573)],[np.float32(0.0001333867)],0.0001333867,6.214031,fixed,fixed
286734,78,6.214031,0.0,-0.7507365,-1.2203809,1,[np.float32(4.411208)],[np.float32(0.0008664222)],0.0008664222,4.411208,fixed,fixed
286734,80,5.977319,0.0,-0.7297234,-0.4965062,1,[np.float32(4.411208)],[np.float32(0.0001333867)],0.0001333867,4.411208,fixed,fixed
286734,81,5.877573,0.0,-0.7202923,-0.69803095,1,[np.float32(4.411208)],[np.float32(0.00026673783)],0.00026673783,5.184434,fixed,fixed
286734,82,7.5358305,0.0,-0.84430313,-1.2507834,1,[np.float32(4.411208)],[np.float32(0.00026673783)],0.00026673783,4.411208,fixed,fixed
286734,110,6.7248263,0.0,-0.7916191,-1.2602814,1,[np.float32(4.411208)],[np.float32(0.00060000445)],0.00060000445,4.411208,fixed,fixed
286734,111,5.977319,0.0,-0.7297056,-0.73127955,1,[np.float32(4.411208)],[np.float32(0.00026673783)],0.00026673783,4.411208,fixed,fixed
286734,113,5.877573,0.0,-0.7203039,-0.9366557,1,[np.float32(4.411208)],[np.float32(0.00053333334)],0.00053333334,4.411208,fixed,fixed
286734,115,7.5358305,0.0,-0.8443376,-1.0160102,1,[np.float32(4.411208)],[np.float32(0.0001333867)],0.0001333867,4.411208,fixed,fixed
286734,116,6.214031,0.0,-0.7508349,-0.949105,1,[np.float32(4.411208)],[np.float32(0.00040005337)],0.00040005337,5.0934668,fixed,fixed
286734,120,5.0934668,0.0,-0.6372582,-0.67528695,1,[np.float32(4.411208)],[np.float32(0.00053333334)],0.00053333334,6.214031,fixed,fixed
286734,125,5.877573,0.0,-0.72027457,-1.4707679,1,[np.float32(6.842684)],[np.float32(0.0002000667)],0.0002000667,6.9761195,fixed,fixed
286734,132,6.842684,1.0,-0.99251145,-1.4268335,1,[np.float32(5.877573)],[np.float32(0.0002000667)],0.0002000667,5.877573,fixed,fixed
286734,135,5.877573,0.0,-0.72040224,-0.7222562,1,[np.float32(5.877573)],[np.float32(6.66978e-05)],6.66978e-05,6.7248263,fixed,fixed
286734,136,5.786329,0.0,-0.7115584,-1.0264486,1,[np.float32(6.842684)],[np.float32(6.66978e-05)],6.66978e-05,4.45615,fixed,fixed
286734,137,8.228977,0.0,-0.87936395,-1.5060576,1,[np.float32(5.877573)],[np.float32(6.66978e-05)],6.66978e-05,5.786329,fixed,fixed
286734,138,7.5358305,0.0,-0.8443469,-1.8636626,1,[np.float32(6.842684)],[np.float32(0.0001333867)],0.0001333867,6.842684,fixed,fixed
286734,139,6.214031,0.0,-0.75072694,-0.57541037,1,[np.float32(4.411208)],[np.float32(0.0001333867)],0.0001333867,4.5525913,fixed,fixed
286734,141,7.1303654,0.0,-0.8196982,-1.1156284,1,[np.float32(4.411208)],[np.float32(0.00026673783)],0.00026673783,4.411208,fixed,fixed
286734,155,5.877573,0.0,-0.7204122,-0.7222562,1,[np.float32(5.877573)],[np.float32(6.66978e-05)],6.66978e-05,6.7248263,fixed,fixed
286734,156,5.786329,0.0,-0.71163523,-1.0264486,1,[np.float32(6.842684)],[np.float32(6.66978e-05)],6.66978e-05,6.088874,fixed,fixed
286734,161,5.877573,1.0,-0.99486125,-1.4707679,1,[np.float32(6.842684)],[np.float32(0.0002000667)],0.0002000667,6.7248263,fixed,fixed
286734,162,5.5545464,0.0,-0.6882504,-0.8538603,1,[np.float32(5.877573)],[np.float32(0.0001333867)],0.0001333867,5.877573,fixed,fixed
286734,165,5.0934668,0.0,-0.6372203,-0.7001671,1,[np.float32(5.877573)],[np.float32(0.0001333867)],0.0001333867,6.214031,fixed,fixed
286734,185,5.877573,0.0,-0.72040915,-0.7222562,1,[np.float32(5.877573)],[np.float32(6.66978e-05)],6.66978e-05,6.7248263,fixed,fixed
286734,245,6.7248263,0.0,-0.79168403,-1.809466,1,[np.float32(5.877573)],[np.float32(0.00060000445)],0.00060000445,5.877573,fixed,fixed
286734,247,5.4253707,0.0,-0.67460626,-0.9543958,1,[np.float32(5.877573)],[np.float32(0.0002000667)],0.0002000667,5.877573,fixed,fixed
286734,248,7.5358305,0.0,-0.8443487,-1.2750087,1,[np.float32(5.877573)],[np.float32(6.66978e-05)],6.66978e-05,6.842684,fixed,fixed
286734,249,6.842684,0.0,-0.80024004,-1.4268335,1,[np.float32(5.877573)],[np.float32(0.0002000667)],0.0002000667,5.877573,fixed,fixed
286734,250,7.5358305,0.0,-0.84435403,-1.2750087,1,[np.float32(5.877573)],[np.float32(6.66978e-05)],6.66978e-05,5.786329,fixed,fixed
286734,338,4.5525913,0.0,-0.56957173,-1.4287801,1,[np.float32(6.214031)],[np.float32(0.0008664222)],0.0008664222,6.088874,fixed,fixed
286734,389,5.877573,0.0,-0.72040796,-1.9591898,1,[np.float32(6.9761195)],[np.float32(0.00046674226)],0.00046674226,4.411208,fixed,fixed
286734,393,4.411208,0.0,-0.5504118,-0.5913679,2,"[np.float32(6.214031), np.float32(5.786329)]","[np.float32(0.0001333867), np.float32(0.0001333867)]",0.0001333867,6.214031,fixed,fixed
286734,405,5.0934668,0.0,-0.6372652,-1.0167384,1,[np.float32(5.366584)],[np.float32(0.00053333334)],0.00053333334,6.5241694,fixed,fixed
286734,410,6.088874,0.0,-0.7399012,-1.0001935,1,[np.float32(5.786329)],[np.float32(0.0001333867)],0.0001333867,6.7248263,fixed,fixed
286734,416,5.184434,0.0,-0.64782315,-0.795176,1,[np.float32(5.366584)],[np.float32(0.00026673783)],0.00026673783,4.8615465,fixed,fixed
286734,428,4.8111362,0.0,-0.6028921,-0.72467726,1,[np.float32(6.214031)],[np.float32(0.0001333867)],0.0001333867,4.5525913,fixed,fixed
286734,452,4.8111362,0.0,-0.6028712,-0.8208317,2,"[np.float32(5.786329), np.float32(5.366584)]","[np.float32(0.00026673783), np.float32(0.00026673783)]",0.00026673783,4.411208,fixed,fixed
286734,463,5.0301485,0.0,-0.62965095,-1.2727207,1,[np.float32(5.366584)],[np.float32(0.0010660978)],0.0010660978,5.366584,fixed,fixed
286734,480,6.5241694,0.0,-0.77634686,-1.2417545,1,[np.float32(5.366584)],[np.float32(0.00026673783)],0.00026673783,5.0934668,fixed,fixed
289833,75,5.0934668,0.0,-0.6372847,-1.2363725,1,[np.float32(6.214031)],[np.float32(0.00040005337)],0.00040005337,6.5241694,fixed,fixed
289833,86,5.184434,0.0,-0.6478,-0.8491098,1,[np.float32(6.214031)],[np.float32(0.0001333867)],0.0001333867,5.877573,fixed,fixed
289833,95,5.977319,0.0,-0.7297452,-0.8706591,1,[np.float32(6.214031)],[np.float32(6.66978e-05)],6.66978e-05,6.088874,fixed,fixed
289833,98,7.5358305,0.0,-0.8443447,-1.3901631,1,[np.float32(6.214031)],[np.float32(6.66978e-05)],6.66978e-05,6.842684,fixed,fixed
289833,102,5.0934668,0.0,-0.6373094,-1.5163164,1,[np.float32(6.214031)],[np.float32(0.0007332311)],0.0007332311,6.214031,fixed,fixed
289833,129,5.877573,0.0,-0.7204263,-0.8374105,1,[np.float32(6.214031)],[np.float32(6.66978e-05)],6.66978e-05,6.7248263,fixed,fixed
289833,135,5.877573,0.0,-0.72040224,-1.9591898,1,[np.float32(6.7248263)],[np.float32(0.00060000445)],0.00060000445,6.7248263,fixed,fixed
289833,180,5.0934668,0.0,-0.6372683,-0.9160638,1,[np.float32(5.0934668)],[np.float32(0.00053333334)],0.00053333334,6.214031,fixed,fixed
289833,192,5.184434,0.0,-0.64776677,-0.6998308,1,[np.float32(5.0934668)],[np.float32(0.00026673783)],0.00026673783,5.877573,fixed,fixed
289833,267,6.214031,0.0,-0.75080055,-1.1858479,1,[np.float32(5.0934668)],[np.float32(0.00040005337)],0.00040005337,5.0934668,fixed,fixed
289833,269,7.5358305,0.0,-0.8443347,-1.2450897,1,[np.float32(5.0934668)],[np.float32(0.0001333867)],0.0001333867,5.0934668,fixed,fixed
289833,291,5.877573,0.0,-0.7204087,-1.3107322,2,"[np.float32(5.0934668), np.float32(7.5358305)]","[np.float32(0.0001333867), np.float32(6.66978e-05)]",0.0001333867,6.7248263,fixed,fixed
289833,297,5.4253707,0.0,-0.6745627,-0.5416031,1,[np.float32(5.0934668)],[np.float32(0.0001333867)],0.0001333867,5.184434,fixed,fixed
289833,300,7.1303654,0.0,-0.81970996,-1.3484745,1,[np.float32(5.0934668)],[np.float32(0.00026673783)],0.00026673783,5.0934668,fixed,fixed
289833,301,7.5358305,0.0,-0.8443082,-1.4836296,1,[np.float32(5.0934668)],[np.float32(0.00026673783)],0.00026673783,5.0934668,fixed,fixed
289833,302,5.5545464,0.0,-0.6882089,-0.8232016,1,[np.float32(5.0934668)],[np.float32(0.00026673783)],0.00026673783,5.0934668,fixed,fixed
289833,360,7.5358305,0.0,-0.8443479,-1.8634847,1,[np.float32(7.5358305)],[np.float32(6.66978e-05)],6.66978e-05,6.842684,fixed,fixed
289833,368,5.284512,0.0,-0.65918815,-0.7331901,1,[np.float32(5.0934668)],[np.float32(0.00026673783)],0.00026673783,6.088874,fixed,fixed
289833,377,5.4253707,0.0,-0.67460454,-1.4424306,1,[np.float32(7.5358305)],[np.float32(0.0001333867)],0.0001333867,5.877573,fixed,fixed
289833,378,7.5358305,0.0,-0.8443487,-1.8634847,1,[np.float32(7.5358305)],[np.float32(6.66978e-05)],6.66978e-05,6.842684,fixed,fixed
289833,379,6.214031,0.0,-0.75081545,-1.4078817,1,[np.float32(5.0934668)],[np.float32(0.0007332311)],0.0007332311,5.0934668,fixed,fixed
289833,381,7.5358305,0.0,-0.8443364,-1.2450897,1,[np.float32(5.0934668)],[np.float32(0.0001333867)],0.0001333867,5.0934668,fixed,fixed
289833,383,6.088874,0.0,-0.7399093,-1.3811659,1,[np.float32(7.5358305)],[np.float32(6.66978e-05)],6.66978e-05,6.7248263,fixed,fixed
289833,393,4.411208,0.0,-0.5504118,-1.3816524,2,"[np.float32(5.786329), np.float32(6.214031)]","[np.float32(0.00040005337), np.float32(0.0008664222)]",0.0008664222,6.214031,fixed,fixed
289833,398,6.7248263,0.0,-0.79164916,-1.5031306,1,[np.float32(5.0934668)],[np.float32(0.00060000445)],0.00060000445,5.0934668,fixed,fixed
289833,401,5.5545464,0.0,-0.6882443,-0.58466166,1,[np.float32(5.0934668)],[np.float32(0.0001333867)],0.0001333867,5.0934668,fixed,fixed
289833,402,6.088874,0.0,-0.7398303,-1.0013107,1,[np.float32(5.0934668)],[np.float32(0.00026673783)],0.00026673783,4.5525913,fixed,fixed
289833,403,6.088874,0.0,-0.7399049,-0.76277083,1,[np.float32(5.0934668)],[np.float32(0.0001333867)],0.0001333867,6.7248263,fixed,fixed
289833,405,5.0934668,0.0,-0.6372798,-0.9160638,1,[np.float32(5.0934668)],[np.float32(0.00053333334)],0.00053333334,6.5241694,fixed,fixed
289833,412,7.1303654,0.0,-0.81970996,-1.3484745,1,[np.float32(5.0934668)],[np.float32(0.00026673783)],0.00026673783,5.0934668,fixed,fixed
289833,445,4.5525913,0.0,-0.5697699,-0.48921657,1,[np.float32(5.0934668)],[np.float32(0.00026673783)],0.00026673783,6.088874,fixed,fixed
289833,452,4.8111362,0.0,-0.6028712,-0.72467726,1,[np.float32(6.214031)],[np.float32(0.0001333867)],0.0001333867,4.411208,fixed,fixed
289833,470,4.8615465,0.0,-0.6092245,-0.74148065,1,[np.float32(6.214031)],[np.float32(0.0001333867)],0.0001333867,5.184434,fixed,fixed
293108,8,4.8615465,0.0,-0.60912836,-1.2561784,1,[np.float32(5.184434)],[np.float32(0.0013988314)],0.0013988314,5.184434,fixed,fixed
293108,10,5.2083592,0.0,-0.6504167,-0.9875438,1,[np.float32(5.184434)],[np.float32(0.00053333334)],0.00053333334,4.8615465,fixed,fixed
293108,12,4.411208,0.0,-0.55015236,-0.5913679,1,[np.float32(6.214031)],[np.float32(0.0001333867)],0.0001333867,6.214031,fixed,fixed
293108,18,4.8111362,0.0,-0.6028494,-0.85513616,1,[np.float32(5.184434)],[np.float32(0.00053333334)],0.00053333334,4.411208,fixed,fixed
293108,21,6.088874,0.0,-0.73989606,-0.79362255,1,[np.float32(5.184434)],[np.float32(0.0001333867)],0.0001333867,6.7248263,fixed,fixed
293108,27,4.8111362,0.0,-0.6028744,-0.72467726,1,[np.float32(6.214031)],[np.float32(0.0001333867)],0.0001333867,5.901499,fixed,fixed
293108,30,4.5525913,0.0,-0.5693736,-1.4287801,2,"[np.float32(6.214031), np.float32(6.088874)]","[np.float32(0.0008664222), np.float32(0.00053333334)]",0.0008664222,6.214031,fixed,fixed
293108,36,5.0301485,0.0,-0.62965876,-0.67999387,1,[np.float32(5.184434)],[np.float32(0.00026673783)],0.00026673783,5.1152887,fixed,fixed
293108,38,5.1152887,0.0,-0.6396923,-0.70837396,1,[np.float32(5.184434)],[np.float32(0.00026673783)],0.00026673783,5.0301485,fixed,fixed
293108,71,6.9761195,0.0,-0.8095387,-1.5279642,1,[np.float32(5.184434)],[np.float32(0.00046674226)],0.00046674226,5.184434,fixed,fixed
293108,73,5.625983,0.0,-0.6955767,-0.6393257,1,[np.float32(5.184434)],[np.float32(0.0001333867)],0.0001333867,5.184434,fixed,fixed
293108,81,5.877573,0.0,-0.7202983,-1.210615,1,[np.float32(5.184434)],[np.float32(0.00053333334)],0.00053333334,5.184434,fixed,fixed
293108,86,5.184434,0.0,-0.64781433,-0.9795687,1,[np.float32(5.184434)],[np.float32(0.00053333334)],0.00053333334,5.877573,fixed,fixed
293108,88,7.1303654,0.0,-0.819713,-1.3800663,1,[np.float32(5.184434)],[np.float32(0.00026673783)],0.00026673783,5.184434,fixed,fixed
293108,113,5.877573,0.0,-0.72029203,-1.4707679,1,[np.float32(6.842684)],[np.float32(0.0002000667)],0.0002000667,4.411208,fixed,fixed
293108,114,8.228977,0.0,-0.8793362,-1.5069904,1,[np.float32(5.184434)],[np.float32(0.0001333867)],0.0001333867,5.184434,fixed,fixed
293108,123,5.786329,0.0,-0.71163523,-1.0264486,1,[np.float32(6.842684)],[np.float32(6.66978e-05)],6.66978e-05,6.088874,fixed,fixed
293108,124,7.5358305,0.0,-0.8443469,-1.8636626,1,[np.float32(6.842684)],[np.float32(0.0001333867)],0.0001333867,6.842684,fixed,fixed
293108,142,5.786329,0.0,-0.71158546,-1.0264486,1,[np.float32(6.842684)],[np.float32(6.66978e-05)],6.66978e-05,5.0934668,fixed,fixed
293108,148,5.877573,0.0,-0.7204171,-1.4707679,1,[np.float32(6.842684)],[np.float32(0.0002000667)],0.0002000667,6.7248263,fixed,fixed
293108,169,6.088874,0.0,-0.73974794,-1.3587313,1,[np.float32(6.088874)],[np.float32(0.00026673783)],0.00026673783,4.5525913,fixed,fixed
293108,172,5.0934668,0.0,-0.63733137,-1.0269289,1,[np.float32(6.088874)],[np.float32(0.00026673783)],0.00026673783,4.5525913,fixed,fixed
293108,256,5.284512,0.0,-0.65917933,-1.6024088,1,[np.float32(6.088874)],[np.float32(0.0008664222)],0.0008664222,6.088874,fixed,fixed
293108,290,6.088874,0.0,-0.7398303,-1.3587313,1,[np.float32(6.088874)],[np.float32(0.00026673783)],0.00026673783,5.284512,fixed,fixed
306185,57,4.45615,0.0,-0.5563573,-0.4877282,1,[np.float32(5.877573)],[np.float32(0.0001333867)],0.0001333867,6.214031,fixed,fixed
306185,102,5.0934668,0.0,-0.6372892,-0.9160638,1,[np.float32(5.0934668)],[np.float32(0.00053333334)],0.00053333334,6.214031,fixed,fixed
306185,107,5.284512,0.0,-0.6590779,-0.7331901,1,[np.float32(5.0934668)],[np.float32(0.00026673783)],0.00026673783,6.088874,fixed,fixed
306185,132,6.842684,0.0,-0.80023676,-1.4268335,1,[np.float32(5.877573)],[np.float32(0.0002000667)],0.0002000667,5.877573,fixed,fixed
306185,135,5.877573,0.0,-0.72040224,-0.7222562,2,"[np.float32(5.877573), np.float32(5.0934668)]","[np.float32(6.66978e-05), np.float32(0.0001333867)]",0.0001333867,6.7248263,fixed,fixed
306185,137,8.228977,0.0,-0.87936395,-1.5060576,1,[np.float32(5.877573)],[np.float32(6.66978e-05)],6.66978e-05,5.786329,fixed,fixed
306185,155,5.877573,0.0,-0.7204122,-0.7222562,1,[np.float32(5.877573)],[np.float32(6.66978e-05)],6.66978e-05,6.7248263,fixed,fixed
306185,162,5.5545464,0.0,-0.6882504,-0.8538603,1,[np.float32(5.877573)],[np.float32(0.0001333867)],0.0001333867,5.877573,fixed,fixed
306185,165,5.0934668,0.0,-0.6372203,-0.7001671,1,[np.float32(5.877573)],[np.float32(0.0001333867)],0.0001333867,6.214031,fixed,fixed
306185,180,5.0934668,0.0,-0.6372683,-0.7001671,1,[np.float32(5.877573)],[np.float32(0.0001333867)],0.0001333867,6.214031,fixed,fixed
306185,182,5.877573,0.0,-0.7204227,-1.9591898,1,[np.float32(6.7248263)],[np.float32(0.00060000445)],0.00060000445,6.7248263,fixed,fixed
306185,185,5.877573,0.0,-0.72040915,-0.7222562,1,[np.float32(5.877573)],[np.float32(6.66978e-05)],6.66978e-05,6.7248263,fixed,fixed
306185,211,6.842684,0.0,-0.80023676,-1.4268335,1,[np.float32(5.877573)],[np.float32(0.0002000667)],0.0002000667,5.877573,fixed,fixed
306185,215,7.5358305,0.0,-0.8443351,-1.2750087,2,"[np.float32(5.0934668), np.float32(5.877573)]","[np.float32(0.0001333867), np.float32(6.66978e-05)]",0.0001333867,5.0934668,fixed,fixed
306185,216,6.214031,0.0,-0.75083333,-1.4078817,2,"[np.float32(5.0934668), np.float32(5.877573)]","[np.float32(0.0007332311), np.float32(6.66978e-05)]",0.0007332311,5.0934668,fixed,fixed
306185,218,6.214031,0.0,-0.7508116,-1.422885,1,[np.float32(7.5358305)],[np.float32(6.66978e-05)],6.66978e-05,5.284512,fixed,fixed
306185,219,8.228977,0.0,-0.8793642,-2.0945337,1,[np.float32(7.5358305)],[np.float32(6.66978e-05)],6.66978e-05,5.877573,fixed,fixed
306185,220,6.842684,0.0,-0.80023676,-1.9148684,1,[np.float32(7.5358305)],[np.float32(0.0001333867)],0.0001333867,5.877573,fixed,fixed
306185,222,7.1303654,0.0,-0.81970996,-1.3484745,1,[np.float32(5.0934668)],[np.float32(0.00026673783)],0.00026673783,5.0934668,fixed,fixed
306185,223,5.5545464,0.0,-0.6882442,-0.58466166,1,[np.float32(5.0934668)],[np.float32(0.0001333867)],0.0001333867,5.0934668,fixed,fixed
306185,224,6.088874,0.0,-0.7398065,-1.0013107,1,[np.float32(5.0934668)],[np.float32(0.00026673783)],0.00026673783,5.284512,fixed,fixed
306185,225,7.5358305,1.0,-0.9906184,-1.2750087,1,[np.float32(5.877573)],[np.float32(6.66978e-05)],6.66978e-05,6.842684,fixed,fixed
306185,226,5.284512,0.0,-0.6591473,-0.7331901,1,[np.float32(5.0934668)],[np.float32(0.00026673783)],0.00026673783,6.088874,fixed,fixed
306185,240,5.877573,0.0,-0.72040546,-0.7222562,1,[np.float32(5.877573)],[np.float32(6.66978e-05)],6.66978e-05,6.7248263,fixed,fixed
306185,243,7.5358305,0.0,-0.8443541,-1.8634847,1,[np.float32(7.5358305)],[np.float32(6.66978e-05)],6.66978e-05,5.4253707,fixed,fixed
306185,245,6.7248263,0.0,-0.79168403,-1.809466,1,[np.float32(5.877573)],[np.float32(0.00060000445)],0.00060000445,5.877573,fixed,fixed
306185,246,5.877573,1.0,-0.9948582,-1.3107322,1,[np.float32(7.5358305)],[np.float32(6.66978e-05)],6.66978e-05,6.7248263,fixed,fixed
306185,247,5.4253707,0.0,-0.67461133,-0.9543958,2,"[np.float32(5.877573), np.float32(5.877573)]","[np.float32(0.0002000667), np.float32(0.0002000667)]",0.0002000667,5.877573,fixed,fixed
306185,248,7.5358305,0.0,-0.8443487,-1.2750087,1,[np.float32(5.877573)],[np.float32(6.66978e-05)],6.66978e-05,6.842684,fixed,fixed
306185,249,6.842684,0.0,-0.80024004,-1.4268335,1,[np.float32(5.877573)],[np.float32(0.0002000667)],0.0002000667,5.877573,fixed,fixed
306185,250,7.5358305,0.0,-0.84435403,-1.2750087,1,[np.float32(5.877573)],[np.float32(6.66978e-05)],6.66978e-05,5.786329,fixed,fixed
306185,252,5.877573,0.0,-0.72040665,-0.7222562,2,"[np.float32(5.0934668), np.float32(5.877573)]","[np.float32(0.0001333867), np.float32(6.66978e-05)]",0.0001333867,6.7248263,fixed,fixed
306185,262,6.842684,0.0,-0.80023676,-1.4268335,1,[np.float32(5.877573)],[np.float32(0.0002000667)],0.0002000667,5.877573,fixed,fixed
306185,264,5.877573,0.0,-0.7204127,-0.7222562,1,[np.float32(5.877573)],[np.float32(6.66978e-05)],6.66978e-05,6.7248263,fixed,fixed
306185,271,5.877573,0.0,-0.72041374,-0.7222562,1,[np.float32(5.877573)],[np.float32(6.66978e-05)],6.66978e-05,6.7248263,fixed,fixed
306185,287,8.228977,0.0,-0.87936914,-1.5060576,1,[np.float32(5.877573)],[np.float32(6.66978e-05)],6.66978e-05,7.5358305,fixed,fixed
306185,288,6.214031,0.0,-0.75084776,-0.83440894,1,[np.float32(5.877573)],[np.float32(6.66978e-05)],6.66978e-05,5.284512,fixed,fixed
306185,292,5.977319,0.0,-0.72975653,-0.9947844,1,[np.float32(5.877573)],[np.float32(0.0001333867)],0.0001333867,5.877573,fixed,fixed
306185,293,5.0934668,0.0,-0.63726556,-0.7001671,1,[np.float32(5.877573)],[np.float32(0.0001333867)],0.0001333867,6.214031,fixed,fixed
306185,295,5.877573,0.0,-0.7204242,-0.7222562,1,[np.float32(5.877573)],[np.float32(6.66978e-05)],6.66978e-05,6.7248263,fixed,fixed
306185,309,6.7248263,0.0,-0.79164916,-1.5031306,1,[np.float32(5.0934668)],[np.float32(0.00060000445)],0.00060000445,5.0934668,fixed,fixed
306185,310,5.5545464,0.0,-0.6882088,-0.8232016,1,[np.float32(5.0934668)],[np.float32(0.00026673783)],0.00026673783,5.0934668,fixed,fixed
306185,317,5.184434,0.0,-0.64771295,-0.6998308,1,[np.float32(5.0934668)],[np.float32(0.00026673783)],0.00026673783,5.0099363,fixed,fixed
306185,318,6.7248263,0.0,-0.79168403,-1.809466,1,[np.float32(5.877573)],[np.float32(0.00060000445)],0.00060000445,5.877573,fixed,fixed
306185,320,7.5358305,0.0,-0.84430814,-1.4836296,1,[np.float32(5.0934668)],[np.float32(0.00026673783)],0.00026673783,5.0934668,fixed,fixed
306185,321,5.4253707,0.0,-0.6745677,-0.9543958,2,"[np.float32(5.0934668), np.float32(5.877573)]","[np.float32(0.0001333867), np.float32(0.0002000667)]",0.0002000667,5.184434,fixed,fixed
306185,322,7.5358305,0.0,-0.8443514,-1.2750087,1,[np.float32(5.877573)],[np.float32(6.66978e-05)],6.66978e-05,6.842684,fixed,fixed
306185,323,6.842684,0.0,-0.80024004,-1.4268335,1,[np.float32(5.877573)],[np.float32(0.0002000667)],0.0002000667,5.877573,fixed,fixed
306185,324,7.5358305,0.0,-0.84435403,-1.2750087,1,[np.float32(5.877573)],[np.float32(6.66978e-05)],6.66978e-05,5.786329,fixed,fixed
306185,327,7.5358305,0.0,-0.8443368,-1.2450897,1,[np.float32(5.0934668)],[np.float32(0.0001333867)],0.0001333867,5.0934668,fixed,fixed
306185,328,6.357125,0.0,-0.76291937,-1.2335458,1,[np.float32(5.0934668)],[np.float32(0.00040005337)],0.00040005337,5.0934668,fixed,fixed
306185,333,5.0934668,0.0,-0.637316,-0.9160638,1,[np.float32(5.0934668)],[np.float32(0.00053333334)],0.00053333334,4.5525913,fixed,fixed
306185,334,7.1303654,0.0,-0.81970996,-1.3484745,1,[np.float32(5.0934668)],[np.float32(0.00026673783)],0.00026673783,5.0934668,fixed,fixed
306185,354,7.5358305,0.0,-0.84434605,-1.2750087,1,[np.float32(5.877573)],[np.float32(6.66978e-05)],6.66978e-05,6.842684,fixed,fixed
306185,369,6.7248263,0.0,-0.79168403,-1.809466,1,[np.float32(5.877573)],[np.float32(0.00060000445)],0.00060000445,5.877573,fixed,fixed
306185,371,5.786329,0.0,-0.71157724,-1.0747151,1,[np.float32(5.877573)],[np.float32(0.0002000667)],0.0002000667,4.45615,fixed,fixed
306185,373,7.5358305,0.0,-0.84435403,-1.2750087,1,[np.float32(5.877573)],[np.float32(6.66978e-05)],6.66978e-05,5.4253707,fixed,fixed
306185,374,6.842684,0.0,-0.80024004,-1.4268335,1,[np.float32(5.877573)],[np.float32(0.0002000667)],0.0002000667,5.877573,fixed,fixed
315962,192,5.184434,0.0,-0.64776677,-0.9795687,1,[np.float32(5.184434)],[np.float32(0.00053333334)],0.00053333334,5.877573,fixed,fixed
315962,201,5.877573,0.0,-0.7203295,-0.9019987,1,[np.float32(5.0099363)],[np.float32(0.00026673783)],0.00026673783,5.184434,fixed,fixed
315962,205,5.184434,0.0,-0.64779717,-0.9161854,1,[np.float32(5.0099363)],[np.float32(0.00053333334)],0.00053333334,5.877573,fixed,fixed
315962,238,5.0934668,0.0,-0.6373029,-0.64062995,1,[np.float32(5.0099363)],[np.float32(0.00026673783)],0.00026673783,6.214031,fixed,fixed
315962,240,5.877573,0.0,-0.72040546,-1.9591898,1,[np.float32(6.7248263)],[np.float32(0.00060000445)],0.00060000445,6.7248263,fixed,fixed
315962,244,6.842684,0.0,-0.80023676,-1.4268335,1,[np.float32(5.877573)],[np.float32(0.0002000667)],0.0002000667,5.877573,fixed,fixed
315962,246,5.877573,0.0,-0.7204249,-0.7222562,1,[np.float32(5.877573)],[np.float32(6.66978e-05)],6.66978e-05,6.7248263,fixed,fixed
315962,261,7.5358305,0.0,-0.8443532,-1.2750087,1,[np.float32(5.877573)],[np.float32(6.66978e-05)],6.66978e-05,5.4253707,fixed,fixed
315962,264,5.877573,0.0,-0.7204127,-0.7222562,1,[np.float32(5.877573)],[np.float32(6.66978e-05)],6.66978e-05,6.7248263,fixed,fixed
315962,271,5.877573,1.0,-0.99485844,-1.0725757,1,[np.float32(5.786329)],[np.float32(0.0002000667)],0.0002000667,6.7248263,fixed,fixed
315962,272,5.786329,0.0,-0.7116341,-1.0747151,1,[np.float32(5.877573)],[np.float32(0.0002000667)],0.0002000667,5.877573,fixed,fixed
315962,273,7.5358305,0.0,-0.84434384,-1.2750087,1,[np.float32(5.877573)],[np.float32(6.66978e-05)],6.66978e-05,6.842684,fixed,fixed
315962,277,5.877573,0.0,-0.720408,-0.7222562,1,[np.float32(5.877573)],[np.float32(6.66978e-05)],6.66978e-05,6.7248263,fixed,fixed
315962,280,5.877573,0.0,-0.72030854,-1.210615,1,[np.float32(5.184434)],[np.float32(0.00053333334)],0.00053333334,5.184434,fixed,fixed
315962,295,5.877573,0.0,-0.7204242,-0.7222562,1,[np.float32(5.877573)],[np.float32(6.66978e-05)],6.66978e-05,6.7248263,fixed,fixed
315962,298,5.877573,0.0,-0.72040766,-0.72318894,1,[np.float32(5.184434)],[np.float32(0.0001333867)],0.0001333867,6.7248263,fixed,fixed
315962,303,8.228977,0.0,-0.8793531,-1.5069904,1,[np.float32(5.184434)],[np.float32(0.0001333867)],0.0001333867,5.184434,fixed,fixed
315962,305,7.1303654,0.0,-0.8197131,-1.3800663,1,[np.float32(5.184434)],[np.float32(0.00026673783)],0.00026673783,5.184434,fixed,fixed
315962,306,5.625983,0.0,-0.6955768,-0.6393257,1,[np.float32(5.184434)],[np.float32(0.0001333867)],0.0001333867,5.184434,fixed,fixed
315962,312,5.977319,0.0,-0.72972625,-0.69732624,1,[np.float32(5.0099363)],[np.float32(0.0001333867)],0.0001333867,5.0934668,fixed,fixed
315962,314,7.5358305,0.0,-0.84430516,-1.2168301,1,[np.float32(5.0099363)],[np.float32(0.0001333867)],0.0001333867,5.0934668,fixed,fixed
315962,317,5.184434,0.0,-0.64773625,-1.2017678,1,[np.float32(5.0099363)],[np.float32(0.0011326978)],0.0011326978,5.0099363,fixed,fixed
315962,323,6.842684,0.0,-0.80023676,-1.0129257,1,[np.float32(5.786329)],[np.float32(6.66978e-05)],6.66978e-05,5.877573,fixed,fixed
315962,324,7.5358305,0.0,-0.84435314,-1.4825125,1,[np.float32(5.786329)],[np.float32(0.0001333867)],0.0001333867,5.786329,fixed,fixed
315962,329,7.5358305,0.0,-0.8443444,-1.2750087,1,[np.float32(5.877573)],[np.float32(6.66978e-05)],6.66978e-05,6.842684,fixed,fixed
315962,346,6.214031,0.0,-0.750843,-0.7762304,1,[np.float32(5.0099363)],[np.float32(0.0001333867)],0.0001333867,4.45615,fixed,fixed
315962,348,6.842684,0.0,-0.80023676,-1.0129257,1,[np.float32(5.786329)],[np.float32(6.66978e-05)],6.66978e-05,5.877573,fixed,fixed
315962,351,6.7248263,0.0,-0.79168403,-1.809466,1,[np.float32(5.877573)],[np.float32(0.00060000445)],0.00060000445,5.877573,fixed,fixed
315962,352,6.088874,0.0,-0.73990995,-1.1430093,1,[np.float32(5.786329)],[np.float32(0.0002000667)],0.0002000667,6.7248263,fixed,fixed
315962,353,5.786329,1.0,-0.9950328,-1.0747151,1,[np.float32(5.877573)],[np.float32(0.0002000667)],0.0002000667,5.877573,fixed,fixed
315962,355,7.5358305,0.0,-0.8443541,-1.2750087,1,[np.float32(5.877573)],[np.float32(6.66978e-05)],6.66978e-05,5.4253707,fixed,fixed
315962,356,6.842684,0.0,-0.80024004,-1.4268335,1,[np.float32(5.877573)],[np.float32(0.0002000667)],0.0002000667,5.877573,fixed,fixed
315962,379,6.214031,0.0,-0.7508033,-0.8353417,1,[np.float32(5.184434)],[np.float32(0.0001333867)],0.0001333867,5.0934668,fixed,fixed
315962,392,5.877573,0.0,-0.7203497,-1.3951551,1,[np.float32(5.184434)],[np.float32(0.0008664222)],0.0008664222,5.184434,fixed,fixed
315962,405,5.0934668,0.0,-0.6372725,-0.70109993,1,[np.float32(5.184434)],[np.float32(0.00026673783)],0.00026673783,6.5241694,fixed,fixed
315962,406,6.7248263,0.0,-0.7916532,-1.5367365,1,[np.float32(5.184434)],[np.float32(0.00060000445)],0.00060000445,5.184434,fixed,fixed
315962,409,5.4253707,0.0,-0.6745661,-0.8117346,1,[np.float32(5.184434)],[np.float32(0.00026673783)],0.00026673783,5.184434,fixed,fixed
315962,410,6.088874,0.0,-0.739904,-0.79362255,1,[np.float32(5.184434)],[np.float32(0.0001333867)],0.0001333867,6.7248263,fixed,fixed
315962,413,7.5358305,0.0,-0.84430647,-1.2759415,1,[np.float32(5.184434)],[np.float32(0.0001333867)],0.0001333867,5.0934668,fixed,fixed
315962,415,8.228977,0.0,-0.8793545,-1.5069904,1,[np.float32(5.184434)],[np.float32(0.0001333867)],0.0001333867,5.184434,fixed,fixed
315962,416,5.184434,0.0,-0.6478374,-0.9795687,1,[np.float32(5.184434)],[np.float32(0.00053333334)],0.00053333334,4.8615465,fixed,fixed
315962,417,7.1303654,0.0,-0.8197131,-1.3800663,1,[np.float32(5.184434)],[np.float32(0.00026673783)],0.00026673783,5.184434,fixed,fixed
315962,420,4.951692,0.0,-0.62024873,-0.5933717,1,[np.float32(5.0099363)],[np.float32(0.00026673783)],0.00026673783,5.487917,fixed,fixed
315962,452,4.8111362,0.0,-0.6028712,-1.2522821,1,[np.float32(6.18106)],[np.float32(0.00053333334)],0.00053333334,4.411208,fixed,fixed
332515,102,5.0934668,0.0,-0.6372892,-1.697821,1,[np.float32(6.7248263)],[np.float32(0.00060000445)],0.00060000445,6.214031,fixed,fixed
332515,129,5.877573,0.0,-0.7204249,-1.4707679,1,[np.float32(6.842684)],[np.float32(0.0002000667)],0.0002000667,6.7248263,fixed,fixed
332515,214,5.977319,0.0,-0.729744,-1.090112,1,[np.float32(6.842684)],[np.float32(6.66978e-05)],6.66978e-05,5.877573,fixed,fixed
332515,217,7.5358305,0.0,-0.84434474,-1.8636626,1,[np.float32(6.842684)],[np.float32(0.0001333867)],0.0001333867,6.842684,fixed,fixed
332515,241,5.786329,0.0,-0.71163106,-1.0264486,1,[np.float32(6.842684)],[np.float32(6.66978e-05)],6.66978e-05,5.877573,fixed,fixed
332515,246,5.877573,0.0,-0.72042936,-1.4707679,1,[np.float32(6.842684)],[np.float32(0.0002000667)],0.0002000667,6.7248263,fixed,fixed
332515,271,5.877573,0.0,-0.7204122,-1.9591898,1,[np.float32(6.7248263)],[np.float32(0.00060000445)],0.00060000445,6.7248263,fixed,fixed
332515,362,7.5358305,0.0,-0.84435314,-1.8634847,1,[np.float32(7.5358305)],[np.float32(6.66978e-05)],6.66978e-05,5.786329,fixed,fixed
332515,379,6.214031,0.0,-0.75080055,-1.422885,1,[np.float32(7.5358305)],[np.float32(6.66978e-05)],6.66978e-05,5.0934668,fixed,fixed
332515,380,6.842684,0.0,-0.80023676,-1.9148684,1,[np.float32(7.5358305)],[np.float32(0.0001333867)],0.0001333867,5.877573,fixed,fixed
332515,381,7.5358305,0.0,-0.8443347,-1.8634847,1,[np.float32(7.5358305)],[np.float32(6.66978e-05)],6.66978e-05,5.0934668,fixed,fixed
332515,383,6.088874,0.0,-0.73990786,-1.3811659,1,[np.float32(7.5358305)],[np.float32(6.66978e-05)],6.66978e-05,6.7248263,fixed,fixed
358969,12,4.411208,0.0,-0.5501696,-0.9988746,1,[np.float32(5.901499)],[np.float32(0.00053333334)],0.00053333334,6.214031,fixed,fixed
358969,18,4.8111362,0.0,-0.6028651,-1.1321839,2,"[np.float32(5.901499), np.float32(5.0301485)]","[np.float32(0.00053333334), np.float32(0.00053333334)]",0.00053333334,4.411208,fixed,fixed
358969,25,5.2083592,0.0,-0.6504584,-0.95436126,1,[np.float32(5.0934668)],[np.float32(0.00053333334)],0.00053333334,4.5525913,fixed,fixed
358969,27,4.8111362,0.0,-0.6028744,-0.5753982,1,[np.float32(5.0934668)],[np.float32(0.00026673783)],0.00026673783,5.901499,fixed,fixed
358969,30,4.5525913,0.0,-0.5693736,-0.88719004,1,[np.float32(5.0934668)],[np.float32(0.00079978665)],0.00079978665,6.214031,fixed,fixed
358969,35,5.977319,0.0,-0.72972405,-0.7041583,1,[np.float32(5.0301485)],[np.float32(0.0001333867)],0.0001333867,4.8111362,fixed,fixed
358969,37,7.5358305,0.0,-0.84430104,-1.2236623,1,[np.float32(5.0301485)],[np.float32(0.0001333867)],0.0001333867,4.8111362,fixed,fixed
358969,38,5.1152887,0.0,-0.63972145,-1.162496,1,[np.float32(5.0301485)],[np.float32(0.0010660978)],0.0010660978,5.0301485,fixed,fixed
358969,48,4.5525913,0.0,-0.569384,-0.46731496,1,[np.float32(5.0301485)],[np.float32(0.00026673783)],0.00026673783,6.088874,fixed,fixed
358969,55,5.2083592,0.0,-0.6504584,-0.7078059,1,[np.float32(5.0934668)],[np.float32(0.00026673783)],0.00026673783,4.951692,fixed,fixed
358969,60,4.951692,0.0,-0.62022114,-0.8688056,1,[np.float32(5.0934668)],[np.float32(0.00053333334)],0.00053333334,5.2083592,fixed,fixed
358969,72,5.184434,0.0,-0.6477604,-0.67792916,1,[np.float32(5.0301485)],[np.float32(0.00026673783)],0.00026673783,4.8615465,fixed,fixed
358969,75,5.0934668,0.0,-0.6372993,-0.8931484,1,[np.float32(5.0301485)],[np.float32(0.00053333334)],0.00053333334,6.5241694,fixed,fixed
358969,83,5.877573,0.0,-0.72028035,-0.6709097,1,[np.float32(5.0301485)],[np.float32(0.0001333867)],0.0001333867,6.9761195,fixed,fixed
358969,151,6.357125,0.0,-0.7629659,-1.3805634,1,[np.float32(5.0934668)],[np.float32(0.00060000445)],0.00060000445,5.0934668,fixed,fixed
358969,153,7.5358305,0.0,-0.84435314,-1.2450897,1,[np.float32(5.0934668)],[np.float32(0.0001333867)],0.0001333867,5.0934668,fixed,fixed
358969,171,6.9761195,0.0,-0.8095387,-1.4951938,1,[np.float32(5.0934668)],[np.float32(0.00046674226)],0.00046674226,5.0934668,fixed,fixed
358969,175,5.5545464,0.0,-0.68824416,-0.58466166,1,[np.float32(5.0934668)],[np.float32(0.0001333867)],0.0001333867,5.0934668,fixed,fixed
358969,176,6.088874,0.0,-0.73979545,-1.0013107,1,[np.float32(5.0934668)],[np.float32(0.00026673783)],0.00026673783,5.284512,fixed,fixed
358969,177,5.877573,0.0,-0.7204116,-0.6923372,1,[np.float32(5.0934668)],[np.float32(0.0001333867)],0.0001333867,6.7248263,fixed,fixed
358969,180,5.0934668,0.0,-0.63728285,-0.9160638,1,[np.float32(5.0934668)],[np.float32(0.00053333334)],0.00053333334,6.214031,fixed,fixed
358969,187,5.4253707,0.0,-0.67448634,-1.0266985,1,[np.float32(5.0934668)],[np.float32(0.00053333334)],0.00053333334,5.0934668,fixed,fixed
358969,188,7.1303654,0.0,-0.81970984,-1.3484745,1,[np.float32(5.0934668)],[np.float32(0.00026673783)],0.00026673783,5.0934668,fixed,fixed
358969,256,5.284512,0.0,-0.6591637,-0.7331901,1,[np.float32(5.0934668)],[np.float32(0.00026673783)],0.00026673783,6.088874,fixed,fixed
358969,298,5.877573,0.0,-0.72040766,-1.4707679,1,[np.float32(6.842684)],[np.float32(0.0002000667)],0.0002000667,6.7248263,fixed,fixed
358969,304,5.184434,0.0,-0.64781994,-0.81590843,1,[np.float32(5.4253707)],[np.float32(0.00026673783)],0.00026673783,5.877573,fixed,fixed
358969,388,6.842684,1.0,-0.99251145,-0.89081335,1,[np.float32(5.4253707)],[np.float32(6.66978e-05)],6.66978e-05,5.877573,fixed,fixed
358969,390,5.5545464,0.0,-0.68824875,-0.9491878,1,[np.float32(6.842684)],[np.float32(6.66978e-05)],6.66978e-05,5.877573,fixed,fixed
358969,391,7.5358305,0.0,-0.84435093,-1.8636626,1,[np.float32(6.842684)],[np.float32(0.0001333867)],0.0001333867,6.842684,fixed,fixed
358969,405,5.0934668,0.0,-0.6372652,-0.54395676,1,[np.float32(5.4253707)],[np.float32(0.0001333867)],0.0001333867,6.5241694,fixed,fixed
358969,407,5.877573,0.0,-0.7204241,-0.9457287,1,[np.float32(5.4253707)],[np.float32(0.0002000667)],0.0002000667,6.9761195,fixed,fixed
358969,408,8.228977,0.0,-0.87936914,-1.3529111,1,[np.float32(5.4253707)],[np.float32(6.66978e-05)],6.66978e-05,7.5358305,fixed,fixed
358969,409,5.4253707,1.0,-0.99568903,-0.9061293,1,[np.float32(6.842684)],[np.float32(6.66978e-05)],6.66978e-05,5.184434,fixed,fixed
358969,410,6.088874,0.0,-0.73990536,-1.5412015,1,[np.float32(6.842684)],[np.float32(0.0002000667)],0.0002000667,6.7248263,fixed,fixed
401141,7,5.977319,0.0,-0.7297385,-0.64727956,1,[np.float32(4.8615465)],[np.float32(0.0001333867)],0.0001333867,4.8615465,fixed,fixed
401141,9,7.5358305,0.0,-0.84434104,-1.1667835,1,[np.float32(4.8615465)],[np.float32(0.0001333867)],0.0001333867,4.8615465,fixed,fixed
401141,10,5.2083592,0.0,-0.65044504,-1.1277764,1,[np.float32(4.8615465)],[np.float32(0.0010660978)],0.0010660978,4.8615465,fixed,fixed
401141,18,4.8111362,0.0,-0.60285723,-0.4955001,1,[np.float32(4.8615465)],[np.float32(0.00026673783)],0.00026673783,4.411208,fixed,fixed
401141,21,6.088874,0.0,-0.73989606,-2.0296233,1,[np.float32(6.7248263)],[np.float32(0.00060000445)],0.00060000445,6.7248263,fixed,fixed
401141,25,5.2083592,0.0,-0.6504584,-0.95436126,1,[np.float32(5.0934668)],[np.float32(0.00053333334)],0.00053333334,4.5525913,fixed,fixed
401141,27,4.8111362,0.0,-0.6028744,-0.5753982,1,[np.float32(5.0934668)],[np.float32(0.00026673783)],0.00026673783,5.901499,fixed,fixed
401141,29,6.088874,0.0,-0.73989606,-1.1430093,1,[np.float32(5.786329)],[np.float32(0.0002000667)],0.0002000667,6.7248263,fixed,fixed
401141,30,4.5525913,0.0,-0.5693736,-0.88719004,2,"[np.float32(5.786329), np.float32(5.0934668)]","[np.float32(0.0001333867), np.float32(0.00079978665)]",0.00079978665,6.214031,fixed,fixed
401141,55,5.2083592,0.0,-0.6504584,-0.7078059,1,[np.float32(5.0934668)],[np.float32(0.00026673783)],0.00026673783,4.951692,fixed,fixed
401141,60,4.951692,0.0,-0.62022114,-0.8688056,1,[np.float32(5.0934668)],[np.float32(0.00053333334)],0.00053333334,5.2083592,fixed,fixed
401141,72,5.184434,0.0,-0.6477908,-1.2275537,1,[np.float32(4.8615465)],[np.float32(0.0013988314)],0.0013988314,4.8615465,fixed,fixed
401141,78,6.214031,0.0,-0.7507217,-0.7261837,1,[np.float32(4.8615465)],[np.float32(0.0001333867)],0.0001333867,4.411208,fixed,fixed
401141,81,5.877573,0.0,-0.72029227,-0.85097903,1,[np.float32(4.8615465)],[np.float32(0.00026673783)],0.00026673783,5.184434,fixed,fixed
401141,113,5.877573,0.0,-0.72029203,-1.5930758,1,[np.float32(8.228977)],[np.float32(6.66978e-05)],6.66978e-05,4.411208,fixed,fixed
401141,118,6.842684,0.0,-0.8002367,-1.0129257,1,[np.float32(5.786329)],[np.float32(6.66978e-05)],6.66978e-05,5.877573,fixed,fixed
401141,119,8.228977,1.0,-0.98854995,-1.4750236,1,[np.float32(5.786329)],[np.float32(6.66978e-05)],6.66978e-05,5.877573,fixed,fixed
401141,120,5.0934668,0.0,-0.63724357,-0.91494185,1,[np.float32(5.786329)],[np.float32(0.00026673783)],0.00026673783,6.214031,fixed,fixed
401141,124,7.5358305,0.0,-0.84434605,-2.1458282,1,[np.float32(8.228977)],[np.float32(6.66978e-05)],6.66978e-05,6.842684,fixed,fixed
401141,142,5.786329,1.0,-0.9950265,-1.5626608,1,[np.float32(8.228977)],[np.float32(6.66978e-05)],6.66978e-05,5.0934668,fixed,fixed
401141,151,6.357125,0.0,-0.7629659,-1.3805634,1,[np.float32(5.0934668)],[np.float32(0.00060000445)],0.00060000445,5.0934668,fixed,fixed
401141,153,7.5358305,0.0,-0.84435314,-1.2450897,1,[np.float32(5.0934668)],[np.float32(0.0001333867)],0.0001333867,5.0934668,fixed,fixed
401141,171,6.9761195,0.0,-0.8095387,-1.4951938,1,[np.float32(5.0934668)],[np.float32(0.00046674226)],0.00046674226,5.0934668,fixed,fixed
401141,175,5.5545464,0.0,-0.68824416,-0.58466166,1,[np.float32(5.0934668)],[np.float32(0.0001333867)],0.0001333867,5.0934668,fixed,fixed
401141,176,6.088874,0.0,-0.73979545,-1.0013107,1,[np.float32(5.0934668)],[np.float32(0.00026673783)],0.00026673783,5.284512,fixed,fixed
401141,177,5.877573,0.0,-0.7204116,-0.6923372,1,[np.float32(5.0934668)],[np.float32(0.0001333867)],0.0001333867,6.7248263,fixed,fixed
401141,180,5.0934668,0.0,-0.63728285,-0.9160638,1,[np.float32(5.0934668)],[np.float32(0.00053333334)],0.00053333334,6.214031,fixed,fixed
401141,187,5.4253707,0.0,-0.67448634,-1.0266985,1,[np.float32(5.0934668)],[np.float32(0.00053333334)],0.00053333334,5.0934668,fixed,fixed
401141,188,7.1303654,0.0,-0.81970984,-1.3484745,1,[np.float32(5.0934668)],[np.float32(0.00026673783)],0.00026673783,5.0934668,fixed,fixed
401141,256,5.284512,0.0,-0.6591637,-0.7331901,1,[np.float32(5.0934668)],[np.float32(0.00026673783)],0.00026673783,6.088874,fixed,fixed
403175,40,4.8111362,0.0,-0.60287434,-1.0073801,1,[np.float32(5.877573)],[np.float32(0.00040005337)],0.00040005337,4.8111362,fixed,fixed
403175,43,6.088874,0.0,-0.73989606,-0.7926898,1,[np.float32(5.877573)],[np.float32(6.66978e-05)],6.66978e-05,6.7248263,fixed,fixed
403175,48,4.5525913,0.0,-0.56937563,-0.5198753,1,[np.float32(5.877573)],[np.float32(0.0001333867)],0.0001333867,6.088874,fixed,fixed
403175,57,4.45615,0.0,-0.5563658,-0.8890514,2,"[np.float32(5.2083592), np.float32(5.877573)]","[np.float32(0.00026673783), np.float32(0.00040005337)]",0.00040005337,6.214031,fixed,fixed
403175,58,6.842684,0.0,-0.8002051,-1.3574401,1,[np.float32(6.088874)],[np.float32(0.0001333867)],0.0001333867,4.45615,fixed,fixed
403175,59,6.088874,1.0,-0.99442595,-0.7926898,1,[np.float32(5.877573)],[np.float32(6.66978e-05)],6.66978e-05,6.7248263,fixed,fixed
403175,60,4.951692,0.0,-0.6202439,-1.0644442,1,[np.float32(5.2083592)],[np.float32(0.00079978665)],0.00079978665,5.2083592,fixed,fixed
403175,62,5.977319,0.0,-0.72972393,-1.0689851,1,[np.float32(6.088874)],[np.float32(0.0001333867)],0.0001333867,4.45615,fixed,fixed
403175,86,5.184434,0.0,-0.6478,-1.7281433,1,[np.float32(6.7248263)],[np.float32(0.00060000445)],0.00060000445,5.877573,fixed,fixed
403175,101,6.842684,0.0,-0.8002398,-0.89081335,1,[np.float32(5.4253707)],[np.float32(6.66978e-05)],6.66978e-05,6.088874,fixed,fixed
403175,122,5.877573,0.0,-0.72040546,-1.9591898,1,[np.float32(6.7248263)],[np.float32(0.00060000445)],0.00060000445,6.7248263,fixed,fixed
403175,125,5.877573,1.0,-0.9948387,-0.9457287,2,"[np.float32(6.088874), np.float32(5.4253707)]","[np.float32(6.66978e-05), np.float32(0.0002000667)]",0.0002000667,6.9761195,fixed,fixed
403175,126,7.5358305,0.0,-0.84435403,-1.358078,1,[np.float32(5.4253707)],[np.float32(0.0001333867)],0.0001333867,5.4253707,fixed,fixed
403175,127,6.842684,0.0,-0.8002398,-0.89081335,1,[np.float32(5.4253707)],[np.float32(6.66978e-05)],6.66978e-05,6.088874,fixed,fixed
403175,128,6.9761195,0.0,-0.8095111,-1.7898527,1,[np.float32(5.877573)],[np.float32(0.00046674226)],0.00046674226,5.877573,fixed,fixed
403175,129,5.877573,0.0,-0.7204249,-0.9457287,1,[np.float32(5.4253707)],[np.float32(0.0002000667)],0.0002000667,6.7248263,fixed,fixed
403175,130,5.4253707,1.0,-0.99569476,-0.9543958,1,[np.float32(5.877573)],[np.float32(0.0002000667)],0.0002000667,5.877573,fixed,fixed
403175,131,7.5358305,0.0,-0.8443487,-1.2750087,1,[np.float32(5.877573)],[np.float32(6.66978e-05)],6.66978e-05,6.842684,fixed,fixed
403175,132,6.842684,0.0,-0.80024,-1.4268335,1,[np.float32(5.877573)],[np.float32(0.0002000667)],0.0002000667,5.877573,fixed,fixed
403175,133,7.5358305,0.0,-0.844354,-1.2750087,1,[np.float32(5.877573)],[np.float32(6.66978e-05)],6.66978e-05,5.786329,fixed,fixed
403175,138,7.5358305,0.0,-0.84434605,-1.3471832,1,[np.float32(6.088874)],[np.float32(6.66978e-05)],6.66978e-05,6.842684,fixed,fixed
403175,154,6.7248263,0.0,-0.79169345,-1.9018301,1,[np.float32(6.088874)],[np.float32(0.00060000445)],0.00060000445,6.088874,fixed,fixed
403175,156,5.786329,0.0,-0.7116383,-1.1510593,1,[np.float32(6.088874)],[np.float32(0.0002000667)],0.0002000667,6.088874,fixed,fixed
403175,158,6.214031,0.0,-0.75077486,-0.9065835,1,[np.float32(6.088874)],[np.float32(6.66978e-05)],6.66978e-05,4.45615,fixed,fixed
403175,159,7.5358305,0.0,-0.84433156,-1.3471832,1,[np.float32(6.088874)],[np.float32(6.66978e-05)],6.66978e-05,4.45615,fixed,fixed
403175,160,6.842684,0.0,-0.8002431,-1.5031776,1,[np.float32(6.088874)],[np.float32(0.0002000667)],0.0002000667,6.088874,fixed,fixed
403175,172,5.0934668,0.0,-0.6373387,-0.7094349,1,[np.float32(5.2083592)],[np.float32(0.00026673783)],0.00026673783,4.5525913,fixed,fixed
403175,179,5.184434,0.0,-0.6476963,-0.9883506,1,[np.float32(5.2083592)],[np.float32(0.00053333334)],0.00053333334,5.0099363,fixed,fixed
403175,226,5.284512,0.0,-0.65914035,-0.8379178,1,[np.float32(6.088501)],[np.float32(0.0001333867)],0.0001333867,6.088874,fixed,fixed
403175,291,5.877573,0.0,-0.7204087,-1.4707679,1,[np.float32(6.842684)],[np.float32(0.0002000667)],0.0002000667,6.7248263,fixed,fixed
403175,293,5.0934668,0.0,-0.63726187,-0.58827734,1,[np.float32(5.5545464)],[np.float32(0.0001333867)],0.0001333867,6.214031,fixed,fixed
403175,374,6.842684,1.0,-0.99251145,-0.93440247,1,[np.float32(5.5545464)],[np.float32(6.66978e-05)],6.66978e-05,5.877573,fixed,fixed
403175,377,5.4253707,0.0,-0.67460287,-0.9061293,1,[np.float32(6.842684)],[np.float32(6.66978e-05)],6.66978e-05,5.877573,fixed,fixed
403175,378,7.5358305,0.0,-0.8443496,-1.8636626,1,[np.float32(6.842684)],[np.float32(0.0001333867)],0.0001333867,6.842684,fixed,fixed
403175,399,8.228977,0.0,-0.87936914,-1.3965002,1,[np.float32(5.5545464)],[np.float32(6.66978e-05)],6.66978e-05,7.5358305,fixed,fixed
403175,400,6.214031,0.0,-0.7508404,-0.7248516,1,[np.float32(5.5545464)],[np.float32(6.66978e-05)],6.66978e-05,4.5525913,fixed,fixed
403175,401,5.5545464,1.0,-0.99547154,-0.9491878,1,[np.float32(6.842684)],[np.float32(6.66978e-05)],6.66978e-05,5.0934668,fixed,fixed
403175,403,6.088874,0.0,-0.7399063,-1.5412015,1,[np.float32(6.842684)],[np.float32(0.0002000667)],0.0002000667,6.7248263,fixed,fixed
407794,180,5.0934668,0.0,-0.6372683,-0.58827734,1,[np.float32(5.5545464)],[np.float32(0.0001333867)],0.0001333867,6.214031,fixed,fixed
407794,262,6.842684,0.0,-0.80023676,-0.93440247,1,[np.float32(5.5545464)],[np.float32(6.66978e-05)],6.66978e-05,5.877573,fixed,fixed
407794,287,8.228977,0.0,-0.87936914,-1.3965002,1,[np.float32(5.5545464)],[np.float32(6.66978e-05)],6.66978e-05,7.5358305,fixed,fixed
407794,288,6.214031,0.0,-0.75084776,-0.7248516,1,[np.float32(5.5545464)],[np.float32(6.66978e-05)],6.66978e-05,5.284512,fixed,fixed
407794,293,5.0934668,0.0,-0.63726187,-0.9160638,1,[np.float32(5.0934668)],[np.float32(0.00053333334)],0.00053333334,6.214031,fixed,fixed
407794,304,5.184434,0.0,-0.64781994,-0.8046902,2,"[np.float32(5.0934668), np.float32(6.088874)]","[np.float32(0.00026673783), np.float32(0.0001333867)]",0.00026673783,5.877573,fixed,fixed
407794,316,6.842684,0.0,-0.80023676,-1.5031776,1,[np.float32(6.088874)],[np.float32(0.0002000667)],0.0002000667,5.877573,fixed,fixed
407794,317,5.184434,0.0,-0.64770585,-1.0929221,1,[np.float32(5.487917)],[np.float32(0.00053333334)],0.00053333334,5.0099363,fixed,fixed
407794,333,5.0934668,0.0,-0.6373013,-0.8077368,1,[np.float32(5.487917)],[np.float32(0.00026673783)],0.00026673783,4.5525913,fixed,fixed
407794,345,7.5358305,0.0,-0.8443409,-1.3471832,1,[np.float32(6.088874)],[np.float32(6.66978e-05)],6.66978e-05,5.0934668,fixed,fixed
407794,346,6.214031,0.0,-0.7508403,-0.9065835,1,[np.float32(6.088874)],[np.float32(6.66978e-05)],6.66978e-05,4.45615,fixed,fixed
407794,350,4.45615,0.0,-0.55654234,-0.5952979,1,[np.float32(5.487917)],[np.float32(0.00026673783)],0.00026673783,6.214031,fixed,fixed
407794,353,5.786329,0.0,-0.7116382,-1.1510593,1,[np.float32(6.088874)],[np.float32(0.0002000667)],0.0002000667,5.877573,fixed,fixed
407794,354,7.5358305,0.0,-0.84434605,-1.3471832,1,[np.float32(6.088874)],[np.float32(6.66978e-05)],6.66978e-05,6.842684,fixed,fixed
407794,376,5.877573,0.0,-0.7203714,-0.79443073,1,[np.float32(6.088874)],[np.float32(6.66978e-05)],6.66978e-05,6.9761195,fixed,fixed
407794,379,6.214031,0.0,-0.75080055,-1.1858479,1,[np.float32(5.0934668)],[np.float32(0.00040005337)],0.00040005337,5.0934668,fixed,fixed
407794,381,7.5358305,0.0,-0.8443347,-1.2450897,1,[np.float32(5.0934668)],[np.float32(0.0001333867)],0.0001333867,5.0934668,fixed,fixed
407794,383,6.088874,0.0,-0.73990786,-1.0001935,1,[np.float32(5.786329)],[np.float32(0.0001333867)],0.0001333867,6.7248263,fixed,fixed
407794,388,6.842684,0.0,-0.80023676,-1.5031776,1,[np.float32(6.088874)],[np.float32(0.0002000667)],0.0002000667,5.877573,fixed,fixed
407794,403,6.088874,0.0,-0.73990214,-0.76277083,1,[np.float32(5.0934668)],[np.float32(0.0001333867)],0.0001333867,6.7248263,fixed,fixed
407794,407,5.877573,0.0,-0.7204241,-0.79443073,1,[np.float32(6.088874)],[np.float32(6.66978e-05)],6.66978e-05,6.9761195,fixed,fixed
407794,408,8.228977,0.0,-0.87936914,-1.5782322,1,[np.float32(6.088874)],[np.float32(6.66978e-05)],6.66978e-05,7.5358305,fixed,fixed
407794,409,5.4253707,0.0,-0.6745627,-0.5416031,1,[np.float32(5.0934668)],[np.float32(0.0001333867)],0.0001333867,5.184434,fixed,fixed
407794,411,5.977319,0.0,-0.7297222,-1.0689851,1,[np.float32(6.088874)],[np.float32(0.0001333867)],0.0001333867,5.877573,fixed,fixed
407794,412,7.1303654,0.0,-0.81970996,-1.3484745,1,[np.float32(5.0934668)],[np.float32(0.00026673783)],0.00026673783,5.0934668,fixed,fixed
407794,413,7.5358305,0.0,-0.8443082,-1.4836296,1,[np.float32(5.0934668)],[np.float32(0.00026673783)],0.00026673783,5.0934668,fixed,fixed
407794,414,5.5545464,0.0,-0.6882089,-0.8232016,1,[np.float32(5.0934668)],[np.float32(0.00026673783)],0.00026673783,5.0934668,fixed,fixed
407794,416,5.184434,0.0,-0.6478267,-0.8046902,1,[np.float32(6.088874)],[np.float32(0.0001333867)],0.0001333867,4.8615465,fixed,fixed
407794,420,4.951692,0.0,-0.62024117,-1.1761433,1,[np.float32(5.487917)],[np.float32(0.00079978665)],0.00079978665,5.487917,fixed,fixed
407794,423,6.7248263,0.0,-0.7916934,-1.9018301,1,[np.float32(6.088874)],[np.float32(0.00060000445)],0.00060000445,6.088874,fixed,fixed
407794,425,5.977319,0.0,-0.72972393,-1.0689851,1,[np.float32(6.088874)],[np.float32(0.0001333867)],0.0001333867,4.45615,fixed,fixed
407794,426,6.842684,0.0,-0.8001823,-1.3574401,1,[np.float32(6.088874)],[np.float32(0.0001333867)],0.0001333867,4.45615,fixed,fixed
407794,428,4.8111362,0.0,-0.6028921,-0.574281,1,[np.float32(5.786329)],[np.float32(0.0001333867)],0.0001333867,4.5525913,fixed,fixed
407794,430,4.8111362,0.0,-0.6029325,-0.8208317,1,[np.float32(5.786329)],[np.float32(0.00026673783)],0.00026673783,4.8111362,fixed,fixed
407794,445,4.5525913,0.0,-0.56977826,-0.73577195,1,[np.float32(5.0934668)],[np.float32(0.00053333334)],0.00053333334,6.088874,fixed,fixed
407794,463,5.0301485,0.0,-0.6296658,-0.8949577,1,[np.float32(5.0934668)],[np.float32(0.00053333334)],0.00053333334,5.366584,fixed,fixed
407794,464,6.7248263,0.0,-0.7916934,-1.9018301,1,[np.float32(6.088874)],[np.float32(0.00060000445)],0.00060000445,6.088874,fixed,fixed
407794,467,5.786329,0.0,-0.71155304,-1.0053219,1,[np.float32(6.088874)],[np.float32(0.0001333867)],0.0001333867,4.8111362,fixed,fixed
407794,468,6.842684,0.0,-0.8001839,-1.3574401,1,[np.float32(6.088874)],[np.float32(0.0001333867)],0.0001333867,4.8111362,fixed,fixed
407794,476,6.9761195,0.0,-0.80948615,-1.4951938,1,[np.float32(5.0934668)],[np.float32(0.00046674226)],0.00046674226,5.0934668,fixed,fixed
407794,477,6.18106,0.0,-0.74792945,-1.0320394,1,[np.float32(5.0934668)],[np.float32(0.00026673783)],0.00026673783,4.5525913,fixed,fixed
407794,480,6.5241694,0.0,-0.77636045,-1.5112611,1,[np.float32(5.0934668)],[np.float32(0.0007332311)],0.0007332311,5.0934668,fixed,fixed
407794,481,5.366584,0.0,-0.6681163,-1.0071028,1,[np.float32(5.0934668)],[np.float32(0.00053333334)],0.00053333334,5.0301485,fixed,fixed
418499,18,4.8111362,0.0,-0.6028494,-0.6409698,1,[np.float32(5.977319)],[np.float32(0.0001333867)],0.0001333867,4.411208,fixed,fixed
418499,27,4.8111362,0.0,-0.602898,-1.1321839,2,"[np.float32(5.2083592), np.float32(5.901499)]","[np.float32(0.00026673783), np.float32(0.00053333334)]",0.00053333334,5.901499,fixed,fixed
418499,30,4.5525913,0.0,-0.56939864,-0.93141055,1,[np.float32(5.2083592)],[np.float32(0.00079978665)],0.00079978665,6.214031,fixed,fixed
418499,36,5.0301485,0.0,-0.6296624,-0.71397394,1,[np.float32(5.977319)],[np.float32(0.0001333867)],0.0001333867,5.1152887,fixed,fixed
418499,75,5.0934668,0.0,-0.6372847,-0.8314453,1,[np.float32(5.5545464)],[np.float32(0.00026673783)],0.00026673783,6.5241694,fixed,fixed
418499,169,6.088874,0.0,-0.7397535,-1.0412372,1,[np.float32(5.2083592)],[np.float32(0.00026673783)],0.00026673783,4.5525913,fixed,fixed
418499,172,5.0934668,0.0,-0.637346,-0.95802814,1,[np.float32(5.2083592)],[np.float32(0.00053333334)],0.00053333334,4.5525913,fixed,fixed
429627,11,5.901499,0.0,-0.7226517,-0.9446309,1,[np.float32(4.411208)],[np.float32(0.00053333334)],0.00053333334,4.411208,fixed,fixed
429627,14,7.1303654,0.0,-0.8197333,-1.1156284,1,[np.float32(4.411208)],[np.float32(0.00026673783)],0.00026673783,4.411208,fixed,fixed
429627,15,5.786329,0.0,-0.7115448,-0.80653757,1,[np.float32(4.411208)],[np.float32(0.00040005337)],0.00040005337,4.411208,fixed,fixed
429627,16,7.5358305,0.0,-0.8443376,-1.0160102,1,[np.float32(4.411208)],[np.float32(0.0001333867)],0.0001333867,4.411208,fixed,fixed
429627,18,4.8111362,0.0,-0.6028651,-0.58117676,1,[np.float32(4.411208)],[np.float32(0.00053333334)],0.00053333334,4.411208,fixed,fixed
429627,20,6.842684,0.0,-0.8001911,-0.7849612,1,[np.float32(4.411208)],[np.float32(0.0001333867)],0.0001333867,4.8111362,fixed,fixed
429627,22,7.5358305,0.0,-0.8442951,-1.2507834,1,[np.float32(4.411208)],[np.float32(0.00026673783)],0.00026673783,4.411208,fixed,fixed
429627,23,5.786329,0.0,-0.71155304,-0.43284288,1,[np.float32(4.411208)],[np.float32(0.0001333867)],0.0001333867,4.8111362,fixed,fixed
429627,24,7.5358305,0.0,-0.8442951,-1.2507834,1,[np.float32(4.411208)],[np.float32(0.00026673783)],0.00026673783,4.411208,fixed,fixed
429627,27,4.8111362,0.0,-0.6028823,-0.34255204,1,[np.float32(4.411208)],[np.float32(0.00026673783)],0.00026673783,5.901499,fixed,fixed
429627,78,6.214031,0.0,-0.7507365,-1.2203809,1,[np.float32(4.411208)],[np.float32(0.0008664222)],0.0008664222,4.411208,fixed,fixed
429627,80,5.977319,0.0,-0.7297234,-0.4965062,1,[np.float32(4.411208)],[np.float32(0.0001333867)],0.0001333867,4.411208,fixed,fixed
429627,81,5.877573,0.0,-0.7202923,-0.69803095,1,[np.float32(4.411208)],[np.float32(0.00026673783)],0.00026673783,5.184434,fixed,fixed
429627,82,7.5358305,0.0,-0.84430313,-1.2507834,1,[np.float32(4.411208)],[np.float32(0.00026673783)],0.00026673783,4.411208,fixed,fixed
429627,86,5.184434,0.0,-0.6478,-1.4973623,1,[np.float32(7.1303654)],[np.float32(0.00026673783)],0.00026673783,5.877573,fixed,fixed
429627,110,6.7248263,0.0,-0.7916191,-1.2602814,1,[np.float32(4.411208)],[np.float32(0.00060000445)],0.00060000445,4.411208,fixed,fixed
429627,111,5.977319,0.0,-0.7297056,-0.73127955,1,[np.float32(4.411208)],[np.float32(0.00026673783)],0.00026673783,4.411208,fixed,fixed
429627,113,5.877573,0.0,-0.7203039,-0.9366557,1,[np.float32(4.411208)],[np.float32(0.00053333334)],0.00053333334,4.411208,fixed,fixed
429627,115,7.5358305,0.0,-0.8443376,-1.0160102,1,[np.float32(4.411208)],[np.float32(0.0001333867)],0.0001333867,4.411208,fixed,fixed
429627,116,6.214031,0.0,-0.7508349,-0.949105,1,[np.float32(4.411208)],[np.float32(0.00040005337)],0.00040005337,5.0934668,fixed,fixed
429627,120,5.0934668,0.0,-0.6372582,-0.67528695,1,[np.float32(4.411208)],[np.float32(0.00053333334)],0.00053333334,6.214031,fixed,fixed
429627,139,6.214031,0.0,-0.75072694,-0.57541037,1,[np.float32(4.411208)],[np.float32(0.0001333867)],0.0001333867,4.5525913,fixed,fixed
429627,141,7.1303654,0.0,-0.8196982,-1.1156284,1,[np.float32(4.411208)],[np.float32(0.00026673783)],0.00026673783,4.411208,fixed,fixed
429627,180,5.0934668,0.0,-0.6372683,-0.9160638,1,[np.float32(5.0934668)],[np.float32(0.00053333334)],0.00053333334,6.214031,fixed,fixed
429627,192,5.184434,0.0,-0.64776677,-0.6998308,1,[np.float32(5.0934668)],[np.float32(0.00026673783)],0.00026673783,5.877573,fixed,fixed
429627,205,5.184434,0.0,-0.64779717,-1.4973623,1,[np.float32(7.1303654)],[np.float32(0.00026673783)],0.00026673783,5.877573,fixed,fixed
429627,238,5.0934668,0.0,-0.6373029,-0.73508,1,[np.float32(5.977319)],[np.float32(0.0001333867)],0.0001333867,6.214031,fixed,fixed
429627,240,5.877573,0.0,-0.72040546,-0.99644876,1,[np.float32(5.977319)],[np.float32(0.0001333867)],0.0001333867,6.7248263,fixed,fixed
429627,267,6.214031,0.0,-0.75080055,-1.1858479,1,[np.float32(5.0934668)],[np.float32(0.00040005337)],0.00040005337,5.0934668,fixed,fixed
429627,269,7.5358305,0.0,-0.8443347,-1.2450897,1,[np.float32(5.0934668)],[np.float32(0.0001333867)],0.0001333867,5.0934668,fixed,fixed
429627,291,5.877573,0.0,-0.7204087,-0.6923372,1,[np.float32(5.0934668)],[np.float32(0.0001333867)],0.0001333867,6.7248263,fixed,fixed
429627,295,5.877573,0.0,-0.7204227,-0.9457287,1,[np.float32(5.4253707)],[np.float32(0.0002000667)],0.0002000667,6.7248263,fixed,fixed
429627,297,5.4253707,0.0,-0.6745627,-0.5416031,1,[np.float32(5.0934668)],[np.float32(0.0001333867)],0.0001333867,5.184434,fixed,fixed
429627,300,7.1303654,0.0,-0.81970996,-1.3484745,1,[np.float32(5.0934668)],[np.float32(0.00026673783)],0.00026673783,5.0934668,fixed,fixed
429627,301,7.5358305,0.0,-0.8443082,-1.4836296,1,[np.float32(5.0934668)],[np.float32(0.00026673783)],0.00026673783,5.0934668,fixed,fixed
429627,302,5.5545464,0.0,-0.6882089,-0.8232016,1,[np.float32(5.0934668)],[np.float32(0.00026673783)],0.00026673783,5.0934668,fixed,fixed
429627,313,5.0099363,0.0,-0.6272998,-0.7072365,1,[np.float32(5.977319)],[np.float32(0.0001333867)],0.0001333867,5.184434,fixed,fixed
429627,350,4.45615,0.0,-0.55654234,-1.4853821,1,[np.float32(6.7248263)],[np.float32(0.00060000445)],0.00060000445,6.214031,fixed,fixed
429627,356,6.842684,0.0,-0.80023676,-0.89081335,1,[np.float32(5.4253707)],[np.float32(6.66978e-05)],6.66978e-05,5.877573,fixed,fixed
429627,368,5.284512,0.0,-0.65918815,-0.7331901,1,[np.float32(5.0934668)],[np.float32(0.00026673783)],0.00026673783,6.088874,fixed,fixed
429627,373,7.5358305,0.0,-0.8443532,-1.358078,1,[np.float32(5.4253707)],[np.float32(0.0001333867)],0.0001333867,5.4253707,fixed,fixed
429627,374,6.842684,0.0,-0.80023676,-0.89081335,1,[np.float32(5.4253707)],[np.float32(6.66978e-05)],6.66978e-05,5.877573,fixed,fixed
429627,376,5.877573,0.0,-0.72036994,-0.9457287,1,[np.float32(5.4253707)],[np.float32(0.0002000667)],0.0002000667,6.9761195,fixed,fixed
429627,379,6.214031,0.0,-0.75081545,-1.4078817,1,[np.float32(5.0934668)],[np.float32(0.0007332311)],0.0007332311,5.0934668,fixed,fixed
429627,381,7.5358305,0.0,-0.8443364,-1.2450897,1,[np.float32(5.0934668)],[np.float32(0.0001333867)],0.0001333867,5.0934668,fixed,fixed
429627,398,6.7248263,0.0,-0.79164916,-1.5031306,1,[np.float32(5.0934668)],[np.float32(0.00060000445)],0.00060000445,5.0934668,fixed,fixed
429627,401,5.5545464,0.0,-0.6882443,-0.58466166,1,[np.float32(5.0934668)],[np.float32(0.0001333867)],0.0001333867,5.0934668,fixed,fixed
429627,402,6.088874,0.0,-0.7398303,-1.0013107,1,[np.float32(5.0934668)],[np.float32(0.00026673783)],0.00026673783,4.5525913,fixed,fixed
429627,403,6.088874,0.0,-0.7399049,-0.76277083,1,[np.float32(5.0934668)],[np.float32(0.0001333867)],0.0001333867,6.7248263,fixed,fixed
429627,405,5.0934668,0.0,-0.6372798,-0.9160638,1,[np.float32(5.0934668)],[np.float32(0.00053333334)],0.00053333334,6.5241694,fixed,fixed
429627,412,7.1303654,0.0,-0.81970996,-1.3484745,1,[np.float32(5.0934668)],[np.float32(0.00026673783)],0.00026673783,5.0934668,fixed,fixed
429627,445,4.5525913,0.0,-0.5697699,-0.48921657,1,[np.float32(5.0934668)],[np.float32(0.00026673783)],0.00026673783,6.088874,fixed,fixed
459252,246,5.877573,0.0,-0.7204249,-1.3107322,1,[np.float32(7.5358305)],[np.float32(6.66978e-05)],6.66978e-05,6.7248263,broken,broken
459252,271,5.877573,0.0,-0.7204122,-1.3107322,1,[np.float32(7.5358305)],[np.float32(6.66978e-05)],6.66978e-05,6.7248263,broken,broken
459252,291,5.877573,0.0,-0.7204087,-1.4707679,1,[np.float32(6.842684)],[np.float32(0.0002000667)],0.0002000667,6.7248263,broken,broken
459252,315,8.228977,0.0,-0.8793642,-2.0945337,1,[np.float32(7.5358305)],[np.float32(6.66978e-05)],6.66978e-05,5.877573,broken,broken
459252,316,6.842684,0.0,-0.80023676,-1.9148684,1,[np.float32(7.5358305)],[np.float32(0.0001333867)],0.0001333867,5.877573,broken,broken
459252,323,6.842684,0.0,-0.80023676,-1.9148684,1,[np.float32(7.5358305)],[np.float32(0.0001333867)],0.0001333867,5.877573,broken,broken
459252,324,7.5358305,0.0,-0.84435314,-1.8634847,1,[np.float32(7.5358305)],[np.float32(6.66978e-05)],6.66978e-05,5.786329,broken,broken
459252,327,7.5358305,0.0,-0.8443351,-1.8634847,1,[np.float32(7.5358305)],[np.float32(6.66978e-05)],6.66978e-05,5.0934668,broken,broken
459252,328,6.357125,0.0,-0.7629117,-1.4705828,1,[np.float32(7.5358305)],[np.float32(6.66978e-05)],6.66978e-05,5.0934668,broken,broken
459252,345,7.5358305,0.0,-0.8443418,-1.8634847,1,[np.float32(7.5358305)],[np.float32(6.66978e-05)],6.66978e-05,5.0934668,broken,broken
459252,346,6.214031,0.0,-0.7508417,-1.422885,1,[np.float32(7.5358305)],[np.float32(6.66978e-05)],6.66978e-05,4.45615,broken,broken
459252,376,5.877573,0.0,-0.72036994,-1.9591898,1,[np.float32(6.9761195)],[np.float32(0.00046674226)],0.00046674226,6.9761195,broken,broken
459252,377,5.4253707,0.0,-0.67460287,-0.9061293,1,[np.float32(6.842684)],[np.float32(6.66978e-05)],6.66978e-05,5.877573,broken,broken
459252,378,7.5358305,0.0,-0.8443496,-1.8636626,1,[np.float32(6.842684)],[np.float32(0.0001333867)],0.0001333867,6.842684,broken,broken
459252,401,5.5545464,0.0,-0.6882427,-0.9491878,1,[np.float32(6.842684)],[np.float32(6.66978e-05)],6.66978e-05,5.0934668,broken,broken
459252,403,6.088874,0.0,-0.7399063,-1.5412015,1,[np.float32(6.842684)],[np.float32(0.0002000667)],0.0002000667,6.7248263,broken,broken
474273,36,5.0301485,0.0,-0.62965876,-0.8949577,1,[np.float32(5.0934668)],[np.float32(0.00053333334)],0.00053333334,5.1152887,fixed,fixed
474273,38,5.1152887,0.0,-0.6396923,-0.92333776,1,[np.float32(5.0934668)],[np.float32(0.00053333334)],0.00053333334,5.0301485,fixed,fixed
474273,42,6.842684,0.0,-0.80019265,-1.3574401,1,[np.float32(6.088874)],[np.float32(0.0001333867)],0.0001333867,4.8111362,fixed,fixed
474273,45,5.786329,0.0,-0.7115583,-1.0053219,1,[np.float32(6.088874)],[np.float32(0.0001333867)],0.0001333867,4.8111362,fixed,fixed
474273,48,4.5525913,0.0,-0.56937563,-0.73577195,1,[np.float32(5.0934668)],[np.float32(0.00053333334)],0.00053333334,6.088874,fixed,fixed
474273,51,6.088874,0.0,-0.73989606,-0.76277083,1,[np.float32(5.0934668)],[np.float32(0.0001333867)],0.0001333867,6.7248263,fixed,fixed
474273,59,6.088874,0.0,-0.73989606,-2.0296233,1,[np.float32(6.7248263)],[np.float32(0.00060000445)],0.00060000445,6.7248263,fixed,fixed
474273,66,5.901499,0.0,-0.72258365,-0.93885237,1,[np.float32(5.0934668)],[np.float32(0.00026673783)],0.00026673783,4.5525913,fixed,fixed
474273,74,6.5241694,0.0,-0.77639985,-1.5112611,1,[np.float32(5.0934668)],[np.float32(0.0007332311)],0.0007332311,5.0934668,fixed,fixed
474273,76,6.9761195,0.0,-0.80948603,-1.4951938,1,[np.float32(5.0934668)],[np.float32(0.00046674226)],0.00046674226,5.0934668,fixed,fixed
474273,77,5.5545464,0.0,-0.68820876,-0.8232016,1,[np.float32(5.0934668)],[np.float32(0.00026673783)],0.00026673783,5.0934668,fixed,fixed
474273,83,5.877573,0.0,-0.7202788,-0.79443073,1,[np.float32(6.088874)],[np.float32(6.66978e-05)],6.66978e-05,6.9761195,fixed,fixed
474273,85,6.842684,0.0,-0.8002398,-0.93440247,1,[np.float32(5.5545464)],[np.float32(6.66978e-05)],6.66978e-05,6.088874,fixed,fixed
474273,86,5.184434,0.0,-0.6478072,-0.6998308,1,[np.float32(5.0934668)],[np.float32(0.00026673783)],0.00026673783,5.877573,fixed,fixed
474273,89,7.5358305,0.0,-0.84430814,-1.4836296,1,[np.float32(5.0934668)],[np.float32(0.00026673783)],0.00026673783,5.0934668,fixed,fixed
474273,90,5.4253707,0.0,-0.6745626,-0.5416031,1,[np.float32(5.0934668)],[np.float32(0.0001333867)],0.0001333867,5.184434,fixed,fixed
474273,96,7.5358305,0.0,-0.84433675,-1.2450897,1,[np.float32(5.0934668)],[np.float32(0.0001333867)],0.0001333867,5.0934668,fixed,fixed
474273,97,6.214031,0.0,-0.75084126,-1.1858479,1,[np.float32(5.0934668)],[np.float32(0.00040005337)],0.00040005337,5.0934668,fixed,fixed
474273,98,7.5358305,0.0,-0.8443447,-1.3471832,1,[np.float32(6.088874)],[np.float32(6.66978e-05)],6.66978e-05,6.842684,fixed,fixed
474273,102,5.0934668,0.0,-0.63730395,-0.9160638,1,[np.float32(5.0934668)],[np.float32(0.00053333334)],0.00053333334,6.214031,fixed,fixed
474273,103,7.1303654,0.0,-0.8197099,-1.3484745,1,[np.float32(5.0934668)],[np.float32(0.00026673783)],0.00026673783,5.0934668,fixed,fixed
474273,113,5.877573,0.0,-0.72029203,-0.8496461,1,[np.float32(5.5545464)],[np.float32(0.0001333867)],0.0001333867,4.411208,fixed,fixed
474273,115,7.5358305,0.0,-0.84433585,-1.1654514,1,[np.float32(5.5545464)],[np.float32(6.66978e-05)],6.66978e-05,4.411208,fixed,fixed
474273,116,6.214031,0.0,-0.7508269,-0.7248516,1,[np.float32(5.5545464)],[np.float32(6.66978e-05)],6.66978e-05,5.0934668,fixed,fixed
474273,121,6.7248263,0.0,-0.79169345,-1.9018301,1,[np.float32(6.088874)],[np.float32(0.00060000445)],0.00060000445,6.088874,fixed,fixed
474273,123,5.786329,0.0,-0.7116383,-1.1510593,1,[np.float32(6.088874)],[np.float32(0.0002000667)],0.0002000667,6.088874,fixed,fixed
474273,125,5.877573,0.0,-0.720276,-0.79443073,1,[np.float32(6.088874)],[np.float32(6.66978e-05)],6.66978e-05,6.9761195,fixed,fixed
474273,126,7.5358305,0.0,-0.84435487,-1.3471832,1,[np.float32(6.088874)],[np.float32(6.66978e-05)],6.66978e-05,5.4253707,fixed,fixed
474273,127,6.842684,0.0,-0.8002431,-1.5031776,1,[np.float32(6.088874)],[np.float32(0.0002000667)],0.0002000667,6.088874,fixed,fixed
474273,180,5.0934668,0.0,-0.6372683,-1.46704,1,[np.float32(7.1303654)],[np.float32(0.00026673783)],0.00026673783,6.214031,fixed,fixed
474273,279,7.5358305,0.0,-0.84434915,-2.1458282,1,[np.float32(8.228977)],[np.float32(6.66978e-05)],6.66978e-05,6.842684,fixed,fixed
474273,293,5.0934668,0.0,-0.63726187,-1.46704,1,[np.float32(7.1303654)],[np.float32(0.00026673783)],0.00026673783,6.214031,fixed,fixed
474273,297,5.4253707,0.0,-0.674561,-1.4423414,1,[np.float32(8.228977)],[np.float32(6.66978e-05)],6.66978e-05,5.184434,fixed,fixed
474273,298,5.877573,0.0,-0.72040915,-1.5930758,1,[np.float32(8.228977)],[np.float32(6.66978e-05)],6.66978e-05,6.7248263,fixed,fixed
485537,12,4.411208,0.0,-0.55015236,-0.4409716,1,[np.float32(5.786329)],[np.float32(0.0001333867)],0.0001333867,6.214031,fixed,fixed
485537,18,4.8111362,0.0,-0.6028494,-0.8208317,1,[np.float32(5.786329)],[np.float32(0.00026673783)],0.00026673783,4.411208,fixed,fixed
485537,21,6.088874,0.0,-0.73989606,-1.0001935,1,[np.float32(5.786329)],[np.float32(0.0001333867)],0.0001333867,6.7248263,fixed,fixed
485537,102,5.0934668,0.0,-0.6372892,-1.2363725,1,[np.float32(6.214031)],[np.float32(0.00040005337)],0.00040005337,6.214031,fixed,fixed
485537,164,5.0099363,0.0,-0.62725633,-1.3039526,2,"[np.float32(7.5358305), np.float32(5.877573)]","[np.float32(0.0001333867), np.float32(0.00026673783)]",0.00026673783,5.184434,fixed,fixed
485537,165,5.0934668,0.0,-0.6372167,-1.697821,1,[np.float32(7.5358305)],[np.float32(0.00026673783)],0.00026673783,6.214031,fixed,fixed
485537,192,5.184434,0.0,-0.64776677,-1.4616389,1,[np.float32(5.877573)],[np.float32(0.0008664222)],0.0008664222,5.877573,fixed,fixed
485537,205,5.184434,0.0,-0.64779717,-0.8491098,1,[np.float32(6.214031)],[np.float32(0.0001333867)],0.0001333867,5.877573,fixed,fixed
485537,214,5.977319,0.0,-0.7297426,-0.8706591,1,[np.float32(6.214031)],[np.float32(6.66978e-05)],6.66978e-05,5.877573,fixed,fixed
485537,217,7.5358305,0.0,-0.84434384,-1.3901631,1,[np.float32(6.214031)],[np.float32(6.66978e-05)],6.66978e-05,6.842684,fixed,fixed
485537,221,5.0934668,0.0,-0.63732904,-1.5163164,1,[np.float32(6.214031)],[np.float32(0.0007332311)],0.0007332311,6.214031,fixed,fixed
485537,246,5.877573,0.0,-0.7204263,-0.8374105,1,[np.float32(6.214031)],[np.float32(6.66978e-05)],6.66978e-05,6.7248263,fixed,fixed
485537,252,5.877573,0.0,-0.72040224,-1.9591898,1,[np.float32(6.7248263)],[np.float32(0.00060000445)],0.00060000445,6.7248263,fixed,fixed
485537,274,6.214031,0.0,-0.75081253,-1.0736886,1,[np.float32(5.877573)],[np.float32(0.0001333867)],0.0001333867,5.0934668,fixed,fixed
485537,281,5.0934668,0.0,-0.6372909,-1.697821,2,"[np.float32(5.877573), np.float32(6.7248263)]","[np.float32(0.00026673783), np.float32(0.00060000445)]",0.00060000445,6.214031,fixed,fixed
485537,284,7.5358305,0.0,-0.84431165,-1.5142883,1,[np.float32(5.877573)],[np.float32(0.0001333867)],0.0001333867,5.0934668,fixed,fixed
485537,299,5.977319,0.0,-0.729728,-0.9947844,1,[np.float32(5.877573)],[np.float32(0.0001333867)],0.0001333867,5.877573,fixed,fixed
485537,304,5.184434,0.0,-0.6478342,-1.2467588,1,[np.float32(5.877573)],[np.float32(0.00053333334)],0.00053333334,5.877573,fixed,fixed
485537,392,5.877573,0.0,-0.7203364,-1.2096821,1,[np.float32(5.877573)],[np.float32(0.00026673783)],0.00026673783,5.184434,fixed,fixed
505928,48,4.5525913,0.0,-0.56937563,-0.48921657,1,[np.float32(5.0934668)],[np.float32(0.00026673783)],0.00026673783,6.088874,fixed,fixed
505928,51,6.088874,0.0,-0.73989606,-0.76277083,1,[np.float32(5.0934668)],[np.float32(0.0001333867)],0.0001333867,6.7248263,fixed,fixed
505928,75,5.0934668,0.0,-0.6372847,-0.9160638,1,[np.float32(5.0934668)],[np.float32(0.00053333334)],0.00053333334,6.5241694,fixed,fixed
505928,96,7.5358305,0.0,-0.8443351,-1.2450897,1,[np.float32(5.0934668)],[np.float32(0.0001333867)],0.0001333867,5.0934668,fixed,fixed
505928,97,6.214031,0.0,-0.75083315,-1.4078817,1,[np.float32(5.0934668)],[np.float32(0.0007332311)],0.0007332311,5.0934668,fixed,fixed
505928,101,6.842684,0.0,-0.8002398,-1.4268335,1,[np.float32(5.877573)],[np.float32(0.0002000667)],0.0002000667,6.088874,fixed,fixed
505928,102,5.0934668,1.0,-0.99621046,-0.7001671,1,[np.float32(5.877573)],[np.float32(0.0001333867)],0.0001333867,6.214031,fixed,fixed
505928,103,7.1303654,0.0,-0.81970996,-1.3484745,1,[np.float32(5.0934668)],[np.float32(0.00026673783)],0.00026673783,5.0934668,fixed,fixed
505928,104,5.5545464,0.0,-0.6882442,-0.58466166,1,[np.float32(5.0934668)],[np.float32(0.0001333867)],0.0001333867,5.0934668,fixed,fixed
505928,105,6.088874,0.0,-0.7397455,-1.0013107,1,[np.float32(5.0934668)],[np.float32(0.00026673783)],0.00026673783,4.5525913,fixed,fixed
505928,107,5.284512,0.0,-0.65908486,-0.7331901,1,[np.float32(5.0934668)],[np.float32(0.00026673783)],0.00026673783,6.088874,fixed,fixed
505928,126,7.5358305,0.0,-0.84435403,-1.2750087,1,[np.float32(5.877573)],[np.float32(6.66978e-05)],6.66978e-05,5.4253707,fixed,fixed
505928,129,5.877573,0.0,-0.7204249,-0.7222562,1,[np.float32(5.877573)],[np.float32(6.66978e-05)],6.66978e-05,6.7248263,fixed,fixed
505928,135,5.877573,1.0,-0.9948612,-0.6923372,1,[np.float32(5.0934668)],[np.float32(0.0001333867)],0.0001333867,6.7248263,fixed,fixed
505928,136,5.786329,0.0,-0.7115614,-1.0747151,1,[np.float32(5.877573)],[np.float32(0.0002000667)],0.0002000667,4.45615,fixed,fixed
505928,138,7.5358305,0.0,-0.84434605,-1.2750087,1,[np.float32(5.877573)],[np.float32(6.66978e-05)],6.66978e-05,6.842684,fixed,fixed
505928,161,5.877573,0.0,-0.7204,-0.7222562,1,[np.float32(5.877573)],[np.float32(6.66978e-05)],6.66978e-05,6.7248263,fixed,fixed
505928,165,5.0934668,0.0,-0.6372167,-0.9160638,2,"[np.float32(5.786329), np.float32(5.0934668)]","[np.float32(0.00026673783), np.float32(0.00053333334)]",0.00053333334,6.214031,fixed,fixed
505928,197,6.7248263,0.0,-0.79164916,-1.5031306,1,[np.float32(5.0934668)],[np.float32(0.00060000445)],0.00060000445,5.0934668,fixed,fixed
505928,198,5.5545464,0.0,-0.6882088,-0.8232016,1,[np.float32(5.0934668)],[np.float32(0.00026673783)],0.00026673783,5.0934668,fixed,fixed
505928,205,5.184434,0.0,-0.6478044,-0.6998308,1,[np.float32(5.0934668)],[np.float32(0.00026673783)],0.00026673783,5.877573,fixed,fixed
505928,208,7.5358305,0.0,-0.84430814,-1.4836296,1,[np.float32(5.0934668)],[np.float32(0.00026673783)],0.00026673783,5.0934668,fixed,fixed
505928,209,5.4253707,0.0,-0.6745627,-0.5416031,1,[np.float32(5.0934668)],[np.float32(0.0001333867)],0.0001333867,5.184434,fixed,fixed
505928,213,6.7248263,0.0,-0.79168403,-1.809466,1,[np.float32(5.877573)],[np.float32(0.00060000445)],0.00060000445,5.877573,fixed,fixed
505928,214,5.977319,0.0,-0.7297455,-0.9947844,1,[np.float32(5.877573)],[np.float32(0.0001333867)],0.0001333867,5.877573,fixed,fixed
505928,215,7.5358305,0.0,-0.8443368,-1.2450897,1,[np.float32(5.0934668)],[np.float32(0.0001333867)],0.0001333867,5.0934668,fixed,fixed
505928,216,6.214031,0.0,-0.7508414,-1.1858479,1,[np.float32(5.0934668)],[np.float32(0.00040005337)],0.00040005337,5.0934668,fixed,fixed
505928,218,6.214031,0.0,-0.7508128,-0.83440894,1,[np.float32(5.877573)],[np.float32(6.66978e-05)],6.66978e-05,5.284512,fixed,fixed
505928,219,8.228977,0.0,-0.8793649,-1.5060576,1,[np.float32(5.877573)],[np.float32(6.66978e-05)],6.66978e-05,5.877573,fixed,fixed
505928,220,6.842684,0.0,-0.80024004,-1.4268335,1,[np.float32(5.877573)],[np.float32(0.0002000667)],0.0002000667,5.877573,fixed,fixed
505928,221,5.0934668,0.0,-0.63732725,-0.9160638,2,"[np.float32(5.0934668), np.float32(5.877573)]","[np.float32(0.00053333334), np.float32(0.0001333867)]",0.00053333334,6.214031,fixed,fixed
505928,222,7.1303654,0.0,-0.81970996,-1.3484745,1,[np.float32(5.0934668)],[np.float32(0.00026673783)],0.00026673783,5.0934668,fixed,fixed
505928,226,5.284512,0.0,-0.65914035,-0.7320729,1,[np.float32(5.786329)],[np.float32(0.0001333867)],0.0001333867,6.088874,fixed,fixed
505928,249,6.842684,0.0,-0.80023676,-1.0129257,1,[np.float32(5.786329)],[np.float32(6.66978e-05)],6.66978e-05,5.877573,fixed,fixed
505928,252,5.877573,0.0,-0.72040224,-1.0725757,1,[np.float32(5.786329)],[np.float32(0.0002000667)],0.0002000667,6.7248263,fixed,fixed
505928,254,8.228977,0.0,-0.8793646,-1.4750236,1,[np.float32(5.786329)],[np.float32(6.66978e-05)],6.66978e-05,5.786329,fixed,fixed
505928,274,6.214031,0.0,-0.75081253,-1.1858479,1,[np.float32(5.0934668)],[np.float32(0.00040005337)],0.00040005337,5.0934668,fixed,fixed
505928,275,7.5358305,0.0,-0.84433466,-1.2450897,1,[np.float32(5.0934668)],[np.float32(0.0001333867)],0.0001333867,5.0934668,fixed,fixed
505928,277,5.877573,0.0,-0.72040653,-0.6923372,1,[np.float32(5.0934668)],[np.float32(0.0001333867)],0.0001333867,6.7248263,fixed,fixed
505928,280,5.877573,0.0,-0.72030854,-0.93087715,1,[np.float32(5.0934668)],[np.float32(0.00026673783)],0.00026673783,5.184434,fixed,fixed
505928,282,7.1303654,0.0,-0.81970996,-1.3484745,1,[np.float32(5.0934668)],[np.float32(0.00026673783)],0.00026673783,5.0934668,fixed,fixed
505928,283,5.977319,0.0,-0.7297224,-0.9641257,1,[np.float32(5.0934668)],[np.float32(0.00026673783)],0.00026673783,5.0934668,fixed,fixed
505928,284,7.5358305,0.0,-0.84431344,-1.4836296,1,[np.float32(5.0934668)],[np.float32(0.00026673783)],0.00026673783,5.0934668,fixed,fixed
505928,299,5.977319,0.0,-0.729728,-0.72558576,1,[np.float32(5.0934668)],[np.float32(0.0001333867)],0.0001333867,5.877573,fixed,fixed
505928,330,6.214031,0.0,-0.7508142,-0.8044899,1,[np.float32(5.0934668)],[np.float32(0.0001333867)],0.0001333867,5.284512,fixed,fixed
505928,338,4.5525913,0.0,-0.5695801,-0.48921657,1,[np.float32(5.0934668)],[np.float32(0.00026673783)],0.00026673783,6.088874,fixed,fixed
505928,340,7.5358305,0.0,-0.8442976,-1.2450897,1,[np.float32(5.0934668)],[np.float32(0.0001333867)],0.0001333867,4.5525913,fixed,fixed
505928,363,6.7248263,0.0,-0.79164916,-1.5031306,1,[np.float32(5.0934668)],[np.float32(0.00060000445)],0.00060000445,5.0934668,fixed,fixed
505928,365,5.786329,0.0,-0.7115741,-0.9004624,1,[np.float32(5.0934668)],[np.float32(0.00026673783)],0.00026673783,5.0934668,fixed,fixed
505928,386,6.214031,0.0,-0.7508273,-1.4078817,1,[np.float32(5.0934668)],[np.float32(0.0007332311)],0.0007332311,5.0934668,fixed,fixed
505928,387,7.5358305,0.0,-0.8443364,-1.2450897,1,[np.float32(5.0934668)],[np.float32(0.0001333867)],0.0001333867,5.0934668,fixed,fixed
505928,389,5.877573,0.0,-0.72041094,-0.6923372,1,[np.float32(5.0934668)],[np.float32(0.0001333867)],0.0001333867,4.411208,fixed,fixed
505928,392,5.877573,0.0,-0.7203304,-1.5931648,1,[np.float32(7.5358305)],[np.float32(0.0001333867)],0.0001333867,5.184434,fixed,fixed
505928,393,4.411208,0.0,-0.55042905,-1.4704014,2,"[np.float32(5.0934668), np.float32(7.5358305)]","[np.float32(0.00053333334), np.float32(0.00026673783)]",0.00053333334,6.214031,fixed,fixed
505928,394,7.1303654,0.0,-0.8196982,-1.3484745,1,[np.float32(5.0934668)],[np.float32(0.00026673783)],0.00026673783,5.0934668,fixed,fixed
505928,416,5.184434,0.0,-0.64782315,-0.6432058,1,[np.float32(5.625983)],[np.float32(0.0001333867)],0.0001333867,4.8615465,fixed,fixed
542618,30,4.5525913,0.0,-0.5693736,-0.6052942,1,[np.float32(5.4253707)],[np.float32(0.00026673783)],0.00026673783,6.214031,broken,broken
542618,36,5.0301485,0.0,-0.62965876,-0.8949577,1,[np.float32(5.0934668)],[np.float32(0.00053333334)],0.00053333334,5.1152887,broken,broken
542618,38,5.1152887,0.0,-0.6396923,-0.92333776,1,[np.float32(5.0934668)],[np.float32(0.00053333334)],0.00053333334,5.0301485,broken,broken
542618,43,6.088874,0.0,-0.73989606,-1.3811659,1,[np.float32(7.5358305)],[np.float32(6.66978e-05)],6.66978e-05,6.7248263,broken,broken
542618,48,4.5525913,0.0,-0.56937563,-0.73577195,1,[np.float32(5.0934668)],[np.float32(0.00053333334)],0.00053333334,6.088874,broken,broken
542618,50,6.842684,0.0,-0.8001877,-1.3574401,1,[np.float32(6.088874)],[np.float32(0.0001333867)],0.0001333867,4.5525913,broken,broken
542618,51,6.088874,1.0,-0.99442595,-0.76277083,1,[np.float32(5.0934668)],[np.float32(0.0001333867)],0.0001333867,6.7248263,broken,broken
542618,53,5.786329,0.0,-0.71155155,-1.0053219,1,[np.float32(6.088874)],[np.float32(0.0001333867)],0.0001333867,4.5525913,broken,broken
542618,60,4.951692,0.0,-0.62022114,-0.7383278,1,[np.float32(5.4253707)],[np.float32(0.00026673783)],0.00026673783,5.2083592,broken,broken
542618,66,5.901499,0.0,-0.72258365,-0.93885237,1,[np.float32(5.0934668)],[np.float32(0.00026673783)],0.00026673783,4.5525913,broken,broken
542618,74,6.5241694,0.0,-0.77639985,-1.5112611,1,[np.float32(5.0934668)],[np.float32(0.0007332311)],0.0007332311,5.0934668,broken,broken
542618,75,5.0934668,1.0,-0.99618787,-0.7743678,1,[np.float32(6.088874)],[np.float32(0.0001333867)],0.0001333867,6.5241694,broken,broken
542618,76,6.9761195,0.0,-0.80948603,-1.4951938,1,[np.float32(5.0934668)],[np.float32(0.00046674226)],0.00046674226,5.0934668,broken,broken
542618,77,5.5545464,0.0,-0.68820876,-0.8232016,1,[np.float32(5.0934668)],[np.float32(0.00026673783)],0.00026673783,5.0934668,broken,broken
542618,86,5.184434,0.0,-0.6478072,-0.6998308,1,[np.float32(5.0934668)],[np.float32(0.00026673783)],0.00026673783,5.877573,broken,broken
542618,89,7.5358305,0.0,-0.84430814,-1.4836296,1,[np.float32(5.0934668)],[np.float32(0.00026673783)],0.00026673783,5.0934668,broken,broken
542618,90,5.4253707,0.0,-0.6745626,-0.5416031,1,[np.float32(5.0934668)],[np.float32(0.0001333867)],0.0001333867,5.184434,broken,broken
542618,94,6.7248263,0.0,-0.79169345,-1.9018301,1,[np.float32(6.088874)],[np.float32(0.00060000445)],0.00060000445,6.088874,broken,broken
542618,95,5.977319,0.0,-0.72974813,-1.0689851,1,[np.float32(6.088874)],[np.float32(0.0001333867)],0.0001333867,6.088874,broken,broken
542618,96,7.5358305,0.0,-0.84433675,-1.2450897,1,[np.float32(5.0934668)],[np.float32(0.0001333867)],0.0001333867,5.0934668,broken,broken
542618,97,6.214031,0.0,-0.75084126,-1.1858479,1,[np.float32(5.0934668)],[np.float32(0.00040005337)],0.00040005337,5.0934668,broken,broken
542618,99,6.214031,0.0,-0.7507607,-0.9065835,1,[np.float32(6.088874)],[np.float32(6.66978e-05)],6.66978e-05,4.5525913,broken,broken
542618,100,8.228977,0.0,-0.8793655,-1.5782322,1,[np.float32(6.088874)],[np.float32(6.66978e-05)],6.66978e-05,6.088874,broken,broken
542618,101,6.842684,0.0,-0.8002431,-1.5031776,1,[np.float32(6.088874)],[np.float32(0.0002000667)],0.0002000667,6.088874,broken,broken
542618,102,5.0934668,0.0,-0.6373076,-0.9160638,2,"[np.float32(6.088874), np.float32(5.0934668)]","[np.float32(0.0001333867), np.float32(0.00053333334)]",0.00053333334,6.214031,broken,broken
542618,103,7.1303654,0.0,-0.8197099,-1.3484745,1,[np.float32(5.0934668)],[np.float32(0.00026673783)],0.00026673783,5.0934668,broken,broken
542618,106,7.5358305,0.0,-0.84435177,-1.8634847,1,[np.float32(7.5358305)],[np.float32(6.66978e-05)],6.66978e-05,6.842684,broken,broken
542618,127,6.842684,0.0,-0.8002398,-1.4268335,1,[np.float32(5.877573)],[np.float32(0.0002000667)],0.0002000667,6.088874,broken,broken
542618,129,5.877573,0.0,-0.7204249,-0.7222562,1,[np.float32(5.877573)],[np.float32(6.66978e-05)],6.66978e-05,6.7248263,broken,broken
542618,130,5.4253707,0.0,-0.67460454,-1.4424306,1,[np.float32(7.5358305)],[np.float32(0.0001333867)],0.0001333867,5.877573,broken,broken
542618,131,7.5358305,0.0,-0.8443487,-1.8634847,1,[np.float32(7.5358305)],[np.float32(6.66978e-05)],6.66978e-05,6.842684,broken,broken
542618,135,5.877573,0.0,-0.7204037,-1.3107322,1,[np.float32(7.5358305)],[np.float32(6.66978e-05)],6.66978e-05,6.7248263,broken,broken
542618,145,7.5358305,0.0,-0.84435403,-1.2750087,1,[np.float32(5.877573)],[np.float32(6.66978e-05)],6.66978e-05,5.4253707,broken,broken
542618,148,5.877573,0.0,-0.7204127,-0.7222562,1,[np.float32(5.877573)],[np.float32(6.66978e-05)],6.66978e-05,6.7248263,broken,broken
542618,151,6.357125,0.0,-0.7629659,-1.2335458,1,[np.float32(5.0934668)],[np.float32(0.00040005337)],0.00040005337,5.0934668,broken,broken
542618,153,7.5358305,0.0,-0.84435314,-1.2450897,1,[np.float32(5.0934668)],[np.float32(0.0001333867)],0.0001333867,5.0934668,broken,broken
542618,156,5.786329,0.0,-0.7116383,-1.0747151,1,[np.float32(5.877573)],[np.float32(0.0002000667)],0.0002000667,6.088874,broken,broken
542618,157,7.5358305,0.0,-0.8443444,-1.2750087,1,[np.float32(5.877573)],[np.float32(6.66978e-05)],6.66978e-05,6.842684,broken,broken
542618,161,5.877573,0.0,-0.7204,-0.7222562,1,[np.float32(5.877573)],[np.float32(6.66978e-05)],6.66978e-05,6.7248263,broken,broken
542618,172,5.0934668,0.0,-0.63733137,-1.0388595,2,"[np.float32(5.0934668), np.float32(5.4253707)]","[np.float32(0.00053333334), np.float32(0.00053333334)]",0.00053333334,4.5525913,broken,broken
542618,177,5.877573,0.0,-0.72040856,-0.6923372,1,[np.float32(5.0934668)],[np.float32(0.0001333867)],0.0001333867,6.7248263,broken,broken
542618,179,5.184434,0.0,-0.6476821,-0.6998308,1,[np.float32(5.0934668)],[np.float32(0.00026673783)],0.00026673783,5.0099363,broken,broken
542618,182,5.877573,0.0,-0.7204242,-0.7222562,1,[np.float32(5.877573)],[np.float32(6.66978e-05)],6.66978e-05,6.7248263,broken,broken
542618,184,5.4253707,0.0,-0.67456263,-0.5416031,1,[np.float32(5.0934668)],[np.float32(0.0001333867)],0.0001333867,5.184434,broken,broken
542618,188,7.1303654,0.0,-0.8197099,-1.3484745,1,[np.float32(5.0934668)],[np.float32(0.00026673783)],0.00026673783,5.0934668,broken,broken
542618,189,7.5358305,0.0,-0.84430814,-1.4836296,1,[np.float32(5.0934668)],[np.float32(0.00026673783)],0.00026673783,5.0934668,broken,broken
542618,190,5.5545464,0.0,-0.6882089,-0.8232016,1,[np.float32(5.0934668)],[np.float32(0.00026673783)],0.00026673783,5.0934668,broken,broken
542618,204,6.842684,0.0,-0.80023676,-1.4268335,1,[np.float32(5.877573)],[np.float32(0.0002000667)],0.0002000667,5.877573,broken,broken
542618,205,5.184434,0.0,-0.64779717,-0.7304895,1,[np.float32(5.877573)],[np.float32(0.0001333867)],0.0001333867,5.877573,broken,broken
542618,217,7.5358305,0.0,-0.84434384,-1.2750087,1,[np.float32(5.877573)],[np.float32(6.66978e-05)],6.66978e-05,6.842684,broken,broken
542618,233,7.5358305,0.0,-0.8443409,-1.2750087,1,[np.float32(5.877573)],[np.float32(6.66978e-05)],6.66978e-05,5.0934668,broken,broken
542618,234,6.214031,0.0,-0.7508503,-0.83440894,1,[np.float32(5.877573)],[np.float32(6.66978e-05)],6.66978e-05,5.0934668,broken,broken
542618,239,6.7248263,0.0,-0.79168403,-1.809466,1,[np.float32(5.877573)],[np.float32(0.00060000445)],0.00060000445,5.877573,broken,broken
542618,241,5.786329,0.0,-0.7116386,-1.0747151,2,"[np.float32(5.877573), np.float32(5.877573)]","[np.float32(0.0002000667), np.float32(0.0002000667)]",0.0002000667,5.877573,broken,broken
542618,242,7.5358305,0.0,-0.8443452,-1.2750087,1,[np.float32(5.877573)],[np.float32(6.66978e-05)],6.66978e-05,6.842684,broken,broken
542618,243,7.5358305,0.0,-0.8443541,-1.2750087,1,[np.float32(5.877573)],[np.float32(6.66978e-05)],6.66978e-05,5.4253707,broken,broken
542618,244,6.842684,0.0,-0.80024004,-1.4268335,1,[np.float32(5.877573)],[np.float32(0.0002000667)],0.0002000667,5.877573,broken,broken
542618,246,5.877573,0.0,-0.7204263,-0.7222562,1,[np.float32(5.877573)],[np.float32(6.66978e-05)],6.66978e-05,6.7248263,broken,broken
542618,256,5.284512,0.0,-0.65916365,-0.7331901,1,[np.float32(5.0934668)],[np.float32(0.00026673783)],0.00026673783,6.088874,broken,broken
542618,264,5.877573,0.0,-0.72041416,-0.7222562,1,[np.float32(5.877573)],[np.float32(6.66978e-05)],6.66978e-05,6.7248263,broken,broken
542618,267,6.214031,0.0,-0.75081545,-1.4078817,1,[np.float32(5.0934668)],[np.float32(0.0007332311)],0.0007332311,5.0934668,broken,broken
542618,269,7.5358305,0.0,-0.8443364,-1.2450897,1,[np.float32(5.0934668)],[np.float32(0.0001333867)],0.0001333867,5.0934668,broken,broken
542618,286,6.7248263,0.0,-0.79164916,-1.5031306,1,[np.float32(5.0934668)],[np.float32(0.00060000445)],0.00060000445,5.0934668,broken,broken
542618,289,5.5545464,0.0,-0.6882443,-0.58466166,1,[np.float32(5.0934668)],[np.float32(0.0001333867)],0.0001333867,5.0934668,broken,broken
542618,290,6.088874,0.0,-0.7398303,-1.0013107,1,[np.float32(5.0934668)],[np.float32(0.00026673783)],0.00026673783,5.284512,broken,broken
542618,291,5.877573,0.0,-0.72041166,-0.6923372,1,[np.float32(5.0934668)],[np.float32(0.0001333867)],0.0001333867,6.7248263,broken,broken
542618,293,5.0934668,0.0,-0.63727653,-0.9160638,1,[np.float32(5.0934668)],[np.float32(0.00053333334)],0.00053333334,6.214031,broken,broken
542618,300,7.1303654,0.0,-0.81970996,-1.3484745,1,[np.float32(5.0934668)],[np.float32(0.00026673783)],0.00026673783,5.0934668,broken,broken
542618,311,6.7248263,0.0,-0.79168403,-1.809466,1,[np.float32(5.877573)],[np.float32(0.00060000445)],0.00060000445,5.877573,broken,broken
542618,312,5.977319,0.0,-0.72972924,-0.9947844,1,[np.float32(5.877573)],[np.float32(0.0001333867)],0.0001333867,5.0934668,broken,broken
542618,315,8.228977,0.0,-0.8793649,-1.5060576,1,[np.float32(5.877573)],[np.float32(6.66978e-05)],6.66978e-05,5.877573,broken,broken
542618,316,6.842684,0.0,-0.80024004,-1.4268335,1,[np.float32(5.877573)],[np.float32(0.0002000667)],0.0002000667,5.877573,broken,broken
542618,317,5.184434,0.0,-0.64770937,-0.7304895,1,[np.float32(5.877573)],[np.float32(0.0001333867)],0.0001333867,5.0099363,broken,broken
542618,368,5.284512,0.0,-0.65918815,-0.7331901,1,[np.float32(5.0934668)],[np.float32(0.00026673783)],0.00026673783,6.088874,broken,broken
550449,107,5.284512,0.0,-0.6590779,-1.0498244,1,[np.float32(5.284512)],[np.float32(0.00053333334)],0.00053333334,6.088874,broken,broken
550449,135,5.877573,0.0,-0.72040224,-1.4707679,1,[np.float32(6.842684)],[np.float32(0.0002000667)],0.0002000667,6.7248263,broken,broken
550449,165,5.0934668,0.0,-0.6372167,-0.73604125,1,[np.float32(5.284512)],[np.float32(0.00026673783)],0.00026673783,6.214031,broken,broken
550449,192,5.184434,0.0,-0.64776677,-0.81590843,1,[np.float32(5.4253707)],[np.float32(0.00026673783)],0.00026673783,5.877573,broken,broken
550449,218,6.214031,0.0,-0.7508116,-1.2541078,1,[np.float32(5.284512)],[np.float32(0.00040005337)],0.00040005337,5.284512,broken,broken
550449,221,5.0934668,0.0,-0.63730896,-0.73604125,1,[np.float32(5.284512)],[np.float32(0.00026673783)],0.00026673783,6.214031,broken,broken
550449,223,5.5545464,0.0,-0.6882427,-0.9491878,1,[np.float32(6.842684)],[np.float32(6.66978e-05)],6.66978e-05,5.0934668,broken,broken
550449,224,6.088874,0.0,-0.7398008,-1.3179449,1,[np.float32(5.284512)],[np.float32(0.00053333334)],0.00053333334,5.284512,broken,broken
550449,225,7.5358305,0.0,-0.8443535,-1.8636626,1,[np.float32(6.842684)],[np.float32(0.0001333867)],0.0001333867,6.842684,broken,broken
550449,227,6.088501,0.0,-0.7398468,-0.82753754,1,[np.float32(5.284512)],[np.float32(0.0001333867)],0.0001333867,5.284512,broken,broken
550449,228,7.5358305,0.0,-0.84431034,-1.5501624,1,[np.float32(5.284512)],[np.float32(0.00026673783)],0.00026673783,5.284512,broken,broken
550449,247,5.4253707,0.0,-0.67460287,-0.9061293,1,[np.float32(6.842684)],[np.float32(6.66978e-05)],6.66978e-05,5.877573,broken,broken
550449,250,7.5358305,0.0,-0.84435314,-1.8634847,1,[np.float32(7.5358305)],[np.float32(6.66978e-05)],6.66978e-05,5.786329,broken,broken
550449,252,5.877573,0.0,-0.72040665,-1.4707679,1,[np.float32(6.842684)],[np.float32(0.0002000667)],0.0002000667,6.7248263,broken,broken
550449,253,5.786329,0.0,-0.71157646,-0.7268135,1,[np.float32(5.284512)],[np.float32(0.0001333867)],0.0001333867,5.0934668,broken,broken
550449,267,6.214031,0.0,-0.75080055,-1.422885,1,[np.float32(7.5358305)],[np.float32(6.66978e-05)],6.66978e-05,5.0934668,broken,broken
550449,268,6.842684,0.0,-0.80023676,-1.9148684,1,[np.float32(7.5358305)],[np.float32(0.0001333867)],0.0001333867,5.877573,broken,broken
550449,269,7.5358305,0.0,-0.8443347,-1.8634847,1,[np.float32(7.5358305)],[np.float32(6.66978e-05)],6.66978e-05,5.0934668,broken,broken
550449,271,5.877573,0.0,-0.7204122,-1.3107322,1,[np.float32(7.5358305)],[np.float32(6.66978e-05)],6.66978e-05,6.7248263,broken,broken
550449,276,6.842684,0.0,-0.80023676,-0.89081335,1,[np.float32(5.4253707)],[np.float32(6.66978e-05)],6.66978e-05,5.877573,broken,broken
550449,293,5.0934668,0.0,-0.63726187,-0.54395676,1,[np.float32(5.4253707)],[np.float32(0.0001333867)],0.0001333867,6.214031,broken,broken
550449,295,5.877573,0.0,-0.7204227,-1.4707679,2,"[np.float32(5.4253707), np.float32(6.842684)]","[np.float32(0.0002000667), np.float32(0.0002000667)]",0.0002000667,6.7248263,broken,broken
550449,296,8.228977,0.0,-0.87936914,-1.3529111,1,[np.float32(5.4253707)],[np.float32(6.66978e-05)],6.66978e-05,7.5358305,broken,broken
550449,330,6.214031,0.0,-0.75082636,-1.4808785,1,[np.float32(5.284512)],[np.float32(0.0007332311)],0.0007332311,5.284512,broken,broken
550449,333,5.0934668,0.0,-0.63730866,-0.73604125,1,[np.float32(5.284512)],[np.float32(0.00026673783)],0.00026673783,4.5525913,broken,broken
550449,336,6.088874,0.0,-0.739819,-1.5052582,1,[np.float32(5.284512)],[np.float32(0.0008664222)],0.0008664222,5.284512,broken,broken
550449,338,4.5525913,0.0,-0.56958836,-0.80585074,1,[np.float32(5.284512)],[np.float32(0.00053333334)],0.00053333334,6.088874,broken,broken
550449,384,5.786329,0.0,-0.7116352,-1.0264486,1,[np.float32(6.842684)],[np.float32(6.66978e-05)],6.66978e-05,5.877573,broken,broken
550449,385,7.5358305,0.0,-0.8443455,-1.8636626,1,[np.float32(6.842684)],[np.float32(0.0001333867)],0.0001333867,6.842684,broken,broken
550449,404,5.977319,0.0,-0.7297577,-1.090112,1,[np.float32(6.842684)],[np.float32(6.66978e-05)],6.66978e-05,6.088874,broken,broken
550449,407,5.877573,0.0,-0.7204285,-1.4707679,1,[np.float32(6.842684)],[np.float32(0.0002000667)],0.0002000667,6.9761195,broken,broken
550449,416,5.184434,0.0,-0.64782315,-1.0929221,1,[np.float32(5.487917)],[np.float32(0.00053333334)],0.00053333334,4.8615465,broken,broken
550449,470,4.8615465,0.0,-0.6092206,-1.2697747,1,[np.float32(5.487917)],[np.float32(0.0010660978)],0.0010660978,5.184434,broken,broken
558512,48,4.5525913,0.0,-0.56937563,-0.48921657,1,[np.float32(5.0934668)],[np.float32(0.00026673783)],0.00026673783,6.088874,fixed,fixed
558512,51,6.088874,0.0,-0.73989606,-0.76277083,1,[np.float32(5.0934668)],[np.float32(0.0001333867)],0.0001333867,6.7248263,fixed,fixed
558512,57,4.45615,0.0,-0.5563573,-1.1195351,2,"[np.float32(6.842684), np.float32(5.786329)]","[np.float32(0.00026673783), np.float32(0.00026673783)]",0.00026673783,6.214031,fixed,fixed
558512,59,6.088874,0.0,-0.73989886,-1.3813437,1,[np.float32(6.842684)],[np.float32(0.0001333867)],0.0001333867,6.7248263,fixed,fixed
558512,60,4.951692,0.0,-0.6202249,-1.0022831,1,[np.float32(6.842684)],[np.float32(0.0001333867)],0.0001333867,5.2083592,fixed,fixed
558512,75,5.0934668,0.0,-0.6372847,-0.9160638,1,[np.float32(5.0934668)],[np.float32(0.00053333334)],0.00053333334,6.5241694,fixed,fixed
558512,96,7.5358305,0.0,-0.8443351,-1.2450897,1,[np.float32(5.0934668)],[np.float32(0.0001333867)],0.0001333867,5.0934668,fixed,fixed
558512,97,6.214031,0.0,-0.75083315,-1.4078817,1,[np.float32(5.0934668)],[np.float32(0.0007332311)],0.0007332311,5.0934668,fixed,fixed
558512,103,7.1303654,0.0,-0.81970996,-1.3484745,1,[np.float32(5.0934668)],[np.float32(0.00026673783)],0.00026673783,5.0934668,fixed,fixed
558512,104,5.5545464,0.0,-0.6882442,-0.58466166,1,[np.float32(5.0934668)],[np.float32(0.0001333867)],0.0001333867,5.0934668,fixed,fixed
558512,105,6.088874,0.0,-0.7397455,-1.0013107,1,[np.float32(5.0934668)],[np.float32(0.00026673783)],0.00026673783,4.5525913,fixed,fixed
558512,107,5.284512,0.0,-0.65908486,-0.7331901,2,"[np.float32(5.0934668), np.float32(5.786329)]","[np.float32(0.00026673783), np.float32(0.0001333867)]",0.00026673783,6.088874,fixed,fixed
558512,125,5.877573,0.0,-0.72027457,-1.9591898,1,[np.float32(6.9761195)],[np.float32(0.00046674226)],0.00046674226,6.9761195,fixed,fixed
558512,132,6.842684,0.0,-0.80023676,-1.0129257,1,[np.float32(5.786329)],[np.float32(6.66978e-05)],6.66978e-05,5.877573,fixed,fixed
558512,135,5.877573,0.0,-0.7204051,-1.0725757,2,"[np.float32(5.0934668), np.float32(5.786329)]","[np.float32(0.0001333867), np.float32(0.0002000667)]",0.0002000667,6.7248263,fixed,fixed
558512,137,8.228977,0.0,-0.8793646,-1.4750236,1,[np.float32(5.786329)],[np.float32(6.66978e-05)],6.66978e-05,5.786329,fixed,fixed
558512,197,6.7248263,0.0,-0.79164916,-1.5031306,1,[np.float32(5.0934668)],[np.float32(0.00060000445)],0.00060000445,5.0934668,fixed,fixed
558512,198,5.5545464,0.0,-0.6882088,-0.8232016,1,[np.float32(5.0934668)],[np.float32(0.00026673783)],0.00026673783,5.0934668,fixed,fixed
558512,205,5.184434,0.0,-0.6478044,-0.6998308,1,[np.float32(5.0934668)],[np.float32(0.00026673783)],0.00026673783,5.877573,fixed,fixed
558512,208,7.5358305,0.0,-0.84430814,-1.4836296,1,[np.float32(5.0934668)],[np.float32(0.00026673783)],0.00026673783,5.0934668,fixed,fixed
558512,209,5.4253707,0.0,-0.6745627,-0.5416031,1,[np.float32(5.0934668)],[np.float32(0.0001333867)],0.0001333867,5.184434,fixed,fixed
558512,215,7.5358305,0.0,-0.8443368,-1.2450897,1,[np.float32(5.0934668)],[np.float32(0.0001333867)],0.0001333867,5.0934668,fixed,fixed
558512,216,6.214031,0.0,-0.7508414,-1.1858479,1,[np.float32(5.0934668)],[np.float32(0.00040005337)],0.00040005337,5.0934668,fixed,fixed
558512,221,5.0934668,0.0,-0.6373236,-0.9160638,1,[np.float32(5.0934668)],[np.float32(0.00053333334)],0.00053333334,6.214031,fixed,fixed
558512,222,7.1303654,0.0,-0.81970996,-1.3484745,1,[np.float32(5.0934668)],[np.float32(0.00026673783)],0.00026673783,5.0934668,fixed,fixed
558512,383,6.088874,0.0,-0.73990786,-1.0001935,1,[np.float32(5.786329)],[np.float32(0.0001333867)],0.0001333867,6.7248263,fixed,fixed
558512,428,4.8111362,0.0,-0.6028921,-0.574281,1,[np.float32(5.786329)],[np.float32(0.0001333867)],0.0001333867,4.5525913,fixed,fixed
558512,430,4.8111362,0.0,-0.6029325,-0.8208317,1,[np.float32(5.786329)],[np.float32(0.00026673783)],0.00026673783,4.8111362,fixed,fixed
581578,25,5.2083592,0.0,-0.6504584,-0.95436126,1,[np.float32(5.0934668)],[np.float32(0.00053333334)],0.00053333334,4.5525913,fixed,fixed
581578,27,4.8111362,0.0,-0.6028744,-0.5753982,1,[np.float32(5.0934668)],[np.float32(0.00026673783)],0.00026673783,5.901499,fixed,fixed
581578,30,4.5525913,0.0,-0.5693736,-0.88719004,1,[np.float32(5.0934668)],[np.float32(0.00079978665)],0.00079978665,6.214031,fixed,fixed
581578,40,4.8111362,0.0,-0.60287434,-1.0073801,1,[np.float32(5.877573)],[np.float32(0.00040005337)],0.00040005337,4.8111362,fixed,fixed
581578,43,6.088874,0.0,-0.73989606,-0.7926898,1,[np.float32(5.877573)],[np.float32(6.66978e-05)],6.66978e-05,6.7248263,fixed,fixed
581578,48,4.5525913,0.0,-0.56937563,-0.5198753,1,[np.float32(5.877573)],[np.float32(0.0001333867)],0.0001333867,6.088874,fixed,fixed
581578,55,5.2083592,0.0,-0.6504584,-0.7078059,1,[np.float32(5.0934668)],[np.float32(0.00026673783)],0.00026673783,4.951692,fixed,fixed
581578,57,4.45615,0.0,-0.5563573,-0.8890514,1,[np.float32(5.877573)],[np.float32(0.00040005337)],0.00040005337,6.214031,fixed,fixed
581578,59,6.088874,0.0,-0.73989606,-0.7926898,1,[np.float32(5.877573)],[np.float32(6.66978e-05)],6.66978e-05,6.7248263,fixed,fixed
581578,60,4.951692,0.0,-0.62022114,-0.8688056,1,[np.float32(5.0934668)],[np.float32(0.00053333334)],0.00053333334,5.2083592,fixed,fixed
581578,107,5.284512,0.0,-0.6590779,-1.0498244,2,"[np.float32(6.088501), np.float32(5.284512)]","[np.float32(0.0001333867), np.float32(0.00053333334)]",0.00053333334,6.088874,fixed,fixed
581578,128,6.9761195,0.0,-0.8095111,-1.7898527,1,[np.float32(5.877573)],[np.float32(0.00046674226)],0.00046674226,5.877573,fixed,fixed
581578,130,5.4253707,0.0,-0.6746062,-0.9543958,1,[np.float32(5.877573)],[np.float32(0.0002000667)],0.0002000667,5.877573,fixed,fixed
581578,131,7.5358305,0.0,-0.8443487,-1.2750087,1,[np.float32(5.877573)],[np.float32(6.66978e-05)],6.66978e-05,6.842684,fixed,fixed
581578,132,6.842684,0.0,-0.80024,-1.4268335,1,[np.float32(5.877573)],[np.float32(0.0002000667)],0.0002000667,5.877573,fixed,fixed
581578,133,7.5358305,0.0,-0.844354,-1.2750087,1,[np.float32(5.877573)],[np.float32(6.66978e-05)],6.66978e-05,5.786329,fixed,fixed
581578,151,6.357125,0.0,-0.7629659,-1.3805634,1,[np.float32(5.0934668)],[np.float32(0.00060000445)],0.00060000445,5.0934668,fixed,fixed
581578,153,7.5358305,0.0,-0.84435314,-1.2450897,1,[np.float32(5.0934668)],[np.float32(0.0001333867)],0.0001333867,5.0934668,fixed,fixed
581578,165,5.0934668,0.0,-0.6372167,-0.73604125,1,[np.float32(5.284512)],[np.float32(0.00026673783)],0.00026673783,6.214031,fixed,fixed
581578,171,6.9761195,0.0,-0.8095387,-1.4951938,1,[np.float32(5.0934668)],[np.float32(0.00046674226)],0.00046674226,5.0934668,fixed,fixed
581578,175,5.5545464,0.0,-0.68824416,-0.58466166,1,[np.float32(5.0934668)],[np.float32(0.0001333867)],0.0001333867,5.0934668,fixed,fixed
581578,176,6.088874,0.0,-0.73979545,-1.0013107,1,[np.float32(5.0934668)],[np.float32(0.00026673783)],0.00026673783,5.284512,fixed,fixed
581578,177,5.877573,0.0,-0.7204116,-0.6923372,1,[np.float32(5.0934668)],[np.float32(0.0001333867)],0.0001333867,6.7248263,fixed,fixed
581578,180,5.0934668,0.0,-0.63728285,-0.9160638,1,[np.float32(5.0934668)],[np.float32(0.00053333334)],0.00053333334,6.214031,fixed,fixed
581578,187,5.4253707,0.0,-0.67448634,-1.0266985,1,[np.float32(5.0934668)],[np.float32(0.00053333334)],0.00053333334,5.0934668,fixed,fixed
581578,188,7.1303654,0.0,-0.81970984,-1.3484745,1,[np.float32(5.0934668)],[np.float32(0.00026673783)],0.00026673783,5.0934668,fixed,fixed
581578,218,6.214031,0.0,-0.7508116,-1.2541078,1,[np.float32(5.284512)],[np.float32(0.00040005337)],0.00040005337,5.284512,fixed,fixed
581578,221,5.0934668,0.0,-0.63730896,-0.73604125,1,[np.float32(5.284512)],[np.float32(0.00026673783)],0.00026673783,6.214031,fixed,fixed
581578,224,6.088874,0.0,-0.7398008,-1.3179449,1,[np.float32(5.284512)],[np.float32(0.00053333334)],0.00053333334,5.284512,fixed,fixed
581578,227,6.088501,0.0,-0.7398468,-0.82753754,1,[np.float32(5.284512)],[np.float32(0.0001333867)],0.0001333867,5.284512,fixed,fixed
581578,228,7.5358305,0.0,-0.84431034,-1.5501624,1,[np.float32(5.284512)],[np.float32(0.00026673783)],0.00026673783,5.284512,fixed,fixed
581578,253,5.786329,0.0,-0.71157646,-0.7268135,1,[np.float32(5.284512)],[np.float32(0.0001333867)],0.0001333867,5.0934668,fixed,fixed
581578,256,5.284512,0.0,-0.6591637,-0.7331901,1,[np.float32(5.0934668)],[np.float32(0.00026673783)],0.00026673783,6.088874,fixed,fixed
581578,330,6.214031,0.0,-0.75082636,-1.4808785,1,[np.float32(5.284512)],[np.float32(0.0007332311)],0.0007332311,5.284512,fixed,fixed
581578,333,5.0934668,0.0,-0.63730866,-0.73604125,1,[np.float32(5.284512)],[np.float32(0.00026673783)],0.00026673783,4.5525913,fixed,fixed
581578,336,6.088874,0.0,-0.739819,-1.5052582,1,[np.float32(5.284512)],[np.float32(0.0008664222)],0.0008664222,5.284512,fixed,fixed
581578,338,4.5525913,0.0,-0.56958836,-0.80585074,1,[np.float32(5.284512)],[np.float32(0.00053333334)],0.00053333334,6.088874,fixed,fixed
581578,392,5.877573,0.0,-0.7203304,-0.85097903,1,[np.float32(4.8615465)],[np.float32(0.00026673783)],0.00026673783,5.184434,fixed,fixed
581578,405,5.0934668,0.0,-0.6372652,-0.8931484,1,[np.float32(5.0301485)],[np.float32(0.00053333334)],0.00053333334,6.5241694,fixed,fixed
581578,407,5.877573,0.0,-0.7204241,-0.6709097,1,[np.float32(5.0301485)],[np.float32(0.0001333867)],0.0001333867,6.9761195,fixed,fixed
581578,416,5.184434,0.0,-0.64782315,-1.2275537,2,"[np.float32(5.0301485), np.float32(4.8615465)]","[np.float32(0.00026673783), np.float32(0.0013988314)]",0.0013988314,4.8615465,fixed,fixed
581578,445,4.5525913,0.0,-0.5697616,-0.46731496,1,[np.float32(5.0301485)],[np.float32(0.00026673783)],0.00026673783,6.088874,fixed,fixed
581578,452,4.8111362,0.0,-0.6028712,-0.79903823,2,"[np.float32(5.0301485), np.float32(4.8615465)]","[np.float32(0.00053333334), np.float32(0.00026673783)]",0.00053333334,4.411208,fixed,fixed
581578,466,7.5358305,0.0,-0.844301,-1.2236623,1,[np.float32(5.0301485)],[np.float32(0.0001333867)],0.0001333867,4.8111362,fixed,fixed
581578,469,6.214031,0.0,-0.7507343,-0.7261837,1,[np.float32(4.8615465)],[np.float32(0.0001333867)],0.0001333867,4.411208,fixed,fixed
581578,473,7.5358305,0.0,-0.8443409,-1.1667835,1,[np.float32(4.8615465)],[np.float32(0.0001333867)],0.0001333867,4.8615465,fixed,fixed
581578,479,5.977319,0.0,-0.72971517,-0.7041583,1,[np.float32(5.0301485)],[np.float32(0.0001333867)],0.0001333867,4.8111362,fixed,fixed
581578,481,5.366584,0.0,-0.6681299,-1.246261,1,[np.float32(5.0301485)],[np.float32(0.0010660978)],0.0010660978,5.0301485,fixed,fixed
581578,484,5.977319,0.0,-0.7297276,-0.64727956,1,[np.float32(4.8615465)],[np.float32(0.0001333867)],0.0001333867,4.8615465,fixed,fixed
581578,485,5.487917,0.0,-0.68115497,-1.2209623,1,[np.float32(4.8615465)],[np.float32(0.0010660978)],0.0010660978,4.8615465,fixed,fixed
585324,57,4.45615,0.0,-0.5563573,-1.1193571,1,[np.float32(7.5358305)],[np.float32(0.0001333867)],0.0001333867,6.214031,fixed,fixed
585324,107,5.284512,0.0,-0.6590779,-1.7615027,1,[np.float32(7.5358305)],[np.float32(0.00026673783)],0.00026673783,6.088874,fixed,fixed
585324,164,5.0099363,0.0,-0.62725633,-0.92046994,1,[np.float32(5.877573)],[np.float32(0.00026673783)],0.00026673783,5.184434,fixed,fixed
585324,165,5.0934668,0.0,-0.6372167,-1.697821,1,[np.float32(6.7248263)],[np.float32(0.00060000445)],0.00060000445,6.214031,fixed,fixed
585324,192,5.184434,0.0,-0.64776677,-1.4616389,1,[np.float32(5.877573)],[np.float32(0.0008664222)],0.0008664222,5.877573,fixed,fixed
585324,271,5.877573,0.0,-0.7204122,-1.4707679,1,[np.float32(6.842684)],[np.float32(0.0002000667)],0.0002000667,6.7248263,fixed,fixed
585324,274,6.214031,0.0,-0.75081253,-1.0736886,1,[np.float32(5.877573)],[np.float32(0.0001333867)],0.0001333867,5.0934668,fixed,fixed
585324,277,5.877573,0.0,-0.72040653,-1.3107322,1,[np.float32(7.5358305)],[np.float32(6.66978e-05)],6.66978e-05,6.7248263,fixed,fixed
585324,281,5.0934668,0.0,-0.6372909,-0.9483134,1,[np.float32(5.877573)],[np.float32(0.00026673783)],0.00026673783,6.214031,fixed,fixed
585324,284,7.5358305,0.0,-0.84431165,-1.5142883,1,[np.float32(5.877573)],[np.float32(0.0001333867)],0.0001333867,5.0934668,fixed,fixed
585324,299,5.977319,0.0,-0.729728,-0.9947844,1,[np.float32(5.877573)],[np.float32(0.0001333867)],0.0001333867,5.877573,fixed,fixed
585324,304,5.184434,0.0,-0.6478342,-1.2467588,1,[np.float32(5.877573)],[np.float32(0.00053333334)],0.00053333334,5.877573,fixed,fixed
585324,355,7.5358305,0.0,-0.8443532,-1.8634847,1,[np.float32(7.5358305)],[np.float32(6.66978e-05)],6.66978e-05,5.4253707,fixed,fixed
585324,356,6.842684,1.0,-0.99251145,-1.9148684,1,[np.float32(7.5358305)],[np.float32(0.0001333867)],0.0001333867,5.877573,fixed,fixed
585324,359,5.4253707,0.0,-0.67460287,-0.9061293,1,[np.float32(6.842684)],[np.float32(6.66978e-05)],6.66978e-05,5.877573,fixed,fixed
585324,360,7.5358305,1.0,-0.9906274,-1.8636626,1,[np.float32(6.842684)],[np.float32(0.0001333867)],0.0001333867,6.842684,fixed,fixed
585324,373,7.5358305,0.0,-0.8443541,-1.8634847,1,[np.float32(7.5358305)],[np.float32(6.66978e-05)],6.66978e-05,5.4253707,fixed,fixed
585324,376,5.877573,0.0,-0.7203714,-1.3107322,1,[np.float32(7.5358305)],[np.float32(6.66978e-05)],6.66978e-05,6.9761195,fixed,fixed
585324,377,5.4253707,0.0,-0.67460287,-0.9061293,1,[np.float32(6.842684)],[np.float32(6.66978e-05)],6.66978e-05,5.877573,fixed,fixed
585324,383,6.088874,0.0,-0.73991203,-1.5412015,1,[np.float32(6.842684)],[np.float32(0.0002000667)],0.0002000667,6.7248263,fixed,fixed
585324,392,5.877573,0.0,-0.7203364,-1.2096821,1,[np.float32(5.877573)],[np.float32(0.00026673783)],0.00026673783,5.184434,fixed,fixed
648442,18,4.8111362,0.0,-0.6028494,-0.4782444,1,[np.float32(4.8111362)],[np.float32(0.00026673783)],0.00026673783,4.411208,fixed,fixed
648442,27,4.8111362,0.0,-0.6028744,-0.72078735,1,[np.float32(4.8111362)],[np.float32(0.00053333334)],0.00053333334,5.901499,fixed,fixed
648442,39,5.901499,0.0,-0.7226517,-1.0842415,1,[np.float32(4.8111362)],[np.float32(0.00053333334)],0.00053333334,4.8111362,fixed,fixed
648442,40,4.8111362,1.0,-0.9966523,-1.6037108,1,[np.float32(7.5358305)],[np.float32(0.00026673783)],0.00026673783,4.8111362,fixed,fixed
648442,42,6.842684,0.0,-0.8001971,-1.1554269,1,[np.float32(4.8111362)],[np.float32(0.00026673783)],0.00026673783,4.8111362,fixed,fixed
648442,44,7.5358305,0.0,-0.84429944,-1.149825,1,[np.float32(4.8111362)],[np.float32(0.0001333867)],0.0001333867,4.8111362,fixed,fixed
648442,45,5.786329,0.0,-0.7115613,-0.80330855,1,[np.float32(4.8111362)],[np.float32(0.00026673783)],0.00026673783,4.8111362,fixed,fixed
648442,46,7.5358305,0.0,-0.84429944,-1.149825,1,[np.float32(4.8111362)],[np.float32(0.0001333867)],0.0001333867,4.8111362,fixed,fixed
648442,48,4.5525913,0.0,-0.5693923,-1.1515042,2,"[np.float32(4.8111362), np.float32(7.5358305)]","[np.float32(0.00053333334), np.float32(0.0001333867)]",0.00053333334,6.088874,fixed,fixed
648442,50,6.842684,0.0,-0.80019,-0.91877604,1,[np.float32(4.8111362)],[np.float32(0.0001333867)],0.0001333867,4.5525913,fixed,fixed
648442,52,7.5358305,1.0,-0.9906302,-1.3864759,1,[np.float32(4.8111362)],[np.float32(0.00026673783)],0.00026673783,4.8111362,fixed,fixed
648442,53,5.786329,0.0,-0.71155155,-0.5666577,1,[np.float32(4.8111362)],[np.float32(0.0001333867)],0.0001333867,4.5525913,fixed,fixed
648442,54,7.5358305,0.0,-0.8442992,-1.3864759,1,[np.float32(4.8111362)],[np.float32(0.00026673783)],0.00026673783,4.8111362,fixed,fixed
648442,57,4.45615,0.0,-0.5563658,-0.35991564,1,[np.float32(4.8111362)],[np.float32(0.00026673783)],0.00026673783,6.214031,fixed,fixed
648442,83,5.877573,0.0,-0.72028625,-0.97457576,1,[np.float32(4.8111362)],[np.float32(0.00040005337)],0.00040005337,6.9761195,fixed,fixed
648442,102,5.0934668,0.0,-0.6372892,-0.9160638,1,[np.float32(5.0934668)],[np.float32(0.00053333334)],0.00053333334,6.214031,fixed,fixed
648442,107,5.284512,0.0,-0.6590779,-0.7331901,1,[np.float32(5.0934668)],[np.float32(0.00026673783)],0.00026673783,6.088874,fixed,fixed
648442,113,5.877573,0.0,-0.720295,-0.5970724,1,[np.float32(4.8111362)],[np.float32(0.0001333867)],0.0001333867,4.411208,fixed,fixed
648442,125,5.877573,0.0,-0.72028345,-0.97457576,1,[np.float32(4.8111362)],[np.float32(0.00040005337)],0.00040005337,6.9761195,fixed,fixed
648442,135,5.877573,0.0,-0.72040224,-0.6923372,1,[np.float32(5.0934668)],[np.float32(0.0001333867)],0.0001333867,6.7248263,fixed,fixed
648442,144,5.877573,0.0,-0.72028023,-1.3107322,2,"[np.float32(4.8111362), np.float32(7.5358305)]","[np.float32(0.0001333867), np.float32(6.66978e-05)]",0.0001333867,6.9761195,fixed,fixed
648442,157,7.5358305,0.0,-0.8443444,-1.8634847,1,[np.float32(7.5358305)],[np.float32(6.66978e-05)],6.66978e-05,6.842684,fixed,fixed
648442,172,5.0934668,0.0,-0.637335,-1.331796,1,[np.float32(7.5358305)],[np.float32(0.0001333867)],0.0001333867,4.5525913,fixed,fixed
648442,177,5.877573,0.0,-0.72040856,-1.0725757,1,[np.float32(5.786329)],[np.float32(0.0002000667)],0.0002000667,6.7248263,fixed,fixed
648442,178,5.977319,0.0,-0.72975606,-1.3439808,1,[np.float32(7.5358305)],[np.float32(6.66978e-05)],6.66978e-05,5.877573,fixed,fixed
648442,180,5.0934668,0.0,-0.63727194,-1.331796,1,[np.float32(7.5358305)],[np.float32(0.0001333867)],0.0001333867,6.214031,fixed,fixed
648442,211,6.842684,0.0,-0.80023676,-1.4268335,1,[np.float32(5.877573)],[np.float32(0.0002000667)],0.0002000667,5.877573,fixed,fixed
648442,215,7.5358305,0.0,-0.8443351,-1.2750087,2,"[np.float32(5.0934668), np.float32(5.877573)]","[np.float32(0.0001333867), np.float32(6.66978e-05)]",0.0001333867,5.0934668,fixed,fixed
648442,216,6.214031,0.0,-0.75083333,-1.4078817,2,"[np.float32(5.0934668), np.float32(5.877573)]","[np.float32(0.0007332311), np.float32(6.66978e-05)]",0.0007332311,5.0934668,fixed,fixed
648442,222,7.1303654,0.0,-0.81970996,-1.3484745,1,[np.float32(5.0934668)],[np.float32(0.00026673783)],0.00026673783,5.0934668,fixed,fixed
648442,223,5.5545464,0.0,-0.6882442,-0.58466166,1,[np.float32(5.0934668)],[np.float32(0.0001333867)],0.0001333867,5.0934668,fixed,fixed
648442,224,6.088874,0.0,-0.7398065,-1.0013107,1,[np.float32(5.0934668)],[np.float32(0.00026673783)],0.00026673783,5.284512,fixed,fixed
648442,225,7.5358305,0.0,-0.84435177,-1.2750087,1,[np.float32(5.877573)],[np.float32(6.66978e-05)],6.66978e-05,6.842684,fixed,fixed
648442,226,5.284512,0.0,-0.6591473,-0.7331901,1,[np.float32(5.0934668)],[np.float32(0.00026673783)],0.00026673783,6.088874,fixed,fixed
648442,236,6.842684,0.0,-0.80023676,-1.0129257,1,[np.float32(5.786329)],[np.float32(6.66978e-05)],6.66978e-05,5.877573,fixed,fixed
648442,237,8.228977,0.0,-0.8793642,-1.4750236,1,[np.float32(5.786329)],[np.float32(6.66978e-05)],6.66978e-05,5.877573,fixed,fixed
648442,238,5.0934668,0.0,-0.6373029,-0.91494185,1,[np.float32(5.786329)],[np.float32(0.00026673783)],0.00026673783,6.214031,fixed,fixed
648442,240,5.877573,0.0,-0.72040546,-0.7222562,1,[np.float32(5.877573)],[np.float32(6.66978e-05)],6.66978e-05,6.7248263,fixed,fixed
648442,244,6.842684,0.0,-0.80023676,-1.4268335,1,[np.float32(5.877573)],[np.float32(0.0002000667)],0.0002000667,5.877573,fixed,fixed
648442,246,5.877573,1.0,-0.99485564,-0.7222562,1,[np.float32(5.877573)],[np.float32(6.66978e-05)],6.66978e-05,6.7248263,fixed,fixed
648442,247,5.4253707,0.0,-0.67460626,-0.9543958,1,[np.float32(5.877573)],[np.float32(0.0002000667)],0.0002000667,5.877573,fixed,fixed
648442,252,5.877573,0.0,-0.72040665,-0.7222562,2,"[np.float32(5.0934668), np.float32(5.877573)]","[np.float32(0.0001333867), np.float32(6.66978e-05)]",0.0001333867,6.7248263,fixed,fixed
648442,256,5.284512,0.0,-0.6591567,-0.7320729,1,[np.float32(5.786329)],[np.float32(0.0001333867)],0.0001333867,6.088874,fixed,fixed
648442,261,7.5358305,0.0,-0.8443532,-1.2750087,1,[np.float32(5.877573)],[np.float32(6.66978e-05)],6.66978e-05,5.4253707,fixed,fixed
648442,264,5.877573,0.0,-0.7204127,-0.7222562,1,[np.float32(5.877573)],[np.float32(6.66978e-05)],6.66978e-05,6.7248263,fixed,fixed
648442,271,5.877573,1.0,-0.99486095,-0.7222562,1,[np.float32(5.877573)],[np.float32(6.66978e-05)],6.66978e-05,6.7248263,fixed,fixed
648442,272,5.786329,0.0,-0.7116341,-1.0747151,1,[np.float32(5.877573)],[np.float32(0.0002000667)],0.0002000667,5.877573,fixed,fixed
648442,273,7.5358305,0.0,-0.84434384,-1.2750087,1,[np.float32(5.877573)],[np.float32(6.66978e-05)],6.66978e-05,6.842684,fixed,fixed
648442,277,5.877573,0.0,-0.720408,-0.7222562,1,[np.float32(5.877573)],[np.float32(6.66978e-05)],6.66978e-05,6.7248263,fixed,fixed
648442,295,5.877573,0.0,-0.7204242,-0.7222562,1,[np.float32(5.877573)],[np.float32(6.66978e-05)],6.66978e-05,6.7248263,fixed,fixed
648442,309,6.7248263,0.0,-0.79164916,-1.5031306,1,[np.float32(5.0934668)],[np.float32(0.00060000445)],0.00060000445,5.0934668,fixed,fixed
648442,310,5.5545464,0.0,-0.6882088,-0.8232016,1,[np.float32(5.0934668)],[np.float32(0.00026673783)],0.00026673783,5.0934668,fixed,fixed
648442,317,5.184434,0.0,-0.64771295,-0.6998308,1,[np.float32(5.0934668)],[np.float32(0.00026673783)],0.00026673783,5.0099363,fixed,fixed
648442,318,6.7248263,0.0,-0.79168403,-1.809466,1,[np.float32(5.877573)],[np.float32(0.00060000445)],0.00060000445,5.877573,fixed,fixed
648442,320,7.5358305,0.0,-0.84430814,-1.4836296,1,[np.float32(5.0934668)],[np.float32(0.00026673783)],0.00026673783,5.0934668,fixed,fixed
648442,321,5.4253707,0.0,-0.6745677,-0.9543958,2,"[np.float32(5.0934668), np.float32(5.877573)]","[np.float32(0.0001333867), np.float32(0.0002000667)]",0.0002000667,5.184434,fixed,fixed
648442,322,7.5358305,0.0,-0.8443514,-1.2750087,1,[np.float32(5.877573)],[np.float32(6.66978e-05)],6.66978e-05,6.842684,fixed,fixed
648442,323,6.842684,0.0,-0.80024004,-1.4268335,1,[np.float32(5.877573)],[np.float32(0.0002000667)],0.0002000667,5.877573,fixed,fixed
648442,324,7.5358305,0.0,-0.84435403,-1.2750087,1,[np.float32(5.877573)],[np.float32(6.66978e-05)],6.66978e-05,5.786329,fixed,fixed
648442,327,7.5358305,0.0,-0.8443368,-1.2450897,1,[np.float32(5.0934668)],[np.float32(0.0001333867)],0.0001333867,5.0934668,fixed,fixed
648442,328,6.357125,0.0,-0.76291937,-1.2335458,1,[np.float32(5.0934668)],[np.float32(0.00040005337)],0.00040005337,5.0934668,fixed,fixed
648442,329,7.5358305,0.0,-0.8443444,-1.2750087,1,[np.float32(5.877573)],[np.float32(6.66978e-05)],6.66978e-05,6.842684,fixed,fixed
648442,333,5.0934668,0.0,-0.637316,-0.9160638,1,[np.float32(5.0934668)],[np.float32(0.00053333334)],0.00053333334,4.5525913,fixed,fixed
648442,334,7.1303654,0.0,-0.81970996,-1.3484745,1,[np.float32(5.0934668)],[np.float32(0.00026673783)],0.00026673783,5.0934668,fixed,fixed
648442,351,6.7248263,0.0,-0.79168403,-1.809466,1,[np.float32(5.877573)],[np.float32(0.00060000445)],0.00060000445,5.877573,fixed,fixed
648442,353,5.786329,0.0,-0.7116383,-1.0747151,1,[np.float32(5.877573)],[np.float32(0.0002000667)],0.0002000667,5.877573,fixed,fixed
648442,355,7.5358305,0.0,-0.8443541,-1.2750087,1,[np.float32(5.877573)],[np.float32(6.66978e-05)],6.66978e-05,5.4253707,fixed,fixed
648442,356,6.842684,0.0,-0.80024004,-1.4268335,1,[np.float32(5.877573)],[np.float32(0.0002000667)],0.0002000667,5.877573,fixed,fixed
725597,333,5.0934668,0.0,-0.6373013,-1.697821,1,[np.float32(6.9761195)],[np.float32(0.00046674226)],0.00046674226,4.5525913,fixed,fixed
725597,364,6.088874,0.0,-0.73990786,-2.0296233,1,[np.float32(6.7248263)],[np.float32(0.00060000445)],0.00060000445,6.7248263,fixed,fixed
725597,389,5.877573,0.0,-0.72040796,-1.9591898,1,[np.float32(6.9761195)],[np.float32(0.00046674226)],0.00046674226,4.411208,fixed,fixed
725597,452,4.8111362,0.0,-0.6028712,-1.6037108,1,[np.float32(7.5358305)],[np.float32(0.00026673783)],0.00026673783,4.411208,fixed,fixed
725597,463,5.0301485,0.0,-0.62965095,-1.3106899,1,[np.float32(7.5358305)],[np.float32(0.0001333867)],0.0001333867,5.366584,fixed,fixed
786472,43,6.088874,0.0,-0.73989606,-1.3811659,1,[np.float32(7.5358305)],[np.float32(6.66978e-05)],6.66978e-05,6.7248263,fixed,fixed
786472,55,5.2083592,0.0,-0.6504584,-0.9875438,1,[np.float32(5.184434)],[np.float32(0.00053333334)],0.00053333334,4.951692,fixed,fixed
786472,57,4.45615,0.0,-0.5563573,-0.48866105,1,[np.float32(5.184434)],[np.float32(0.00026673783)],0.00026673783,6.214031,fixed,fixed
786472,58,6.842684,0.0,-0.8002051,-1.3574401,1,[np.float32(6.088874)],[np.float32(0.0001333867)],0.0001333867,4.45615,fixed,fixed
786472,59,6.088874,1.0,-0.99442595,-1.1430093,1,[np.float32(5.786329)],[np.float32(0.0002000667)],0.0002000667,6.7248263,fixed,fixed
786472,60,4.951692,0.0,-0.62022114,-0.9019881,1,[np.float32(5.184434)],[np.float32(0.00053333334)],0.00053333334,5.2083592,fixed,fixed
786472,62,5.977319,0.0,-0.72972393,-1.0689851,1,[np.float32(6.088874)],[np.float32(0.0001333867)],0.0001333867,4.45615,fixed,fixed
786472,92,6.842684,0.0,-0.8002367,-1.9148684,1,[np.float32(7.5358305)],[np.float32(0.0001333867)],0.0001333867,5.877573,fixed,fixed
786472,93,7.5358305,0.0,-0.84435314,-1.8634847,1,[np.float32(7.5358305)],[np.float32(6.66978e-05)],6.66978e-05,5.786329,fixed,fixed
786472,96,7.5358305,0.0,-0.8443351,-1.8634847,1,[np.float32(7.5358305)],[np.float32(6.66978e-05)],6.66978e-05,5.0934668,fixed,fixed
786472,97,6.214031,0.0,-0.75083315,-1.422885,1,[np.float32(7.5358305)],[np.float32(6.66978e-05)],6.66978e-05,5.0934668,fixed,fixed
786472,125,5.877573,0.0,-0.720276,-0.79443073,1,[np.float32(6.088874)],[np.float32(6.66978e-05)],6.66978e-05,6.9761195,fixed,fixed
786472,127,6.842684,0.0,-0.8002398,-1.4268335,1,[np.float32(5.877573)],[np.float32(0.0002000667)],0.0002000667,6.088874,fixed,fixed
786472,129,5.877573,0.0,-0.7204249,-0.7222562,1,[np.float32(5.877573)],[np.float32(6.66978e-05)],6.66978e-05,6.7248263,fixed,fixed
786472,132,6.842684,0.0,-0.80023676,-1.0129257,1,[np.float32(5.786329)],[np.float32(6.66978e-05)],6.66978e-05,5.877573,fixed,fixed
786472,133,7.5358305,0.0,-0.84435314,-1.4825125,1,[np.float32(5.786329)],[np.float32(0.0001333867)],0.0001333867,5.786329,fixed,fixed
786472,138,7.5358305,0.0,-0.84434605,-1.3471832,1,[np.float32(6.088874)],[np.float32(6.66978e-05)],6.66978e-05,6.842684,fixed,fixed
786472,145,7.5358305,0.0,-0.84435403,-1.2750087,1,[np.float32(5.877573)],[np.float32(6.66978e-05)],6.66978e-05,5.4253707,fixed,fixed
786472,148,5.877573,0.0,-0.7204127,-0.7222562,1,[np.float32(5.877573)],[np.float32(6.66978e-05)],6.66978e-05,6.7248263,fixed,fixed
786472,151,6.357125,0.0,-0.7629659,-0.88303953,1,[np.float32(5.184434)],[np.float32(0.0001333867)],0.0001333867,5.0934668,fixed,fixed
786472,152,6.842684,0.0,-0.80023676,-1.0129257,1,[np.float32(5.786329)],[np.float32(6.66978e-05)],6.66978e-05,5.877573,fixed,fixed
786472,154,6.7248263,0.0,-0.79169345,-1.9018301,1,[np.float32(6.088874)],[np.float32(0.00060000445)],0.00060000445,6.088874,fixed,fixed
786472,155,5.877573,1.0,-0.99485844,-1.0725757,1,[np.float32(5.786329)],[np.float32(0.0002000667)],0.0002000667,6.7248263,fixed,fixed
786472,156,5.786329,1.0,-0.99504006,-1.1510593,2,"[np.float32(6.088874), np.float32(5.877573)]","[np.float32(0.0002000667), np.float32(0.0002000667)]",0.0002000667,6.088874,fixed,fixed
786472,157,7.5358305,0.0,-0.8443444,-1.2750087,1,[np.float32(5.877573)],[np.float32(6.66978e-05)],6.66978e-05,6.842684,fixed,fixed
786472,158,6.214031,0.0,-0.75077486,-0.9065835,1,[np.float32(6.088874)],[np.float32(6.66978e-05)],6.66978e-05,4.45615,fixed,fixed
786472,159,7.5358305,0.0,-0.84433156,-1.3471832,1,[np.float32(6.088874)],[np.float32(6.66978e-05)],6.66978e-05,4.45615,fixed,fixed
786472,160,6.842684,0.0,-0.8002431,-1.5031776,1,[np.float32(6.088874)],[np.float32(0.0002000667)],0.0002000667,6.088874,fixed,fixed
786472,161,5.877573,0.0,-0.7204,-0.7222562,1,[np.float32(5.877573)],[np.float32(6.66978e-05)],6.66978e-05,6.7248263,fixed,fixed
786472,164,5.0099363,0.0,-0.62725633,-1.2146889,1,[np.float32(5.184434)],[np.float32(0.0011326978)],0.0011326978,5.184434,fixed,fixed
786472,180,5.0934668,0.0,-0.63727564,-0.70109993,1,[np.float32(5.184434)],[np.float32(0.00026673783)],0.00026673783,6.214031,fixed,fixed
786472,181,6.9761195,0.0,-0.80948895,-1.5279642,1,[np.float32(5.184434)],[np.float32(0.00046674226)],0.00046674226,5.184434,fixed,fixed
786472,182,5.877573,0.0,-0.7204242,-0.7222562,1,[np.float32(5.877573)],[np.float32(6.66978e-05)],6.66978e-05,6.7248263,fixed,fixed
786472,184,5.4253707,0.0,-0.67456603,-0.8117346,1,[np.float32(5.184434)],[np.float32(0.00026673783)],0.00026673783,5.184434,fixed,fixed
786472,185,5.877573,0.0,-0.72041065,-0.72318894,1,[np.float32(5.184434)],[np.float32(0.0001333867)],0.0001333867,6.7248263,fixed,fixed
786472,189,7.5358305,0.0,-0.8443064,-1.2759415,1,[np.float32(5.184434)],[np.float32(0.0001333867)],0.0001333867,5.0934668,fixed,fixed
786472,191,8.228977,0.0,-0.8793545,-1.5069904,1,[np.float32(5.184434)],[np.float32(0.0001333867)],0.0001333867,5.184434,fixed,fixed
786472,192,5.184434,0.0,-0.6477811,-0.9795687,1,[np.float32(5.184434)],[np.float32(0.00053333334)],0.00053333334,5.877573,fixed,fixed
786472,193,7.1303654,0.0,-0.81971306,-1.3800663,1,[np.float32(5.184434)],[np.float32(0.00026673783)],0.00026673783,5.184434,fixed,fixed
786472,217,7.5358305,0.0,-0.84434384,-1.2750087,1,[np.float32(5.877573)],[np.float32(6.66978e-05)],6.66978e-05,6.842684,fixed,fixed
786472,239,6.7248263,0.0,-0.79168403,-1.809466,1,[np.float32(5.877573)],[np.float32(0.00060000445)],0.00060000445,5.877573,fixed,fixed
786472,241,5.786329,0.0,-0.7116341,-1.0747151,1,[np.float32(5.877573)],[np.float32(0.0002000667)],0.0002000667,5.877573,fixed,fixed
786472,243,7.5358305,0.0,-0.8443541,-1.2750087,1,[np.float32(5.877573)],[np.float32(6.66978e-05)],6.66978e-05,5.4253707,fixed,fixed
786472,244,6.842684,0.0,-0.80024004,-1.4268335,1,[np.float32(5.877573)],[np.float32(0.0002000667)],0.0002000667,5.877573,fixed,fixed
819771,18,4.8111362,0.0,-0.6028494,-1.0073801,1,[np.float32(5.877573)],[np.float32(0.00040005337)],0.00040005337,4.411208,fixed,fixed
819771,21,6.088874,0.0,-0.73989606,-0.7926898,1,[np.float32(5.877573)],[np.float32(6.66978e-05)],6.66978e-05,6.7248263,fixed,fixed
819771,36,5.0301485,0.0,-0.62965876,-0.679061,1,[np.float32(5.877573)],[np.float32(0.0001333867)],0.0001333867,5.1152887,fixed,fixed
819771,40,4.8111362,0.0,-0.60287434,-1.0073801,1,[np.float32(5.877573)],[np.float32(0.00040005337)],0.00040005337,4.8111362,fixed,fixed
819771,43,6.088874,0.0,-0.73989606,-0.7926898,1,[np.float32(5.877573)],[np.float32(6.66978e-05)],6.66978e-05,6.7248263,fixed,fixed
819771,48,4.5525913,0.0,-0.56937563,-0.5198753,1,[np.float32(5.877573)],[np.float32(0.0001333867)],0.0001333867,6.088874,fixed,fixed
819771,75,5.0934668,0.0,-0.6372847,-1.697821,1,[np.float32(6.9761195)],[np.float32(0.00046674226)],0.00046674226,6.5241694,fixed,fixed
819771,87,6.9761195,0.0,-0.80951107,-1.7898527,1,[np.float32(5.877573)],[np.float32(0.00046674226)],0.00046674226,5.877573,fixed,fixed
819771,90,5.4253707,0.0,-0.6745643,-0.9543958,1,[np.float32(5.877573)],[np.float32(0.0002000667)],0.0002000667,5.184434,fixed,fixed
819771,91,7.5358305,0.0,-0.8443514,-1.2750087,1,[np.float32(5.877573)],[np.float32(6.66978e-05)],6.66978e-05,6.842684,fixed,fixed
819771,92,6.842684,0.0,-0.80024,-1.4268335,1,[np.float32(5.877573)],[np.float32(0.0002000667)],0.0002000667,5.877573,fixed,fixed
819771,93,7.5358305,0.0,-0.844354,-1.2750087,1,[np.float32(5.877573)],[np.float32(6.66978e-05)],6.66978e-05,5.786329,fixed,fixed
819771,133,7.5358305,0.0,-0.84435314,-1.2750087,1,[np.float32(5.877573)],[np.float32(6.66978e-05)],6.66978e-05,5.786329,fixed,fixed
819771,151,6.357125,0.0,-0.7629659,-1.2335458,1,[np.float32(5.0934668)],[np.float32(0.00040005337)],0.00040005337,5.0934668,fixed,fixed
819771,152,6.842684,0.0,-0.80023676,-1.4268335,1,[np.float32(5.877573)],[np.float32(0.0002000667)],0.0002000667,5.877573,fixed,fixed
819771,153,7.5358305,0.0,-0.84435314,-1.2450897,1,[np.float32(5.0934668)],[np.float32(0.0001333867)],0.0001333867,5.0934668,fixed,fixed
819771,155,5.877573,0.0,-0.7204122,-0.7222562,1,[np.float32(5.877573)],[np.float32(6.66978e-05)],6.66978e-05,6.7248263,fixed,fixed
819771,163,7.5358305,0.0,-0.84434915,-1.2750087,1,[np.float32(5.877573)],[np.float32(6.66978e-05)],6.66978e-05,6.842684,fixed,fixed
819771,172,5.0934668,0.0,-0.63733137,-0.9160638,1,[np.float32(5.0934668)],[np.float32(0.00053333334)],0.00053333334,4.5525913,fixed,fixed
819771,177,5.877573,0.0,-0.72040856,-0.7222562,2,"[np.float32(5.0934668), np.float32(5.877573)]","[np.float32(0.0001333867), np.float32(6.66978e-05)]",0.0001333867,6.7248263,fixed,fixed
819771,179,5.184434,0.0,-0.6476821,-0.6998308,1,[np.float32(5.0934668)],[np.float32(0.00026673783)],0.00026673783,5.0099363,fixed,fixed
819771,184,5.4253707,0.0,-0.67456764,-0.9543958,2,"[np.float32(5.0934668), np.float32(5.877573)]","[np.float32(0.0001333867), np.float32(0.0002000667)]",0.0002000667,5.184434,fixed,fixed
819771,185,5.877573,0.0,-0.72040915,-0.7222562,1,[np.float32(5.877573)],[np.float32(6.66978e-05)],6.66978e-05,6.7248263,fixed,fixed
819771,188,7.1303654,0.0,-0.8197099,-1.3484745,1,[np.float32(5.0934668)],[np.float32(0.00026673783)],0.00026673783,5.0934668,fixed,fixed
819771,189,7.5358305,0.0,-0.84430814,-1.4836296,1,[np.float32(5.0934668)],[np.float32(0.00026673783)],0.00026673783,5.0934668,fixed,fixed
819771,190,5.5545464,0.0,-0.6882089,-0.8232016,1,[np.float32(5.0934668)],[np.float32(0.00026673783)],0.00026673783,5.0934668,fixed,fixed
819771,238,5.0934668,0.0,-0.6373029,-0.6907969,1,[np.float32(4.45615)],[np.float32(0.00053333334)],0.00053333334,6.214031,fixed,fixed
819771,256,5.284512,0.0,-0.65916365,-0.7331901,1,[np.float32(5.0934668)],[np.float32(0.00026673783)],0.00026673783,6.088874,fixed,fixed
819771,263,6.7248263,0.0,-0.79168403,-1.809466,1,[np.float32(5.877573)],[np.float32(0.00060000445)],0.00060000445,5.877573,fixed,fixed
819771,264,5.877573,0.0,-0.7204127,-0.47823286,1,[np.float32(4.45615)],[np.float32(0.0001333867)],0.0001333867,6.7248263,fixed,fixed
819771,265,5.4253707,0.0,-0.67460626,-0.9543958,1,[np.float32(5.877573)],[np.float32(0.0002000667)],0.0002000667,5.877573,fixed,fixed
819771,266,7.5358305,0.0,-0.8443487,-1.2750087,1,[np.float32(5.877573)],[np.float32(6.66978e-05)],6.66978e-05,6.842684,fixed,fixed
819771,267,6.214031,0.0,-0.75081676,-1.4078817,2,"[np.float32(5.0934668), np.float32(5.877573)]","[np.float32(0.0007332311), np.float32(6.66978e-05)]",0.0007332311,5.0934668,fixed,fixed
819771,268,6.842684,0.0,-0.80024004,-1.4268335,1,[np.float32(5.877573)],[np.float32(0.0002000667)],0.0002000667,5.877573,fixed,fixed
819771,269,7.5358305,0.0,-0.8443373,-1.2750087,2,"[np.float32(5.0934668), np.float32(5.877573)]","[np.float32(0.0001333867), np.float32(6.66978e-05)]",0.0001333867,5.0934668,fixed,fixed
819771,286,6.7248263,0.0,-0.79164916,-1.5031306,1,[np.float32(5.0934668)],[np.float32(0.00060000445)],0.00060000445,5.0934668,fixed,fixed
819771,289,5.5545464,0.0,-0.6882443,-0.58466166,1,[np.float32(5.0934668)],[np.float32(0.0001333867)],0.0001333867,5.0934668,fixed,fixed
819771,290,6.088874,0.0,-0.7398303,-1.0013107,1,[np.float32(5.0934668)],[np.float32(0.00026673783)],0.00026673783,5.284512,fixed,fixed
819771,291,5.877573,0.0,-0.72041166,-0.6923372,1,[np.float32(5.0934668)],[np.float32(0.0001333867)],0.0001333867,6.7248263,fixed,fixed
819771,293,5.0934668,0.0,-0.63727653,-0.9160638,1,[np.float32(5.0934668)],[np.float32(0.00053333334)],0.00053333334,6.214031,fixed,fixed
819771,300,7.1303654,0.0,-0.81970996,-1.3484745,1,[np.float32(5.0934668)],[np.float32(0.00026673783)],0.00026673783,5.0934668,fixed,fixed
819771,317,5.184434,0.0,-0.64770585,-0.48213395,1,[np.float32(4.45615)],[np.float32(0.00026673783)],0.00026673783,5.0099363,fixed,fixed
819771,345,7.5358305,0.0,-0.8443409,-1.0309854,1,[np.float32(4.45615)],[np.float32(0.0001333867)],0.0001333867,5.0934668,fixed,fixed
819771,346,6.214031,0.0,-0.7508403,-1.1765699,1,[np.float32(4.45615)],[np.float32(0.0007332311)],0.0007332311,4.45615,fixed,fixed
819771,358,5.877573,0.0,-0.7204106,-0.47823286,1,[np.float32(4.45615)],[np.float32(0.0001333867)],0.0001333867,6.9761195,fixed,fixed
819771,368,5.284512,0.0,-0.6591951,-0.7331901,2,"[np.float32(5.0934668), np.float32(4.45615)]","[np.float32(0.00026673783), np.float32(0.00026673783)]",0.00026673783,6.088874,fixed,fixed
819771,370,7.1303654,0.0,-0.819699,-1.1307777,1,[np.float32(4.45615)],[np.float32(0.00026673783)],0.00026673783,5.0934668,fixed,fixed
819771,371,5.786329,0.0,-0.7115788,-0.68276554,1,[np.float32(4.45615)],[np.float32(0.00026673783)],0.00026673783,4.45615,fixed,fixed
819771,372,7.5358305,0.0,-0.8443038,-1.0309854,1,[np.float32(4.45615)],[np.float32(0.0001333867)],0.0001333867,5.284512,fixed,fixed
819771,376,5.877573,0.0,-0.7203788,-0.85227984,1,[np.float32(4.45615)],[np.float32(0.00040005337)],0.00040005337,6.9761195,fixed,fixed
819771,400,6.214031,0.0,-0.7508431,-0.5903856,1,[np.float32(4.45615)],[np.float32(0.0001333867)],0.0001333867,4.5525913,fixed,fixed
819771,420,4.951692,0.0,-0.62025636,-0.6435387,1,[np.float32(4.45615)],[np.float32(0.00053333334)],0.00053333334,5.487917,fixed,fixed
819771,424,7.5358305,0.0,-0.84431624,-1.2659328,1,[np.float32(4.45615)],[np.float32(0.00026673783)],0.00026673783,4.45615,fixed,fixed
819771,425,5.977319,0.0,-0.72972393,-0.51148146,1,[np.float32(4.45615)],[np.float32(0.0001333867)],0.0001333867,4.45615,fixed,fixed
819771,426,6.842684,0.0,-0.8001845,-1.0348839,1,[np.float32(4.45615)],[np.float32(0.00026673783)],0.00026673783,4.45615,fixed,fixed
819771,429,5.487917,0.0,-0.6811203,-0.5832949,1,[np.float32(4.45615)],[np.float32(0.00026673783)],0.00026673783,4.951692,fixed,fixed
819771,430,4.8111362,0.0,-0.6029404,-0.3577014,1,[np.float32(4.45615)],[np.float32(0.00026673783)],0.00026673783,4.8111362,fixed,fixed
819771,432,8.228977,0.0,-0.87933046,-1.2620343,1,[np.float32(4.45615)],[np.float32(0.0001333867)],0.0001333867,4.45615,fixed,fixed
819771,442,6.7248263,0.0,-0.79162097,-1.2758845,1,[np.float32(4.45615)],[np.float32(0.00060000445)],0.00060000445,4.45615,fixed,fixed
819771,443,5.977319,0.0,-0.7297066,-0.7464289,1,[np.float32(4.45615)],[np.float32(0.00026673783)],0.00026673783,4.45615,fixed,fixed
819771,447,7.5358305,0.0,-0.84431624,-1.2659328,1,[np.float32(4.45615)],[np.float32(0.00026673783)],0.00026673783,4.45615,fixed,fixed
819771,458,7.1303654,0.0,-0.8197341,-1.1307777,1,[np.float32(4.45615)],[np.float32(0.00026673783)],0.00026673783,4.45615,fixed,fixed
819771,486,6.18106,0.0,-0.7479577,-1.0533279,1,[np.float32(4.45615)],[np.float32(0.00053333334)],0.00053333334,4.45615,fixed,fixed
826654,43,6.088874,0.0,-0.73989606,-1.1430093,1,[np.float32(5.786329)],[np.float32(0.0002000667)],0.0002000667,6.7248263,fixed,fixed
826654,48,4.5525913,0.0,-0.56937563,-0.48921657,1,[np.float32(5.0934668)],[np.float32(0.00026673783)],0.00026673783,6.088874,fixed,fixed
826654,51,6.088874,0.0,-0.73989606,-0.76277083,1,[np.float32(5.0934668)],[np.float32(0.0001333867)],0.0001333867,6.7248263,fixed,fixed
826654,59,6.088874,0.0,-0.73989606,-2.0296233,1,[np.float32(6.7248263)],[np.float32(0.00060000445)],0.00060000445,6.7248263,fixed,fixed
826654,75,5.0934668,0.0,-0.6372847,-0.9160638,1,[np.float32(5.0934668)],[np.float32(0.00053333334)],0.00053333334,6.5241694,fixed,fixed
826654,92,6.842684,0.0,-0.8002367,-1.0129257,1,[np.float32(5.786329)],[np.float32(6.66978e-05)],6.66978e-05,5.877573,fixed,fixed
826654,93,7.5358305,0.0,-0.84435314,-1.4825125,1,[np.float32(5.786329)],[np.float32(0.0001333867)],0.0001333867,5.786329,fixed,fixed
826654,96,7.5358305,0.0,-0.8443351,-1.2450897,1,[np.float32(5.0934668)],[np.float32(0.0001333867)],0.0001333867,5.0934668,fixed,fixed
826654,97,6.214031,0.0,-0.75083315,-1.4078817,1,[np.float32(5.0934668)],[np.float32(0.0007332311)],0.0007332311,5.0934668,fixed,fixed
826654,101,6.842684,0.0,-0.8002398,-0.89081335,1,[np.float32(5.4253707)],[np.float32(6.66978e-05)],6.66978e-05,6.088874,fixed,fixed
826654,103,7.1303654,0.0,-0.81970996,-1.3484745,1,[np.float32(5.0934668)],[np.float32(0.00026673783)],0.00026673783,5.0934668,fixed,fixed
826654,104,5.5545464,0.0,-0.6882442,-0.58466166,1,[np.float32(5.0934668)],[np.float32(0.0001333867)],0.0001333867,5.0934668,fixed,fixed
826654,105,6.088874,0.0,-0.7397455,-1.0013107,1,[np.float32(5.0934668)],[np.float32(0.00026673783)],0.00026673783,4.5525913,fixed,fixed
826654,107,5.284512,0.0,-0.65908486,-0.7331901,1,[np.float32(5.0934668)],[np.float32(0.00026673783)],0.00026673783,6.088874,fixed,fixed
826654,118,6.842684,0.0,-0.8002367,-1.0129257,1,[np.float32(5.786329)],[np.float32(6.66978e-05)],6.66978e-05,5.877573,fixed,fixed
826654,122,5.877573,0.0,-0.72040546,-1.0725757,1,[np.float32(5.786329)],[np.float32(0.0002000667)],0.0002000667,6.7248263,fixed,fixed
826654,125,5.877573,0.0,-0.72027457,-0.9457287,1,[np.float32(5.4253707)],[np.float32(0.0002000667)],0.0002000667,6.9761195,fixed,fixed
826654,126,7.5358305,0.0,-0.84435403,-1.358078,1,[np.float32(5.4253707)],[np.float32(0.0001333867)],0.0001333867,5.4253707,fixed,fixed
826654,127,6.842684,0.0,-0.8002398,-0.89081335,1,[np.float32(5.4253707)],[np.float32(6.66978e-05)],6.66978e-05,6.088874,fixed,fixed
826654,129,5.877573,0.0,-0.7204249,-0.9457287,1,[np.float32(5.4253707)],[np.float32(0.0002000667)],0.0002000667,6.7248263,fixed,fixed
826654,135,5.877573,0.0,-0.7204051,-0.6923372,1,[np.float32(5.0934668)],[np.float32(0.0001333867)],0.0001333867,6.7248263,fixed,fixed
826654,197,6.7248263,0.0,-0.79164916,-1.5031306,1,[np.float32(5.0934668)],[np.float32(0.00060000445)],0.00060000445,5.0934668,fixed,fixed
826654,198,5.5545464,0.0,-0.6882088,-0.8232016,1,[np.float32(5.0934668)],[np.float32(0.00026673783)],0.00026673783,5.0934668,fixed,fixed
826654,205,5.184434,0.0,-0.6478044,-0.6998308,1,[np.float32(5.0934668)],[np.float32(0.00026673783)],0.00026673783,5.877573,fixed,fixed
826654,208,7.5358305,0.0,-0.84430814,-1.4836296,1,[np.float32(5.0934668)],[np.float32(0.00026673783)],0.00026673783,5.0934668,fixed,fixed
826654,209,5.4253707,0.0,-0.6745627,-0.5416031,1,[np.float32(5.0934668)],[np.float32(0.0001333867)],0.0001333867,5.184434,fixed,fixed
826654,215,7.5358305,0.0,-0.8443368,-1.2450897,1,[np.float32(5.0934668)],[np.float32(0.0001333867)],0.0001333867,5.0934668,fixed,fixed
826654,216,6.214031,0.0,-0.7508414,-1.1858479,1,[np.float32(5.0934668)],[np.float32(0.00040005337)],0.00040005337,5.0934668,fixed,fixed
826654,221,5.0934668,0.0,-0.6373236,-0.9160638,1,[np.float32(5.0934668)],[np.float32(0.00053333334)],0.00053333334,6.214031,fixed,fixed
826654,222,7.1303654,0.0,-0.81970996,-1.3484745,1,[np.float32(5.0934668)],[np.float32(0.00026673783)],0.00026673783,5.0934668,fixed,fixed
837349,57,4.45615,0.0,-0.5563573,-0.7036249,1,[np.float32(5.0934668)],[np.float32(0.00053333334)],0.00053333334,6.214031,broken,broken
837349,158,6.214031,0.0,-0.75077355,-1.1858479,1,[np.float32(5.0934668)],[np.float32(0.00040005337)],0.00040005337,4.45615,broken,broken
837349,159,7.5358305,0.0,-0.84433067,-1.2450897,1,[np.float32(5.0934668)],[np.float32(0.0001333867)],0.0001333867,4.45615,broken,broken
837349,161,5.877573,0.0,-0.7203984,-0.6923372,1,[np.float32(5.0934668)],[np.float32(0.0001333867)],0.0001333867,6.7248263,broken,broken
837349,164,5.0099363,0.0,-0.62725633,-0.9214029,2,"[np.float32(5.0934668), np.float32(5.184434)]","[np.float32(0.00026673783), np.float32(0.00053333334)]",0.00053333334,5.184434,broken,broken
837349,166,7.1303654,0.0,-0.819699,-1.3484745,1,[np.float32(5.0934668)],[np.float32(0.00026673783)],0.00026673783,4.45615,broken,broken
837349,167,5.977319,0.0,-0.7297224,-0.9641257,1,[np.float32(5.0934668)],[np.float32(0.00026673783)],0.00026673783,5.0934668,broken,broken
837349,168,7.5358305,0.0,-0.8443069,-1.4836296,1,[np.float32(5.0934668)],[np.float32(0.00026673783)],0.00026673783,5.0934668,broken,broken
837349,179,5.184434,0.0,-0.6476821,-0.9795687,1,[np.float32(5.184434)],[np.float32(0.00053333334)],0.00053333334,5.0099363,broken,broken
837349,185,5.877573,0.0,-0.72040766,-0.72318894,1,[np.float32(5.184434)],[np.float32(0.0001333867)],0.0001333867,6.7248263,broken,broken
837349,186,5.977319,0.0,-0.72971743,-0.72558576,1,[np.float32(5.0934668)],[np.float32(0.0001333867)],0.0001333867,5.0099363,broken,broken
837349,191,8.228977,0.0,-0.8793531,-1.5069904,1,[np.float32(5.184434)],[np.float32(0.0001333867)],0.0001333867,5.184434,broken,broken
837349,193,7.1303654,0.0,-0.81971306,-1.3800663,1,[np.float32(5.184434)],[np.float32(0.00026673783)],0.00026673783,5.184434,broken,broken
837349,194,5.625983,0.0,-0.6955768,-0.6393257,1,[np.float32(5.184434)],[np.float32(0.0001333867)],0.0001333867,5.184434,broken,broken
837349,218,6.214031,0.0,-0.7508142,-0.8044899,1,[np.float32(5.0934668)],[np.float32(0.0001333867)],0.0001333867,5.284512,broken,broken
837349,226,5.284512,0.0,-0.65914726,-1.5799981,2,"[np.float32(5.0934668), np.float32(6.214031)]","[np.float32(0.00026673783), np.float32(0.0007332311)]",0.0007332311,6.088874,broken,broken
837349,228,7.5358305,0.0,-0.8443086,-1.2450897,1,[np.float32(5.0934668)],[np.float32(0.0001333867)],0.0001333867,5.284512,broken,broken
837349,251,6.7248263,0.0,-0.79164916,-1.5031306,1,[np.float32(5.0934668)],[np.float32(0.00060000445)],0.00060000445,5.0934668,broken,broken
837349,252,5.877573,0.0,-0.72040224,-0.8374105,1,[np.float32(6.214031)],[np.float32(6.66978e-05)],6.66978e-05,6.7248263,broken,broken
837349,253,5.786329,0.0,-0.71157944,-0.9004624,1,[np.float32(5.0934668)],[np.float32(0.00026673783)],0.00026673783,5.0934668,broken,broken
837349,267,6.214031,0.0,-0.7508033,-0.8353417,1,[np.float32(5.184434)],[np.float32(0.0001333867)],0.0001333867,5.0934668,broken,broken
837349,274,6.214031,0.0,-0.7508273,-1.4078817,1,[np.float32(5.0934668)],[np.float32(0.0007332311)],0.0007332311,5.0934668,broken,broken
837349,275,7.5358305,0.0,-0.8443364,-1.2450897,1,[np.float32(5.0934668)],[np.float32(0.0001333867)],0.0001333867,5.0934668,broken,broken
837349,277,5.877573,0.0,-0.7204096,-0.6923372,1,[np.float32(5.0934668)],[np.float32(0.0001333867)],0.0001333867,6.7248263,broken,broken
837349,280,5.877573,0.0,-0.7203278,-1.3951551,1,[np.float32(5.184434)],[np.float32(0.0008664222)],0.0008664222,5.184434,broken,broken
837349,281,5.0934668,0.0,-0.63729817,-1.697821,3,"[np.float32(5.0934668), np.float32(6.214031), np.float32(6.7248263)]","[np.float32(0.00053333334), np.float32(0.0001333867), np.float32(0.00060000445)]",0.00060000445,6.214031,broken,broken
837349,282,7.1303654,0.0,-0.81970996,-1.3484745,1,[np.float32(5.0934668)],[np.float32(0.00026673783)],0.00026673783,5.0934668,broken,broken
837349,293,5.0934668,0.0,-0.6372692,-0.70109993,1,[np.float32(5.184434)],[np.float32(0.00026673783)],0.00026673783,6.214031,broken,broken
837349,294,6.7248263,0.0,-0.7916532,-1.5367365,1,[np.float32(5.184434)],[np.float32(0.00060000445)],0.00060000445,5.184434,broken,broken
837349,297,5.4253707,0.0,-0.6745661,-0.8117346,1,[np.float32(5.184434)],[np.float32(0.00026673783)],0.00026673783,5.184434,broken,broken
837349,298,5.877573,0.0,-0.7204107,-0.72318894,1,[np.float32(5.184434)],[np.float32(0.0001333867)],0.0001333867,6.7248263,broken,broken
837349,301,7.5358305,0.0,-0.84430647,-1.2759415,1,[np.float32(5.184434)],[np.float32(0.0001333867)],0.0001333867,5.0934668,broken,broken
837349,303,8.228977,0.0,-0.8793545,-1.5069904,1,[np.float32(5.184434)],[np.float32(0.0001333867)],0.0001333867,5.184434,broken,broken
837349,304,5.184434,0.0,-0.6478342,-0.9795687,1,[np.float32(5.184434)],[np.float32(0.00053333334)],0.00053333334,5.877573,broken,broken
837349,305,7.1303654,0.0,-0.8197131,-1.3800663,1,[np.float32(5.184434)],[np.float32(0.00026673783)],0.00026673783,5.184434,broken,broken
837349,335,5.5545464,0.0,-0.6882427,-0.72973496,1,[np.float32(6.214031)],[np.float32(6.66978e-05)],6.66978e-05,5.0934668,broken,broken
837349,337,7.5358305,0.0,-0.8443526,-1.3901631,1,[np.float32(6.214031)],[np.float32(6.66978e-05)],6.66978e-05,6.842684,broken,broken
837349,338,4.5525913,0.0,-0.56958425,-1.0560807,1,[np.float32(6.214031)],[np.float32(0.00040005337)],0.00040005337,6.088874,broken,broken
839459,48,4.5525913,0.0,-0.56937563,-0.48921657,1,[np.float32(5.0934668)],[np.float32(0.00026673783)],0.00026673783,6.088874,fixed,fixed
839459,51,6.088874,0.0,-0.73989606,-0.76277083,1,[np.float32(5.0934668)],[np.float32(0.0001333867)],0.0001333867,6.7248263,fixed,fixed
839459,55,5.2083592,0.0,-0.6504584,-0.9875438,1,[np.float32(5.184434)],[np.float32(0.00053333334)],0.00053333334,4.951692,fixed,fixed
839459,57,4.45615,0.0,-0.5563573,-1.1193571,2,"[np.float32(7.5358305), np.float32(5.184434)]","[np.float32(0.0001333867), np.float32(0.00026673783)]",0.00026673783,6.214031,fixed,fixed
839459,59,6.088874,0.0,-0.73989606,-1.3811659,1,[np.float32(7.5358305)],[np.float32(6.66978e-05)],6.66978e-05,6.7248263,fixed,fixed
839459,60,4.951692,0.0,-0.62022114,-0.9019881,1,[np.float32(5.184434)],[np.float32(0.00053333334)],0.00053333334,5.2083592,fixed,fixed
839459,75,5.0934668,0.0,-0.6372847,-0.9160638,1,[np.float32(5.0934668)],[np.float32(0.00053333334)],0.00053333334,6.5241694,fixed,fixed
839459,96,7.5358305,0.0,-0.8443351,-1.2450897,1,[np.float32(5.0934668)],[np.float32(0.0001333867)],0.0001333867,5.0934668,fixed,fixed
839459,97,6.214031,0.0,-0.75083315,-1.4078817,1,[np.float32(5.0934668)],[np.float32(0.0007332311)],0.0007332311,5.0934668,fixed,fixed
839459,103,7.1303654,0.0,-0.81970996,-1.3484745,1,[np.float32(5.0934668)],[np.float32(0.00026673783)],0.00026673783,5.0934668,fixed,fixed
839459,104,5.5545464,0.0,-0.6882442,-0.58466166,1,[np.float32(5.0934668)],[np.float32(0.0001333867)],0.0001333867,5.0934668,fixed,fixed
839459,105,6.088874,0.0,-0.7397455,-1.0013107,1,[np.float32(5.0934668)],[np.float32(0.00026673783)],0.00026673783,4.5525913,fixed,fixed
839459,107,5.284512,0.0,-0.65908486,-0.7331901,1,[np.float32(5.0934668)],[np.float32(0.00026673783)],0.00026673783,6.088874,fixed,fixed
839459,129,5.877573,0.0,-0.7204249,-1.4707679,1,[np.float32(6.842684)],[np.float32(0.0002000667)],0.0002000667,6.7248263,fixed,fixed
839459,135,5.877573,0.0,-0.7204051,-0.6923372,1,[np.float32(5.0934668)],[np.float32(0.0001333867)],0.0001333867,6.7248263,fixed,fixed
839459,151,6.357125,0.0,-0.7629659,-0.88303953,1,[np.float32(5.184434)],[np.float32(0.0001333867)],0.0001333867,5.0934668,fixed,fixed
839459,162,5.5545464,0.0,-0.68824875,-1.2030567,1,[np.float32(7.5358305)],[np.float32(6.66978e-05)],6.66978e-05,5.877573,fixed,fixed
839459,163,7.5358305,0.0,-0.84435004,-1.8634847,1,[np.float32(7.5358305)],[np.float32(6.66978e-05)],6.66978e-05,6.842684,fixed,fixed
839459,164,5.0099363,0.0,-0.62725633,-1.2146889,1,[np.float32(5.184434)],[np.float32(0.0011326978)],0.0011326978,5.184434,fixed,fixed
839459,165,5.0934668,0.0,-0.6372203,-1.331796,1,[np.float32(7.5358305)],[np.float32(0.0001333867)],0.0001333867,6.214031,fixed,fixed
839459,180,5.0934668,0.0,-0.63727564,-0.70109993,1,[np.float32(5.184434)],[np.float32(0.00026673783)],0.00026673783,6.214031,fixed,fixed
839459,181,6.9761195,0.0,-0.80948895,-1.5279642,1,[np.float32(5.184434)],[np.float32(0.00046674226)],0.00046674226,5.184434,fixed,fixed
839459,184,5.4253707,0.0,-0.67456603,-0.8117346,1,[np.float32(5.184434)],[np.float32(0.00026673783)],0.00026673783,5.184434,fixed,fixed
839459,185,5.877573,0.0,-0.72041065,-0.72318894,1,[np.float32(5.184434)],[np.float32(0.0001333867)],0.0001333867,6.7248263,fixed,fixed
839459,189,7.5358305,0.0,-0.8443064,-1.2759415,1,[np.float32(5.184434)],[np.float32(0.0001333867)],0.0001333867,5.0934668,fixed,fixed
839459,191,8.228977,0.0,-0.8793545,-1.5069904,1,[np.float32(5.184434)],[np.float32(0.0001333867)],0.0001333867,5.184434,fixed,fixed
839459,192,5.184434,0.0,-0.6477811,-0.9795687,1,[np.float32(5.184434)],[np.float32(0.00053333334)],0.00053333334,5.877573,fixed,fixed
839459,193,7.1303654,0.0,-0.81971306,-1.3800663,1,[np.float32(5.184434)],[np.float32(0.00026673783)],0.00026673783,5.184434,fixed,fixed
839459,197,6.7248263,0.0,-0.79164916,-1.5031306,1,[np.float32(5.0934668)],[np.float32(0.00060000445)],0.00060000445,5.0934668,fixed,fixed
839459,198,5.5545464,0.0,-0.6882088,-0.8232016,1,[np.float32(5.0934668)],[np.float32(0.00026673783)],0.00026673783,5.0934668,fixed,fixed
839459,205,5.184434,0.0,-0.6478044,-0.6998308,1,[np.float32(5.0934668)],[np.float32(0.00026673783)],0.00026673783,5.877573,fixed,fixed
839459,208,7.5358305,0.0,-0.84430814,-1.4836296,1,[np.float32(5.0934668)],[np.float32(0.00026673783)],0.00026673783,5.0934668,fixed,fixed
839459,209,5.4253707,0.0,-0.6745627,-0.5416031,1,[np.float32(5.0934668)],[np.float32(0.0001333867)],0.0001333867,5.184434,fixed,fixed
839459,214,5.977319,0.0,-0.729744,-1.090112,1,[np.float32(6.842684)],[np.float32(6.66978e-05)],6.66978e-05,5.877573,fixed,fixed
839459,215,7.5358305,0.0,-0.8443368,-1.2450897,1,[np.float32(5.0934668)],[np.float32(0.0001333867)],0.0001333867,5.0934668,fixed,fixed
839459,216,6.214031,0.0,-0.7508414,-1.1858479,1,[np.float32(5.0934668)],[np.float32(0.00040005337)],0.00040005337,5.0934668,fixed,fixed
839459,217,7.5358305,0.0,-0.84434474,-1.8636626,1,[np.float32(6.842684)],[np.float32(0.0001333867)],0.0001333867,6.842684,fixed,fixed
839459,221,5.0934668,0.0,-0.6373236,-0.9160638,1,[np.float32(5.0934668)],[np.float32(0.00053333334)],0.00053333334,6.214031,fixed,fixed
839459,222,7.1303654,0.0,-0.81970996,-1.3484745,1,[np.float32(5.0934668)],[np.float32(0.00026673783)],0.00026673783,5.0934668,fixed,fixed
839459,226,5.284512,0.0,-0.65914035,-0.78790426,1,[np.float32(4.5525913)],[np.float32(0.00053333334)],0.00053333334,6.088874,fixed,fixed
839459,241,5.786329,0.0,-0.71163106,-1.0264486,1,[np.float32(6.842684)],[np.float32(6.66978e-05)],6.66978e-05,5.877573,fixed,fixed
839459,246,5.877573,0.0,-0.72042936,-1.4707679,1,[np.float32(6.842684)],[np.float32(0.0002000667)],0.0002000667,6.7248263,fixed,fixed
839459,281,5.0934668,0.0,-0.63728356,-0.98517436,2,"[np.float32(5.977319), np.float32(4.5525913)]","[np.float32(0.00026673783), np.float32(0.00026673783)]",0.00026673783,6.214031,fixed,fixed
839459,330,6.214031,0.0,-0.7508116,-0.99743533,1,[np.float32(4.5525913)],[np.float32(0.00040005337)],0.00040005337,5.284512,fixed,fixed
839459,333,5.0934668,0.0,-0.6373013,-0.86838627,1,[np.float32(4.5525913)],[np.float32(0.00079978665)],0.00079978665,4.5525913,fixed,fixed
839459,336,6.088874,0.0,-0.7398008,-1.0560249,1,[np.float32(4.5525913)],[np.float32(0.00053333334)],0.00053333334,5.284512,fixed,fixed
839459,339,6.088501,0.0,-0.73983806,-0.58072996,1,[np.float32(4.5525913)],[np.float32(0.0001333867)],0.0001333867,4.5525913,fixed,fixed
839459,340,7.5358305,0.0,-0.8442993,-1.2985231,1,[np.float32(4.5525913)],[np.float32(0.00026673783)],0.00026673783,4.5525913,fixed,fixed
839459,365,5.786329,0.0,-0.711571,-0.4800059,1,[np.float32(4.5525913)],[np.float32(0.0001333867)],0.0001333867,5.0934668,fixed,fixed
839459,421,5.4253707,0.0,-0.67447984,-0.5950365,1,[np.float32(4.5525913)],[np.float32(0.00026673783)],0.00026673783,5.0934668,fixed,fixed
839459,428,4.8111362,0.0,-0.6029078,-0.63011235,1,[np.float32(4.5525913)],[np.float32(0.00053333334)],0.00053333334,4.5525913,fixed,fixed
839459,435,6.842684,0.0,-0.8001852,-0.83212423,1,[np.float32(4.5525913)],[np.float32(0.0001333867)],0.0001333867,4.8111362,fixed,fixed
839459,436,6.088874,0.0,-0.73978573,-1.2291789,1,[np.float32(4.5525913)],[np.float32(0.0008664222)],0.0008664222,4.5525913,fixed,fixed
839459,437,5.487917,0.0,-0.68113273,-0.99986964,1,[np.float32(4.5525913)],[np.float32(0.00079978665)],0.00079978665,4.5525913,fixed,fixed
839459,438,6.214031,0.0,-0.7507415,-1.270898,1,[np.float32(4.5525913)],[np.float32(0.0008664222)],0.0008664222,4.5525913,fixed,fixed
839459,439,8.228977,0.0,-0.8793302,-1.294222,1,[np.float32(4.5525913)],[np.float32(0.0001333867)],0.0001333867,4.5525913,fixed,fixed
846283,18,4.8111362,0.0,-0.6028494,-0.4782444,1,[np.float32(4.8111362)],[np.float32(0.00026673783)],0.00026673783,4.411208,broken,broken
846283,27,4.8111362,0.0,-0.6028744,-0.72078735,1,[np.float32(4.8111362)],[np.float32(0.00053333334)],0.00053333334,5.901499,broken,broken
846283,39,5.901499,0.0,-0.7226517,-1.0842415,1,[np.float32(4.8111362)],[np.float32(0.00053333334)],0.00053333334,4.8111362,broken,broken
846283,42,6.842684,0.0,-0.8001971,-1.1554269,1,[np.float32(4.8111362)],[np.float32(0.00026673783)],0.00026673783,4.8111362,broken,broken
846283,44,7.5358305,0.0,-0.84429944,-1.149825,1,[np.float32(4.8111362)],[np.float32(0.0001333867)],0.0001333867,4.8111362,broken,broken
846283,45,5.786329,0.0,-0.7115613,-0.80330855,1,[np.float32(4.8111362)],[np.float32(0.00026673783)],0.00026673783,4.8111362,broken,broken
846283,46,7.5358305,0.0,-0.84429944,-1.149825,1,[np.float32(4.8111362)],[np.float32(0.0001333867)],0.0001333867,4.8111362,broken,broken
846283,48,4.5525913,0.0,-0.5693923,-0.6346057,1,[np.float32(4.8111362)],[np.float32(0.00053333334)],0.00053333334,6.088874,broken,broken
846283,50,6.842684,0.0,-0.80019,-0.91877604,1,[np.float32(4.8111362)],[np.float32(0.0001333867)],0.0001333867,4.5525913,broken,broken
846283,51,6.088874,0.0,-0.73989606,-2.0296233,1,[np.float32(6.7248263)],[np.float32(0.00060000445)],0.00060000445,6.7248263,broken,broken
846283,52,7.5358305,0.0,-0.8442992,-1.3864759,1,[np.float32(4.8111362)],[np.float32(0.00026673783)],0.00026673783,4.8111362,broken,broken
846283,53,5.786329,0.0,-0.71155155,-0.5666577,1,[np.float32(4.8111362)],[np.float32(0.0001333867)],0.0001333867,4.5525913,broken,broken
846283,54,7.5358305,0.0,-0.8442992,-1.3864759,1,[np.float32(4.8111362)],[np.float32(0.00026673783)],0.00026673783,4.8111362,broken,broken
846283,57,4.45615,0.0,-0.5563658,-1.1193571,2,"[np.float32(4.8111362), np.float32(7.5358305)]","[np.float32(0.00026673783), np.float32(0.0001333867)]",0.00026673783,6.214031,broken,broken
846283,83,5.877573,0.0,-0.72028625,-0.97457576,1,[np.float32(4.8111362)],[np.float32(0.00040005337)],0.00040005337,6.9761195,broken,broken
846283,99,6.214031,0.0,-0.75075924,-0.7248516,1,[np.float32(5.5545464)],[np.float32(6.66978e-05)],6.66978e-05,4.5525913,broken,broken
846283,100,8.228977,0.0,-0.8793649,-1.3965002,1,[np.float32(5.5545464)],[np.float32(6.66978e-05)],6.66978e-05,6.088874,broken,broken
846283,101,6.842684,0.0,-0.8002398,-0.93440247,1,[np.float32(5.5545464)],[np.float32(6.66978e-05)],6.66978e-05,6.088874,broken,broken
846283,102,5.0934668,0.0,-0.6372892,-0.58827734,1,[np.float32(5.5545464)],[np.float32(0.0001333867)],0.0001333867,6.214031,broken,broken
846283,107,5.284512,0.0,-0.6590779,-1.7615027,1,[np.float32(7.5358305)],[np.float32(0.00026673783)],0.00026673783,6.088874,broken,broken
846283,113,5.877573,0.0,-0.720295,-0.5970724,1,[np.float32(4.8111362)],[np.float32(0.0001333867)],0.0001333867,4.411208,broken,broken
846283,125,5.877573,0.0,-0.72028345,-0.97457576,1,[np.float32(4.8111362)],[np.float32(0.00040005337)],0.00040005337,6.9761195,broken,broken
846283,144,5.877573,0.0,-0.72028023,-0.5970724,1,[np.float32(4.8111362)],[np.float32(0.0001333867)],0.0001333867,6.9761195,broken,broken
846283,165,5.0934668,0.0,-0.6372167,-0.91494185,1,[np.float32(5.786329)],[np.float32(0.00026673783)],0.00026673783,6.214031,broken,broken
846283,226,5.284512,0.0,-0.65914035,-0.7320729,1,[np.float32(5.786329)],[np.float32(0.0001333867)],0.0001333867,6.088874,broken,broken
846283,249,6.842684,0.0,-0.80023676,-1.0129257,1,[np.float32(5.786329)],[np.float32(6.66978e-05)],6.66978e-05,5.877573,broken,broken
846283,252,5.877573,0.0,-0.72040224,-1.0725757,1,[np.float32(5.786329)],[np.float32(0.0002000667)],0.0002000667,6.7248263,broken,broken
846283,254,8.228977,0.0,-0.8793646,-1.4750236,1,[np.float32(5.786329)],[np.float32(6.66978e-05)],6.66978e-05,5.786329,broken,broken
846283,393,4.411208,0.0,-0.5504118,-0.7577548,1,[np.float32(5.977319)],[np.float32(0.00026673783)],0.00026673783,6.214031,broken,broken
846283,405,5.0934668,0.0,-0.6372652,-0.8931484,1,[np.float32(5.0301485)],[np.float32(0.00053333334)],0.00053333334,6.5241694,broken,broken
846283,407,5.877573,0.0,-0.7204241,-0.6709097,1,[np.float32(5.0301485)],[np.float32(0.0001333867)],0.0001333867,6.9761195,broken,broken
846283,416,5.184434,0.0,-0.64782315,-0.67792916,1,[np.float32(5.0301485)],[np.float32(0.00026673783)],0.00026673783,4.8615465,broken,broken
846283,445,4.5525913,0.0,-0.5697616,-0.46731496,1,[np.float32(5.0301485)],[np.float32(0.00026673783)],0.00026673783,6.088874,broken,broken
846283,452,4.8111362,0.0,-0.6028712,-0.79903823,1,[np.float32(5.0301485)],[np.float32(0.00053333334)],0.00053333334,4.411208,broken,broken
846283,466,7.5358305,0.0,-0.844301,-1.2236623,1,[np.float32(5.0301485)],[np.float32(0.0001333867)],0.0001333867,4.8111362,broken,broken
846283,479,5.977319,0.0,-0.72971517,-0.7041583,1,[np.float32(5.0301485)],[np.float32(0.0001333867)],0.0001333867,4.8111362,broken,broken
846283,481,5.366584,0.0,-0.66812986,-1.246261,1,[np.float32(5.0301485)],[np.float32(0.0010660978)],0.0010660978,5.0301485,broken,broken
849409,27,4.8111362,0.0,-0.6028744,-0.5264527,1,[np.float32(4.951692)],[np.float32(0.00026673783)],0.00026673783,5.901499,fixed,fixed
849409,51,6.088874,0.0,-0.73989606,-1.5412015,1,[np.float32(6.842684)],[np.float32(0.0002000667)],0.0002000667,6.7248263,fixed,fixed
849409,55,5.2083592,0.0,-0.6504584,-1.0522863,1,[np.float32(4.951692)],[np.float32(0.00079978665)],0.00079978665,4.951692,fixed,fixed
849409,57,4.45615,0.0,-0.5563573,-1.2546011,2,"[np.float32(4.951692), np.float32(7.1303654)]","[np.float32(0.00053333334), np.float32(0.00026673783)]",0.00053333334,6.214031,fixed,fixed
849409,58,6.842684,0.0,-0.8002051,-0.96611446,1,[np.float32(4.951692)],[np.float32(0.0001333867)],0.0001333867,4.45615,fixed,fixed
849409,61,8.228977,0.0,-0.87933046,-1.4282122,1,[np.float32(4.951692)],[np.float32(0.0001333867)],0.0001333867,4.45615,fixed,fixed
849409,102,5.0934668,0.0,-0.6372892,-0.54395676,1,[np.float32(5.4253707)],[np.float32(0.0001333867)],0.0001333867,6.214031,fixed,fixed
849409,104,5.5545464,0.0,-0.6882427,-0.9491878,1,[np.float32(6.842684)],[np.float32(6.66978e-05)],6.66978e-05,5.0934668,fixed,fixed
849409,106,7.5358305,0.0,-0.8443535,-1.8636626,1,[np.float32(6.842684)],[np.float32(0.0001333867)],0.0001333867,6.842684,fixed,fixed
849409,129,5.877573,0.0,-0.7204249,-0.9457287,1,[np.float32(5.4253707)],[np.float32(0.0002000667)],0.0002000667,6.7248263,fixed,fixed
849409,130,5.4253707,0.0,-0.67460287,-0.9061293,1,[np.float32(6.842684)],[np.float32(6.66978e-05)],6.66978e-05,5.877573,fixed,fixed
849409,135,5.877573,0.0,-0.72040665,-1.4707679,1,[np.float32(6.842684)],[np.float32(0.0002000667)],0.0002000667,6.7248263,fixed,fixed
849409,144,5.877573,0.0,-0.7202862,-1.0236865,1,[np.float32(4.951692)],[np.float32(0.00040005337)],0.00040005337,6.9761195,fixed,fixed
849409,164,5.0099363,0.0,-0.6272639,-0.5927194,1,[np.float32(4.951692)],[np.float32(0.00026673783)],0.00026673783,5.184434,fixed,fixed
849409,172,5.0934668,0.0,-0.637346,-0.864945,1,[np.float32(4.951692)],[np.float32(0.00053333334)],0.00053333334,4.5525913,fixed,fixed
849409,179,5.184434,0.0,-0.6476963,-0.8952674,1,[np.float32(4.951692)],[np.float32(0.00053333334)],0.00053333334,5.0099363,fixed,fixed
849409,187,5.4253707,0.0,-0.67447966,-0.73119754,1,[np.float32(4.951692)],[np.float32(0.00026673783)],0.00026673783,5.0934668,fixed,fixed
849409,203,8.228977,0.0,-0.8793642,-1.3529111,1,[np.float32(5.4253707)],[np.float32(6.66978e-05)],6.66978e-05,5.877573,fixed,fixed
849409,204,6.842684,0.0,-0.80023676,-0.89081335,1,[np.float32(5.4253707)],[np.float32(6.66978e-05)],6.66978e-05,5.877573,fixed,fixed
849409,205,5.184434,0.0,-0.64779717,-0.81590843,1,[np.float32(5.4253707)],[np.float32(0.00026673783)],0.00026673783,5.877573,fixed,fixed
878834,18,4.8111362,0.0,-0.6028494,-0.79903823,1,[np.float32(5.0301485)],[np.float32(0.00053333334)],0.00053333334,4.411208,fixed,fixed
878834,25,5.2083592,0.0,-0.6504584,-0.95436126,1,[np.float32(5.0934668)],[np.float32(0.00053333334)],0.00053333334,4.5525913,fixed,fixed
878834,27,4.8111362,0.0,-0.6028744,-1.0073801,2,"[np.float32(5.877573), np.float32(5.0934668)]","[np.float32(0.00040005337), np.float32(0.00026673783)]",0.00040005337,5.901499,fixed,fixed
878834,29,6.088874,0.0,-0.73989606,-0.7926898,1,[np.float32(5.877573)],[np.float32(6.66978e-05)],6.66978e-05,6.7248263,fixed,fixed
878834,30,4.5525913,0.0,-0.5693736,-0.88719004,1,[np.float32(5.0934668)],[np.float32(0.00079978665)],0.00079978665,6.214031,fixed,fixed
878834,35,5.977319,0.0,-0.72972405,-0.7041583,1,[np.float32(5.0301485)],[np.float32(0.0001333867)],0.0001333867,4.8111362,fixed,fixed
878834,37,7.5358305,0.0,-0.84430104,-1.2236623,1,[np.float32(5.0301485)],[np.float32(0.0001333867)],0.0001333867,4.8111362,fixed,fixed
878834,38,5.1152887,0.0,-0.63972145,-1.162496,1,[np.float32(5.0301485)],[np.float32(0.0010660978)],0.0010660978,5.0301485,fixed,fixed
878834,40,4.8111362,0.0,-0.60289,-1.1321839,2,"[np.float32(5.901499), np.float32(5.877573)]","[np.float32(0.00053333334), np.float32(0.0001333867)]",0.00053333334,4.8111362,fixed,fixed
878834,48,4.5525913,0.0,-0.569384,-0.46731496,1,[np.float32(5.0301485)],[np.float32(0.00026673783)],0.00026673783,6.088874,fixed,fixed
878834,55,5.2083592,0.0,-0.6504584,-0.7078059,1,[np.float32(5.0934668)],[np.float32(0.00026673783)],0.00026673783,4.951692,fixed,fixed
878834,57,4.45615,0.0,-0.5563573,-0.4877282,1,[np.float32(5.877573)],[np.float32(0.0001333867)],0.0001333867,6.214031,fixed,fixed
878834,60,4.951692,0.0,-0.62022114,-1.054232,2,"[np.float32(5.877573), np.float32(5.0934668)]","[np.float32(0.00040005337), np.float32(0.00053333334)]",0.00053333334,5.2083592,fixed,fixed
878834,72,5.184434,0.0,-0.6477604,-0.67792916,1,[np.float32(5.0301485)],[np.float32(0.00026673783)],0.00026673783,4.8615465,fixed,fixed
878834,75,5.0934668,0.0,-0.6372993,-0.8931484,1,[np.float32(5.0301485)],[np.float32(0.00053333334)],0.00053333334,6.5241694,fixed,fixed
878834,83,5.877573,0.0,-0.72028035,-0.6709097,1,[np.float32(5.0301485)],[np.float32(0.0001333867)],0.0001333867,6.9761195,fixed,fixed
878834,147,6.9761195,0.0,-0.8095111,-1.7898527,1,[np.float32(5.877573)],[np.float32(0.00046674226)],0.00046674226,5.877573,fixed,fixed
878834,149,5.4253707,0.0,-0.6746062,-0.9543958,1,[np.float32(5.877573)],[np.float32(0.0002000667)],0.0002000667,5.877573,fixed,fixed
878834,150,7.5358305,0.0,-0.8443487,-1.2750087,1,[np.float32(5.877573)],[np.float32(6.66978e-05)],6.66978e-05,6.842684,fixed,fixed
878834,151,6.357125,0.0,-0.7629671,-1.3805634,2,"[np.float32(5.877573), np.float32(5.0934668)]","[np.float32(6.66978e-05), np.float32(0.00060000445)]",0.00060000445,5.0934668,fixed,fixed
878834,152,6.842684,0.0,-0.80024,-1.4268335,1,[np.float32(5.877573)],[np.float32(0.0002000667)],0.0002000667,5.877573,fixed,fixed
878834,153,7.5358305,0.0,-0.844354,-1.2750087,2,"[np.float32(5.877573), np.float32(5.0934668)]","[np.float32(6.66978e-05), np.float32(0.0001333867)]",0.0001333867,5.0934668,fixed,fixed
878834,171,6.9761195,0.0,-0.8095387,-1.4951938,1,[np.float32(5.0934668)],[np.float32(0.00046674226)],0.00046674226,5.0934668,fixed,fixed
878834,175,5.5545464,0.0,-0.68824416,-0.58466166,1,[np.float32(5.0934668)],[np.float32(0.0001333867)],0.0001333867,5.0934668,fixed,fixed
878834,176,6.088874,0.0,-0.73979545,-1.0013107,1,[np.float32(5.0934668)],[np.float32(0.00026673783)],0.00026673783,5.284512,fixed,fixed
878834,177,5.877573,0.0,-0.7204116,-0.6923372,1,[np.float32(5.0934668)],[np.float32(0.0001333867)],0.0001333867,6.7248263,fixed,fixed
878834,180,5.0934668,0.0,-0.63728285,-0.9160638,1,[np.float32(5.0934668)],[np.float32(0.00053333334)],0.00053333334,6.214031,fixed,fixed
878834,187,5.4253707,0.0,-0.67448634,-1.0266985,1,[np.float32(5.0934668)],[np.float32(0.00053333334)],0.00053333334,5.0934668,fixed,fixed
878834,188,7.1303654,0.0,-0.81970984,-1.3484745,1,[np.float32(5.0934668)],[np.float32(0.00026673783)],0.00026673783,5.0934668,fixed,fixed
878834,256,5.284512,0.0,-0.6591637,-0.7331901,1,[np.float32(5.0934668)],[np.float32(0.00026673783)],0.00026673783,6.088874,fixed,fixed
878834,304,5.184434,0.0,-0.64781994,-0.9795687,1,[np.float32(5.184434)],[np.float32(0.00053333334)],0.00053333334,5.877573,fixed,fixed
878834,392,5.877573,0.0,-0.7203304,-1.210615,1,[np.float32(5.184434)],[np.float32(0.00053333334)],0.00053333334,5.184434,fixed,fixed
878834,410,6.088874,0.0,-0.7399012,-0.79362255,1,[np.float32(5.184434)],[np.float32(0.0001333867)],0.0001333867,6.7248263,fixed,fixed
878834,415,8.228977,0.0,-0.8793531,-1.5069904,1,[np.float32(5.184434)],[np.float32(0.0001333867)],0.0001333867,5.184434,fixed,fixed
878834,416,5.184434,1.0,-0.9960741,-1.7281433,1,[np.float32(6.9761195)],[np.float32(0.00046674226)],0.00046674226,4.8615465,fixed,fixed
878834,417,7.1303654,0.0,-0.8197131,-1.3800663,1,[np.float32(5.184434)],[np.float32(0.00026673783)],0.00026673783,5.184434,fixed,fixed
878834,418,5.625983,0.0,-0.6955768,-0.6393257,1,[np.float32(5.184434)],[np.float32(0.0001333867)],0.0001333867,5.184434,fixed,fixed
878834,452,4.8111362,0.0,-0.6028869,-0.85513616,1,[np.float32(5.184434)],[np.float32(0.00053333334)],0.00053333334,4.411208,fixed,fixed
878834,463,5.0301485,0.0,-0.6296584,-0.67999387,1,[np.float32(5.184434)],[np.float32(0.00026673783)],0.00026673783,5.366584,fixed,fixed
878834,470,4.8615465,0.0,-0.6092613,-1.2561784,1,[np.float32(5.184434)],[np.float32(0.0013988314)],0.0013988314,5.184434,fixed,fixed
878834,481,5.366584,0.0,-0.6681095,-0.792139,1,[np.float32(5.184434)],[np.float32(0.00026673783)],0.00026673783,5.0301485,fixed,fixed
878834,482,6.9761195,1.0,-0.9921891,-1.5279642,1,[np.float32(5.184434)],[np.float32(0.00046674226)],0.00046674226,5.184434,fixed,fixed
878834,485,5.487917,0.0,-0.68114173,-1.0807297,1,[np.float32(5.184434)],[np.float32(0.00053333334)],0.00053333334,4.8615465,fixed,fixed
905801,48,4.5525913,0.0,-0.56937563,-0.48921657,1,[np.float32(5.0934668)],[np.float32(0.00026673783)],0.00026673783,6.088874,fixed,fixed
905801,51,6.088874,0.0,-0.73989606,-0.76277083,1,[np.float32(5.0934668)],[np.float32(0.0001333867)],0.0001333867,6.7248263,fixed,fixed
905801,75,5.0934668,0.0,-0.6372847,-1.331796,2,"[np.float32(7.5358305), np.float32(5.0934668)]","[np.float32(0.0001333867), np.float32(0.00053333334)]",0.00053333334,6.5241694,fixed,fixed
905801,95,5.977319,0.0,-0.7297452,-1.3439808,1,[np.float32(7.5358305)],[np.float32(6.66978e-05)],6.66978e-05,6.088874,fixed,fixed
905801,96,7.5358305,1.0,-0.9906237,-1.2450897,1,[np.float32(5.0934668)],[np.float32(0.0001333867)],0.0001333867,5.0934668,fixed,fixed
905801,97,6.214031,0.0,-0.75083315,-1.4078817,1,[np.float32(5.0934668)],[np.float32(0.0007332311)],0.0007332311,5.0934668,fixed,fixed
905801,98,7.5358305,0.0,-0.8443447,-1.8634847,1,[np.float32(7.5358305)],[np.float32(6.66978e-05)],6.66978e-05,6.842684,fixed,fixed
905801,102,5.0934668,1.0,-0.9962142,-1.331796,1,[np.float32(7.5358305)],[np.float32(0.0001333867)],0.0001333867,6.214031,fixed,fixed
905801,103,7.1303654,0.0,-0.81970996,-1.3484745,1,[np.float32(5.0934668)],[np.float32(0.00026673783)],0.00026673783,5.0934668,fixed,fixed
905801,104,5.5545464,0.0,-0.6882442,-0.58466166,1,[np.float32(5.0934668)],[np.float32(0.0001333867)],0.0001333867,5.0934668,fixed,fixed
905801,105,6.088874,0.0,-0.7397455,-1.0013107,1,[np.float32(5.0934668)],[np.float32(0.00026673783)],0.00026673783,4.5525913,fixed,fixed
905801,107,5.284512,0.0,-0.65908486,-0.7331901,1,[np.float32(5.0934668)],[np.float32(0.00026673783)],0.00026673783,6.088874,fixed,fixed
905801,127,6.842684,0.0,-0.8002398,-1.4268335,1,[np.float32(5.877573)],[np.float32(0.0002000667)],0.0002000667,6.088874,fixed,fixed
905801,129,5.877573,0.0,-0.7204263,-1.3107322,2,"[np.float32(7.5358305), np.float32(5.877573)]","[np.float32(6.66978e-05), np.float32(6.66978e-05)]",6.66978e-05,6.7248263,fixed,fixed
905801,135,5.877573,0.0,-0.7204051,-0.6923372,1,[np.float32(5.0934668)],[np.float32(0.0001333867)],0.0001333867,6.7248263,fixed,fixed
905801,145,7.5358305,0.0,-0.84435403,-1.2750087,1,[np.float32(5.877573)],[np.float32(6.66978e-05)],6.66978e-05,5.4253707,fixed,fixed
905801,148,5.877573,0.0,-0.7204127,-0.7222562,1,[np.float32(5.877573)],[np.float32(6.66978e-05)],6.66978e-05,6.7248263,fixed,fixed
905801,156,5.786329,0.0,-0.7116383,-1.0747151,1,[np.float32(5.877573)],[np.float32(0.0002000667)],0.0002000667,6.088874,fixed,fixed
905801,157,7.5358305,0.0,-0.8443444,-1.2750087,1,[np.float32(5.877573)],[np.float32(6.66978e-05)],6.66978e-05,6.842684,fixed,fixed
905801,161,5.877573,0.0,-0.7204,-0.7222562,1,[np.float32(5.877573)],[np.float32(6.66978e-05)],6.66978e-05,6.7248263,fixed,fixed
905801,164,5.0099363,0.0,-0.62725633,-0.92046994,1,[np.float32(5.877573)],[np.float32(0.00026673783)],0.00026673783,5.184434,fixed,fixed
905801,182,5.877573,0.0,-0.7204242,-0.7222562,1,[np.float32(5.877573)],[np.float32(6.66978e-05)],6.66978e-05,6.7248263,fixed,fixed
905801,185,5.877573,0.0,-0.72040766,-1.0725757,1,[np.float32(5.786329)],[np.float32(0.0002000667)],0.0002000667,6.7248263,fixed,fixed
905801,192,5.184434,0.0,-0.64776677,-1.4616389,1,[np.float32(5.877573)],[np.float32(0.0008664222)],0.0008664222,5.877573,fixed,fixed
905801,197,6.7248263,0.0,-0.79164916,-1.5031306,1,[np.float32(5.0934668)],[np.float32(0.00060000445)],0.00060000445,5.0934668,fixed,fixed
905801,198,5.5545464,0.0,-0.6882088,-0.8232016,1,[np.float32(5.0934668)],[np.float32(0.00026673783)],0.00026673783,5.0934668,fixed,fixed
905801,205,5.184434,0.0,-0.6478044,-0.6998308,1,[np.float32(5.0934668)],[np.float32(0.00026673783)],0.00026673783,5.877573,fixed,fixed
905801,208,7.5358305,0.0,-0.84430814,-1.4836296,1,[np.float32(5.0934668)],[np.float32(0.00026673783)],0.00026673783,5.0934668,fixed,fixed
905801,209,5.4253707,0.0,-0.6745627,-0.5416031,1,[np.float32(5.0934668)],[np.float32(0.0001333867)],0.0001333867,5.184434,fixed,fixed
905801,215,7.5358305,0.0,-0.8443368,-1.2450897,1,[np.float32(5.0934668)],[np.float32(0.0001333867)],0.0001333867,5.0934668,fixed,fixed
905801,216,6.214031,0.0,-0.7508414,-1.1858479,1,[np.float32(5.0934668)],[np.float32(0.00040005337)],0.00040005337,5.0934668,fixed,fixed
905801,217,7.5358305,0.0,-0.84434384,-1.2750087,1,[np.float32(5.877573)],[np.float32(6.66978e-05)],6.66978e-05,6.842684,fixed,fixed
905801,221,5.0934668,0.0,-0.6373236,-0.9160638,1,[np.float32(5.0934668)],[np.float32(0.00053333334)],0.00053333334,6.214031,fixed,fixed
905801,222,7.1303654,0.0,-0.81970996,-1.3484745,1,[np.float32(5.0934668)],[np.float32(0.00026673783)],0.00026673783,5.0934668,fixed,fixed
905801,239,6.7248263,0.0,-0.79168403,-1.809466,1,[np.float32(5.877573)],[np.float32(0.00060000445)],0.00060000445,5.877573,fixed,fixed
905801,241,5.786329,0.0,-0.7116341,-1.0747151,1,[np.float32(5.877573)],[np.float32(0.0002000667)],0.0002000667,5.877573,fixed,fixed
905801,243,7.5358305,0.0,-0.8443541,-1.2750087,1,[np.float32(5.877573)],[np.float32(6.66978e-05)],6.66978e-05,5.4253707,fixed,fixed
905801,244,6.842684,0.0,-0.80024004,-1.4268335,1,[np.float32(5.877573)],[np.float32(0.0002000667)],0.0002000667,5.877573,fixed,fixed
905801,249,6.842684,0.0,-0.80023676,-1.0129257,1,[np.float32(5.786329)],[np.float32(6.66978e-05)],6.66978e-05,5.877573,fixed,fixed
905801,250,7.5358305,0.0,-0.84435314,-1.4825125,1,[np.float32(5.786329)],[np.float32(0.0001333867)],0.0001333867,5.786329,fixed,fixed
905801,268,6.842684,0.0,-0.80023676,-1.0129257,1,[np.float32(5.786329)],[np.float32(6.66978e-05)],6.66978e-05,5.877573,fixed,fixed
905801,271,5.877573,0.0,-0.7204122,-1.0725757,1,[np.float32(5.786329)],[np.float32(0.0002000667)],0.0002000667,6.7248263,fixed,fixed
905801,274,6.214031,0.0,-0.75081253,-1.0736886,1,[np.float32(5.877573)],[np.float32(0.0001333867)],0.0001333867,5.0934668,fixed,fixed
905801,281,5.0934668,0.0,-0.6372909,-0.9483134,1,[np.float32(5.877573)],[np.float32(0.00026673783)],0.00026673783,6.214031,fixed,fixed
905801,284,7.5358305,0.0,-0.84431165,-1.5142883,1,[np.float32(5.877573)],[np.float32(0.0001333867)],0.0001333867,5.0934668,fixed,fixed
905801,298,5.877573,0.0,-0.72040766,-1.9591898,1,[np.float32(6.7248263)],[np.float32(0.00060000445)],0.00060000445,6.7248263,fixed,fixed
905801,299,5.977319,0.0,-0.729728,-0.9947844,1,[np.float32(5.877573)],[np.float32(0.0001333867)],0.0001333867,5.877573,fixed,fixed
905801,304,5.184434,0.0,-0.6478342,-1.2467588,1,[np.float32(5.877573)],[np.float32(0.00053333334)],0.00053333334,5.877573,fixed,fixed
905801,392,5.877573,0.0,-0.7203364,-1.2096821,1,[np.float32(5.877573)],[np.float32(0.00026673783)],0.00026673783,5.184434,fixed,fixed
914777,43,6.088874,0.0,-0.73989606,-1.1430093,1,[np.float32(5.786329)],[np.float32(0.0002000667)],0.0002000667,6.7248263,fixed,fixed
914777,55,5.2083592,0.0,-0.6504584,-0.9875438,1,[np.float32(5.184434)],[np.float32(0.00053333334)],0.00053333334,4.951692,fixed,fixed
914777,57,4.45615,0.0,-0.5563573,-0.48866105,1,[np.float32(5.184434)],[np.float32(0.00026673783)],0.00026673783,6.214031,fixed,fixed
914777,58,6.842684,0.0,-0.8002051,-1.3574401,1,[np.float32(6.088874)],[np.float32(0.0001333867)],0.0001333867,4.45615,fixed,fixed
914777,60,4.951692,0.0,-0.62022114,-0.9019881,1,[np.float32(5.184434)],[np.float32(0.00053333334)],0.00053333334,5.2083592,fixed,fixed
914777,62,5.977319,0.0,-0.72972393,-1.0689851,1,[np.float32(6.088874)],[np.float32(0.0001333867)],0.0001333867,4.45615,fixed,fixed
914777,92,6.842684,0.0,-0.8002367,-1.4268335,2,"[np.float32(5.786329), np.float32(5.877573)]","[np.float32(6.66978e-05), np.float32(0.0002000667)]",0.0002000667,5.877573,fixed,fixed
914777,93,7.5358305,0.0,-0.84435314,-1.4825125,1,[np.float32(5.786329)],[np.float32(0.0001333867)],0.0001333867,5.786329,fixed,fixed
914777,96,7.5358305,0.0,-0.8443351,-1.2750087,1,[np.float32(5.877573)],[np.float32(6.66978e-05)],6.66978e-05,5.0934668,fixed,fixed
914777,97,6.214031,0.0,-0.75083315,-0.83440894,1,[np.float32(5.877573)],[np.float32(6.66978e-05)],6.66978e-05,5.0934668,fixed,fixed
914777,106,7.5358305,0.0,-0.84435177,-1.2750087,1,[np.float32(5.877573)],[np.float32(6.66978e-05)],6.66978e-05,6.842684,fixed,fixed
914777,118,6.842684,0.0,-0.8002367,-1.0129257,1,[np.float32(5.786329)],[np.float32(6.66978e-05)],6.66978e-05,5.877573,fixed,fixed
914777,122,5.877573,0.0,-0.72040546,-1.0725757,2,"[np.float32(5.786329), np.float32(5.877573)]","[np.float32(0.0002000667), np.float32(6.66978e-05)]",0.0002000667,6.7248263,fixed,fixed
914777,125,5.877573,0.0,-0.720276,-0.79443073,1,[np.float32(6.088874)],[np.float32(6.66978e-05)],6.66978e-05,6.9761195,fixed,fixed
914777,130,5.4253707,0.0,-0.67460626,-0.9543958,1,[np.float32(5.877573)],[np.float32(0.0002000667)],0.0002000667,5.877573,fixed,fixed
914777,135,5.877573,0.0,-0.7204037,-0.7222562,1,[np.float32(5.877573)],[np.float32(6.66978e-05)],6.66978e-05,6.7248263,fixed,fixed
914777,138,7.5358305,0.0,-0.84434605,-1.3471832,1,[np.float32(6.088874)],[np.float32(6.66978e-05)],6.66978e-05,6.842684,fixed,fixed
914777,151,6.357125,0.0,-0.7629659,-0.88303953,1,[np.float32(5.184434)],[np.float32(0.0001333867)],0.0001333867,5.0934668,fixed,fixed
914777,154,6.7248263,0.0,-0.79169345,-1.9018301,1,[np.float32(6.088874)],[np.float32(0.00060000445)],0.00060000445,6.088874,fixed,fixed
914777,155,5.877573,0.0,-0.72041374,-0.7222562,1,[np.float32(5.877573)],[np.float32(6.66978e-05)],6.66978e-05,6.7248263,fixed,fixed
914777,156,5.786329,0.0,-0.7116383,-1.1510593,1,[np.float32(6.088874)],[np.float32(0.0002000667)],0.0002000667,6.088874,fixed,fixed
914777,158,6.214031,0.0,-0.75077486,-0.9065835,1,[np.float32(6.088874)],[np.float32(6.66978e-05)],6.66978e-05,4.45615,fixed,fixed
914777,159,7.5358305,0.0,-0.84433156,-1.3471832,1,[np.float32(6.088874)],[np.float32(6.66978e-05)],6.66978e-05,4.45615,fixed,fixed
914777,160,6.842684,0.0,-0.8002431,-1.5031776,1,[np.float32(6.088874)],[np.float32(0.0002000667)],0.0002000667,6.088874,fixed,fixed
914777,164,5.0099363,0.0,-0.62725633,-1.2146889,1,[np.float32(5.184434)],[np.float32(0.0011326978)],0.0011326978,5.184434,fixed,fixed
914777,180,5.0934668,0.0,-0.63727564,-0.70109993,1,[np.float32(5.184434)],[np.float32(0.00026673783)],0.00026673783,6.214031,fixed,fixed
914777,181,6.9761195,0.0,-0.80948895,-1.5279642,1,[np.float32(5.184434)],[np.float32(0.00046674226)],0.00046674226,5.184434,fixed,fixed
914777,184,5.4253707,0.0,-0.67456603,-0.8117346,1,[np.float32(5.184434)],[np.float32(0.00026673783)],0.00026673783,5.184434,fixed,fixed
914777,185,5.877573,0.0,-0.72041065,-0.72318894,1,[np.float32(5.184434)],[np.float32(0.0001333867)],0.0001333867,6.7248263,fixed,fixed
914777,189,7.5358305,0.0,-0.8443064,-1.2759415,1,[np.float32(5.184434)],[np.float32(0.0001333867)],0.0001333867,5.0934668,fixed,fixed
914777,191,8.228977,0.0,-0.8793545,-1.5069904,1,[np.float32(5.184434)],[np.float32(0.0001333867)],0.0001333867,5.184434,fixed,fixed
914777,192,5.184434,0.0,-0.6477811,-0.9795687,1,[np.float32(5.184434)],[np.float32(0.00053333334)],0.00053333334,5.877573,fixed,fixed
914777,193,7.1303654,0.0,-0.81971306,-1.3800663,1,[np.float32(5.184434)],[np.float32(0.00026673783)],0.00026673783,5.184434,fixed,fixed
914777,206,6.7248263,0.0,-0.79168403,-1.809466,1,[np.float32(5.877573)],[np.float32(0.00060000445)],0.00060000445,5.877573,fixed,fixed
914777,209,5.4253707,0.0,-0.67456436,-0.9543958,1,[np.float32(5.877573)],[np.float32(0.0002000667)],0.0002000667,5.184434,fixed,fixed
914777,210,7.5358305,0.0,-0.8443514,-1.2750087,1,[np.float32(5.877573)],[np.float32(6.66978e-05)],6.66978e-05,6.842684,fixed,fixed
914777,211,6.842684,0.0,-0.80024004,-1.4268335,1,[np.float32(5.877573)],[np.float32(0.0002000667)],0.0002000667,5.877573,fixed,fixed
914777,212,7.5358305,0.0,-0.84435403,-1.2750087,1,[np.float32(5.877573)],[np.float32(6.66978e-05)],6.66978e-05,5.786329,fixed,fixed
925287,12,4.411208,0.0,-0.55015236,-0.8389352,1,[np.float32(5.786329)],[np.float32(0.00040005337)],0.00040005337,6.214031,fixed,fixed
925287,36,5.0301485,0.0,-0.62965876,-0.8949577,1,[np.float32(5.0934668)],[np.float32(0.00053333334)],0.00053333334,5.1152887,fixed,fixed
925287,38,5.1152887,0.0,-0.6396923,-0.92333776,1,[np.float32(5.0934668)],[np.float32(0.00053333334)],0.00053333334,5.0301485,fixed,fixed
925287,48,4.5525913,0.0,-0.56937563,-0.73577195,1,[np.float32(5.0934668)],[np.float32(0.00053333334)],0.00053333334,6.088874,fixed,fixed
925287,51,6.088874,0.0,-0.73989606,-0.76277083,1,[np.float32(5.0934668)],[np.float32(0.0001333867)],0.0001333867,6.7248263,fixed,fixed
925287,66,5.901499,0.0,-0.72258365,-0.93885237,1,[np.float32(5.0934668)],[np.float32(0.00026673783)],0.00026673783,4.5525913,fixed,fixed
925287,74,6.5241694,0.0,-0.77639985,-1.5112611,1,[np.float32(5.0934668)],[np.float32(0.0007332311)],0.0007332311,5.0934668,fixed,fixed
925287,76,6.9761195,0.0,-0.80948603,-1.4951938,1,[np.float32(5.0934668)],[np.float32(0.00046674226)],0.00046674226,5.0934668,fixed,fixed
925287,77,5.5545464,0.0,-0.68820876,-0.8232016,1,[np.float32(5.0934668)],[np.float32(0.00026673783)],0.00026673783,5.0934668,fixed,fixed
925287,85,6.842684,0.0,-0.8002398,-0.93440247,1,[np.float32(5.5545464)],[np.float32(6.66978e-05)],6.66978e-05,6.088874,fixed,fixed
925287,86,5.184434,0.0,-0.6478072,-0.6998308,1,[np.float32(5.0934668)],[np.float32(0.00026673783)],0.00026673783,5.877573,fixed,fixed
925287,89,7.5358305,0.0,-0.84430814,-1.4836296,1,[np.float32(5.0934668)],[np.float32(0.00026673783)],0.00026673783,5.0934668,fixed,fixed
925287,90,5.4253707,0.0,-0.6745626,-0.5416031,1,[np.float32(5.0934668)],[np.float32(0.0001333867)],0.0001333867,5.184434,fixed,fixed
925287,96,7.5358305,0.0,-0.84433675,-1.2450897,1,[np.float32(5.0934668)],[np.float32(0.0001333867)],0.0001333867,5.0934668,fixed,fixed
925287,97,6.214031,0.0,-0.75084126,-1.1858479,1,[np.float32(5.0934668)],[np.float32(0.00040005337)],0.00040005337,5.0934668,fixed,fixed
925287,102,5.0934668,0.0,-0.63730395,-0.9160638,1,[np.float32(5.0934668)],[np.float32(0.00053333334)],0.00053333334,6.214031,fixed,fixed
925287,103,7.1303654,0.0,-0.8197099,-1.3484745,1,[np.float32(5.0934668)],[np.float32(0.00026673783)],0.00026673783,5.0934668,fixed,fixed
925287,113,5.877573,0.0,-0.72029203,-0.8496461,1,[np.float32(5.5545464)],[np.float32(0.0001333867)],0.0001333867,4.411208,fixed,fixed
925287,115,7.5358305,0.0,-0.84433585,-1.1654514,1,[np.float32(5.5545464)],[np.float32(6.66978e-05)],6.66978e-05,4.411208,fixed,fixed
925287,116,6.214031,0.0,-0.7508269,-0.7248516,1,[np.float32(5.5545464)],[np.float32(6.66978e-05)],6.66978e-05,5.0934668,fixed,fixed
925287,445,4.5525913,0.0,-0.5697616,-1.1661005,1,[np.float32(6.18106)],[np.float32(0.00053333334)],0.00053333334,6.088874,fixed,fixed
930268,30,4.5525913,0.0,-0.5693736,-1.1253842,1,[np.float32(6.088874)],[np.float32(0.00053333334)],0.00053333334,6.214031,broken,broken
930268,146,6.842684,0.0,-0.8002398,-0.93440247,1,[np.float32(5.5545464)],[np.float32(6.66978e-05)],6.66978e-05,6.088874,broken,broken
930268,169,6.088874,0.0,-0.73974794,-1.3587313,1,[np.float32(6.088874)],[np.float32(0.00026673783)],0.00026673783,4.5525913,broken,broken
930268,172,5.0934668,0.0,-0.63733137,-1.0269289,2,"[np.float32(5.5545464), np.float32(6.088874)]","[np.float32(0.0001333867), np.float32(0.00026673783)]",0.00026673783,4.5525913,broken,broken
930268,173,8.228977,0.0,-0.87936914,-1.3965002,1,[np.float32(5.5545464)],[np.float32(6.66978e-05)],6.66978e-05,7.5358305,broken,broken
930268,174,6.214031,0.0,-0.75082254,-0.7248516,1,[np.float32(5.5545464)],[np.float32(6.66978e-05)],6.66978e-05,5.284512,broken,broken
930268,177,5.877573,0.0,-0.72040856,-1.0725757,1,[np.float32(5.786329)],[np.float32(0.0002000667)],0.0002000667,6.7248263,broken,broken
930268,236,6.842684,0.0,-0.80023676,-1.0129257,1,[np.float32(5.786329)],[np.float32(6.66978e-05)],6.66978e-05,5.877573,broken,broken
930268,237,8.228977,0.0,-0.8793642,-1.4750236,1,[np.float32(5.786329)],[np.float32(6.66978e-05)],6.66978e-05,5.877573,broken,broken
930268,238,5.0934668,0.0,-0.6373029,-0.91494185,1,[np.float32(5.786329)],[np.float32(0.00026673783)],0.00026673783,6.214031,broken,broken
930268,256,5.284512,0.0,-0.65917933,-1.6024088,2,"[np.float32(6.088874), np.float32(5.786329)]","[np.float32(0.0008664222), np.float32(0.0001333867)]",0.0008664222,6.088874,broken,broken
930268,264,5.877573,0.0,-0.7204127,-1.9591898,1,[np.float32(6.7248263)],[np.float32(0.00060000445)],0.00060000445,6.7248263,broken,broken
930268,271,5.877573,0.0,-0.7204122,-1.0725757,1,[np.float32(5.786329)],[np.float32(0.0002000667)],0.0002000667,6.7248263,broken,broken
930268,290,6.088874,0.0,-0.7398303,-1.3587313,1,[np.float32(6.088874)],[np.float32(0.00026673783)],0.00026673783,5.284512,broken,broken
930268,313,5.0099363,0.0,-0.62729603,-0.5927194,1,[np.float32(4.951692)],[np.float32(0.00026673783)],0.00026673783,5.184434,broken,broken
930268,317,5.184434,0.0,-0.64770585,-0.8952674,1,[np.float32(4.951692)],[np.float32(0.00053333334)],0.00053333334,5.0099363,broken,broken
930268,323,6.842684,0.0,-0.80023676,-1.0129257,1,[np.float32(5.786329)],[np.float32(6.66978e-05)],6.66978e-05,5.877573,broken,broken
930268,324,7.5358305,0.0,-0.84435314,-1.4825125,1,[np.float32(5.786329)],[np.float32(0.0001333867)],0.0001333867,5.786329,broken,broken
930268,333,5.0934668,0.0,-0.6373013,-0.864945,1,[np.float32(4.951692)],[np.float32(0.00053333334)],0.00053333334,4.5525913,broken,broken
930268,348,6.842684,0.0,-0.80023676,-1.0129257,1,[np.float32(5.786329)],[np.float32(6.66978e-05)],6.66978e-05,5.877573,broken,broken
930268,350,4.45615,0.0,-0.55654234,-0.6525061,1,[np.float32(4.951692)],[np.float32(0.00053333334)],0.00053333334,6.214031,broken,broken
930268,352,6.088874,0.0,-0.73990995,-1.1430093,1,[np.float32(5.786329)],[np.float32(0.0002000667)],0.0002000667,6.7248263,broken,broken
930268,358,5.877573,0.0,-0.72040755,-1.0236865,1,[np.float32(4.951692)],[np.float32(0.00040005337)],0.00040005337,6.9761195,broken,broken
930268,421,5.4253707,0.0,-0.67447984,-0.73119754,1,[np.float32(4.951692)],[np.float32(0.00026673783)],0.00026673783,5.0934668,broken,broken
930268,426,6.842684,0.0,-0.80018234,-0.96611446,1,[np.float32(4.951692)],[np.float32(0.0001333867)],0.0001333867,4.45615,broken,broken
930268,428,4.8111362,0.0,-0.60289997,-0.5264527,1,[np.float32(4.951692)],[np.float32(0.00026673783)],0.00026673783,4.5525913,broken,broken
930268,429,5.487917,0.0,-0.68113345,-1.1454722,1,[np.float32(4.951692)],[np.float32(0.00079978665)],0.00079978665,4.951692,broken,broken
930268,432,8.228977,0.0,-0.87933046,-1.4282122,1,[np.float32(4.951692)],[np.float32(0.0001333867)],0.0001333867,4.45615,broken,broken
941814,221,5.0934668,0.0,-0.63730896,-1.2970537,1,[np.float32(6.357125)],[np.float32(0.00040005337)],0.00040005337,6.214031,fixed,fixed
941814,244,6.842684,0.0,-0.80023676,-1.4268335,1,[np.float32(5.877573)],[np.float32(0.0002000667)],0.0002000667,5.877573,fixed,fixed
941814,246,5.877573,0.0,-0.7204249,-0.7222562,1,[np.float32(5.877573)],[np.float32(6.66978e-05)],6.66978e-05,6.7248263,fixed,fixed
941814,252,5.877573,0.0,-0.72040224,-1.9591898,1,[np.float32(6.7248263)],[np.float32(0.00060000445)],0.00060000445,6.7248263,fixed,fixed
941814,261,7.5358305,0.0,-0.8443532,-1.2750087,1,[np.float32(5.877573)],[np.float32(6.66978e-05)],6.66978e-05,5.4253707,fixed,fixed
941814,264,5.877573,0.0,-0.7204127,-0.7222562,1,[np.float32(5.877573)],[np.float32(6.66978e-05)],6.66978e-05,6.7248263,fixed,fixed
941814,272,5.786329,0.0,-0.7116341,-1.0747151,1,[np.float32(5.877573)],[np.float32(0.0002000667)],0.0002000667,5.877573,fixed,fixed
941814,273,7.5358305,0.0,-0.84434384,-1.2750087,1,[np.float32(5.877573)],[np.float32(6.66978e-05)],6.66978e-05,6.842684,fixed,fixed
941814,277,5.877573,0.0,-0.720408,-0.7222562,1,[np.float32(5.877573)],[np.float32(6.66978e-05)],6.66978e-05,6.7248263,fixed,fixed
941814,293,5.0934668,0.0,-0.63726187,-0.9160638,1,[np.float32(5.0934668)],[np.float32(0.00053333334)],0.00053333334,6.214031,fixed,fixed
941814,295,5.877573,0.0,-0.7204242,-0.7222562,1,[np.float32(5.877573)],[np.float32(6.66978e-05)],6.66978e-05,6.7248263,fixed,fixed
941814,304,5.184434,0.0,-0.64781994,-0.6998308,1,[np.float32(5.0934668)],[np.float32(0.00026673783)],0.00026673783,5.877573,fixed,fixed
941814,317,5.184434,0.0,-0.64770585,-0.9004018,1,[np.float32(6.357125)],[np.float32(0.0001333867)],0.0001333867,5.0099363,fixed,fixed
941814,326,5.977319,0.0,-0.7297426,-0.920041,1,[np.float32(6.357125)],[np.float32(6.66978e-05)],6.66978e-05,5.877573,fixed,fixed
941814,329,7.5358305,0.0,-0.8443453,-1.439545,2,"[np.float32(5.877573), np.float32(6.357125)]","[np.float32(6.66978e-05), np.float32(6.66978e-05)]",6.66978e-05,6.842684,fixed,fixed
941814,333,5.0934668,0.0,-0.6373178,-1.4864155,2,"[np.float32(6.357125), np.float32(5.487917)]","[np.float32(0.00060000445), np.float32(0.00053333334)]",0.00060000445,4.5525913,fixed,fixed
941814,338,4.5525913,0.0,-0.56957173,-1.0431098,1,[np.float32(5.487917)],[np.float32(0.00079978665)],0.00079978665,6.088874,fixed,fixed
941814,351,6.7248263,0.0,-0.79168403,-1.809466,1,[np.float32(5.877573)],[np.float32(0.00060000445)],0.00060000445,5.877573,fixed,fixed
941814,353,5.786329,0.0,-0.7116383,-1.0747151,1,[np.float32(5.877573)],[np.float32(0.0002000667)],0.0002000667,5.877573,fixed,fixed
941814,355,7.5358305,0.0,-0.8443541,-1.2750087,1,[np.float32(5.877573)],[np.float32(6.66978e-05)],6.66978e-05,5.4253707,fixed,fixed
941814,356,6.842684,0.0,-0.80024004,-1.4268335,1,[np.float32(5.877573)],[np.float32(0.0002000667)],0.0002000667,5.877573,fixed,fixed
941814,358,5.877573,0.0,-0.7204091,-0.8867924,1,[np.float32(6.357125)],[np.float32(6.66978e-05)],6.66978e-05,6.9761195,fixed,fixed
941814,379,6.214031,0.0,-0.75080055,-1.1858479,1,[np.float32(5.0934668)],[np.float32(0.00040005337)],0.00040005337,5.0934668,fixed,fixed
941814,381,7.5358305,0.0,-0.8443347,-1.2450897,1,[np.float32(5.0934668)],[np.float32(0.0001333867)],0.0001333867,5.0934668,fixed,fixed
941814,403,6.088874,0.0,-0.73990214,-0.76277083,1,[np.float32(5.0934668)],[np.float32(0.0001333867)],0.0001333867,6.7248263,fixed,fixed
941814,409,5.4253707,0.0,-0.6745627,-0.5416031,1,[np.float32(5.0934668)],[np.float32(0.0001333867)],0.0001333867,5.184434,fixed,fixed
941814,412,7.1303654,0.0,-0.81970996,-1.3484745,1,[np.float32(5.0934668)],[np.float32(0.00026673783)],0.00026673783,5.0934668,fixed,fixed
941814,413,7.5358305,0.0,-0.8443082,-1.4836296,1,[np.float32(5.0934668)],[np.float32(0.00026673783)],0.00026673783,5.0934668,fixed,fixed
941814,414,5.5545464,0.0,-0.6882089,-0.8232016,1,[np.float32(5.0934668)],[np.float32(0.00026673783)],0.00026673783,5.0934668,fixed,fixed
941814,428,4.8111362,0.0,-0.6028921,-0.7136266,1,[np.float32(5.487917)],[np.float32(0.00026673783)],0.00026673783,4.5525913,fixed,fixed
941814,430,4.8111362,0.0,-0.6029325,-1.6037108,1,[np.float32(7.5358305)],[np.float32(0.00026673783)],0.00026673783,4.8111362,fixed,fixed
941814,436,6.088874,0.0,-0.7397676,-1.1395391,1,[np.float32(5.487917)],[np.float32(0.00026673783)],0.00026673783,4.5525913,fixed,fixed
941814,445,4.5525913,0.0,-0.56977826,-1.1515042,2,"[np.float32(5.0934668), np.float32(7.5358305)]","[np.float32(0.00053333334), np.float32(0.0001333867)]",0.00053333334,6.088874,fixed,fixed
941814,463,5.0301485,0.0,-0.6296658,-0.8949577,1,[np.float32(5.0934668)],[np.float32(0.00053333334)],0.00053333334,5.366584,fixed,fixed
941814,476,6.9761195,0.0,-0.80948615,-1.4951938,1,[np.float32(5.0934668)],[np.float32(0.00046674226)],0.00046674226,5.0934668,fixed,fixed
941814,477,6.18106,0.0,-0.7479295,-1.0320394,1,[np.float32(5.0934668)],[np.float32(0.00026673783)],0.00026673783,4.5525913,fixed,fixed
941814,480,6.5241694,0.0,-0.77636045,-1.5112611,1,[np.float32(5.0934668)],[np.float32(0.0007332311)],0.0007332311,5.0934668,fixed,fixed
941814,481,5.366584,0.0,-0.6681163,-1.0071028,1,[np.float32(5.0934668)],[np.float32(0.00053333334)],0.00053333334,5.0301485,fixed,fixed
946715,3,6.118513,0.0,-0.7425283,-1.368611,1,[np.float32(6.088874)],[np.float32(0.00026673783)],0.00026673783,6.088874,fixed,fixed
946715,11,5.901499,0.0,-0.7226517,-0.9446309,1,[np.float32(4.411208)],[np.float32(0.00053333334)],0.00053333334,4.411208,fixed,fixed
946715,14,7.1303654,0.0,-0.8197333,-1.1156284,1,[np.float32(4.411208)],[np.float32(0.00026673783)],0.00026673783,4.411208,fixed,fixed
946715,15,5.786329,0.0,-0.7115448,-0.80653757,1,[np.float32(4.411208)],[np.float32(0.00040005337)],0.00040005337,4.411208,fixed,fixed
946715,16,7.5358305,0.0,-0.8443376,-1.0160102,1,[np.float32(4.411208)],[np.float32(0.0001333867)],0.0001333867,4.411208,fixed,fixed
946715,18,4.8111362,0.0,-0.6028807,-1.1321839,2,"[np.float32(4.411208), np.float32(5.901499)]","[np.float32(0.00053333334), np.float32(0.00053333334)]",0.00053333334,4.411208,fixed,fixed
946715,20,6.842684,0.0,-0.8001911,-0.7849612,1,[np.float32(4.411208)],[np.float32(0.0001333867)],0.0001333867,4.8111362,fixed,fixed
946715,22,7.5358305,0.0,-0.8442951,-1.2507834,1,[np.float32(4.411208)],[np.float32(0.00026673783)],0.00026673783,4.411208,fixed,fixed
946715,23,5.786329,0.0,-0.71155304,-0.43284288,1,[np.float32(4.411208)],[np.float32(0.0001333867)],0.0001333867,4.8111362,fixed,fixed
946715,24,7.5358305,0.0,-0.8442951,-1.2507834,1,[np.float32(4.411208)],[np.float32(0.00026673783)],0.00026673783,4.411208,fixed,fixed
946715,25,5.2083592,0.0,-0.6504584,-1.0652264,1,[np.float32(6.088874)],[np.float32(0.00026673783)],0.00026673783,4.5525913,fixed,fixed
946715,27,4.8111362,0.0,-0.6028823,-0.34255204,1,[np.float32(4.411208)],[np.float32(0.00026673783)],0.00026673783,5.901499,fixed,fixed
946715,30,4.5525913,0.0,-0.5693736,-1.3584352,1,[np.float32(6.088874)],[np.float32(0.0008664222)],0.0008664222,6.214031,fixed,fixed
946715,36,5.0301485,0.0,-0.62965876,-0.8949577,1,[np.float32(5.0934668)],[np.float32(0.00053333334)],0.00053333334,5.1152887,fixed,fixed
946715,38,5.1152887,0.0,-0.6396923,-0.92333776,1,[np.float32(5.0934668)],[np.float32(0.00053333334)],0.00053333334,5.0301485,fixed,fixed
946715,48,4.5525913,0.0,-0.5693923,-1.0460023,2,"[np.float32(5.901499), np.float32(5.0934668)]","[np.float32(0.00053333334), np.float32(0.00053333334)]",0.00053333334,6.088874,fixed,fixed
946715,51,6.088874,0.0,-0.73989606,-0.76277083,1,[np.float32(5.0934668)],[np.float32(0.0001333867)],0.0001333867,6.7248263,fixed,fixed
946715,66,5.901499,0.0,-0.72258365,-0.93885237,1,[np.float32(5.0934668)],[np.float32(0.00026673783)],0.00026673783,4.5525913,fixed,fixed
946715,74,6.5241694,0.0,-0.77639985,-1.5112611,1,[np.float32(5.0934668)],[np.float32(0.0007332311)],0.0007332311,5.0934668,fixed,fixed
946715,76,6.9761195,0.0,-0.80948603,-1.4951938,1,[np.float32(5.0934668)],[np.float32(0.00046674226)],0.00046674226,5.0934668,fixed,fixed
946715,77,5.5545464,0.0,-0.68820876,-0.8232016,1,[np.float32(5.0934668)],[np.float32(0.00026673783)],0.00026673783,5.0934668,fixed,fixed
946715,78,6.214031,0.0,-0.7507365,-1.2203809,1,[np.float32(4.411208)],[np.float32(0.0008664222)],0.0008664222,4.411208,fixed,fixed
946715,80,5.977319,0.0,-0.7297234,-0.4965062,1,[np.float32(4.411208)],[np.float32(0.0001333867)],0.0001333867,4.411208,fixed,fixed
946715,81,5.877573,0.0,-0.7202923,-0.69803095,1,[np.float32(4.411208)],[np.float32(0.00026673783)],0.00026673783,5.184434,fixed,fixed
946715,82,7.5358305,0.0,-0.84430313,-1.2507834,1,[np.float32(4.411208)],[np.float32(0.00026673783)],0.00026673783,4.411208,fixed,fixed
946715,86,5.184434,0.0,-0.6478072,-0.6998308,1,[np.float32(5.0934668)],[np.float32(0.00026673783)],0.00026673783,5.877573,fixed,fixed
946715,89,7.5358305,0.0,-0.84430814,-1.4836296,1,[np.float32(5.0934668)],[np.float32(0.00026673783)],0.00026673783,5.0934668,fixed,fixed
946715,90,5.4253707,0.0,-0.6745626,-0.5416031,1,[np.float32(5.0934668)],[np.float32(0.0001333867)],0.0001333867,5.184434,fixed,fixed
946715,96,7.5358305,0.0,-0.84433675,-1.2450897,1,[np.float32(5.0934668)],[np.float32(0.0001333867)],0.0001333867,5.0934668,fixed,fixed
946715,97,6.214031,0.0,-0.75084126,-1.1858479,1,[np.float32(5.0934668)],[np.float32(0.00040005337)],0.00040005337,5.0934668,fixed,fixed
946715,102,5.0934668,0.0,-0.63730395,-0.9160638,1,[np.float32(5.0934668)],[np.float32(0.00053333334)],0.00053333334,6.214031,fixed,fixed
946715,103,7.1303654,0.0,-0.8197099,-1.3484745,1,[np.float32(5.0934668)],[np.float32(0.00026673783)],0.00026673783,5.0934668,fixed,fixed
946715,110,6.7248263,0.0,-0.7916191,-1.2602814,1,[np.float32(4.411208)],[np.float32(0.00060000445)],0.00060000445,4.411208,fixed,fixed
946715,111,5.977319,0.0,-0.7297056,-0.73127955,1,[np.float32(4.411208)],[np.float32(0.00026673783)],0.00026673783,4.411208,fixed,fixed
946715,113,5.877573,0.0,-0.7203039,-0.9366557,1,[np.float32(4.411208)],[np.float32(0.00053333334)],0.00053333334,4.411208,fixed,fixed
946715,115,7.5358305,0.0,-0.8443376,-1.0160102,1,[np.float32(4.411208)],[np.float32(0.0001333867)],0.0001333867,4.411208,fixed,fixed
946715,116,6.214031,0.0,-0.7508349,-0.949105,1,[np.float32(4.411208)],[np.float32(0.00040005337)],0.00040005337,5.0934668,fixed,fixed
946715,120,5.0934668,0.0,-0.6372582,-0.67528695,1,[np.float32(4.411208)],[np.float32(0.00053333334)],0.00053333334,6.214031,fixed,fixed
946715,139,6.214031,0.0,-0.75072694,-0.57541037,1,[np.float32(4.411208)],[np.float32(0.0001333867)],0.0001333867,4.5525913,fixed,fixed
946715,141,7.1303654,0.0,-0.8196982,-1.1156284,1,[np.float32(4.411208)],[np.float32(0.00026673783)],0.00026673783,4.411208,fixed,fixed
946715,176,6.088874,0.0,-0.7397954,-1.3587313,1,[np.float32(6.088874)],[np.float32(0.00026673783)],0.00026673783,5.284512,fixed,fixed
955013,12,4.411208,0.0,-0.55015236,-0.34493503,1,[np.float32(4.8111362)],[np.float32(0.00026673783)],0.00026673783,6.214031,broken,broken
955013,25,5.2083592,0.0,-0.6504584,-0.610652,1,[np.float32(4.8111362)],[np.float32(0.00026673783)],0.00026673783,4.5525913,broken,broken
955013,26,5.901499,0.0,-0.7226517,-1.0842415,1,[np.float32(4.8111362)],[np.float32(0.00053333334)],0.00053333334,4.8111362,broken,broken
955013,28,6.842684,0.0,-0.8002163,-1.1554269,1,[np.float32(4.8111362)],[np.float32(0.00026673783)],0.00026673783,4.8111362,broken,broken
955013,30,4.5525913,0.0,-0.56939024,-0.6346057,1,[np.float32(4.8111362)],[np.float32(0.00053333334)],0.00053333334,6.214031,broken,broken
955013,31,8.228977,0.0,-0.8793302,-1.3808738,1,[np.float32(4.8111362)],[np.float32(0.0001333867)],0.0001333867,4.8111362,broken,broken
955013,32,5.977319,0.0,-0.7297283,-0.630321,1,[np.float32(4.8111362)],[np.float32(0.0001333867)],0.0001333867,4.8111362,broken,broken
955013,40,4.8111362,0.0,-0.60289,-1.0073801,2,"[np.float32(4.8111362), np.float32(5.877573)]","[np.float32(0.00053333334), np.float32(0.00040005337)]",0.00053333334,4.8111362,broken,broken
955013,42,6.842684,0.0,-0.80019486,-0.91877604,1,[np.float32(4.8111362)],[np.float32(0.0001333867)],0.0001333867,4.8111362,broken,broken
955013,43,6.088874,0.0,-0.73989606,-0.7926898,1,[np.float32(5.877573)],[np.float32(6.66978e-05)],6.66978e-05,6.7248263,broken,broken
955013,44,7.5358305,0.0,-0.84430116,-1.3864759,1,[np.float32(4.8111362)],[np.float32(0.00026673783)],0.00026673783,4.8111362,broken,broken
955013,45,5.786329,0.0,-0.7115583,-0.5666577,1,[np.float32(4.8111362)],[np.float32(0.0001333867)],0.0001333867,4.8111362,broken,broken
955013,46,7.5358305,0.0,-0.84430116,-1.3864759,1,[np.float32(4.8111362)],[np.float32(0.00026673783)],0.00026673783,4.8111362,broken,broken
955013,48,4.5525913,0.0,-0.56937563,-0.80585074,2,"[np.float32(5.284512), np.float32(5.877573)]","[np.float32(0.00053333334), np.float32(0.0001333867)]",0.00053333334,6.088874,broken,broken
955013,51,6.088874,0.0,-0.73989606,-1.5412015,1,[np.float32(6.842684)],[np.float32(0.0002000667)],0.0002000667,6.7248263,broken,broken
955013,57,4.45615,0.0,-0.5563573,-0.8890514,2,"[np.float32(5.284512), np.float32(5.877573)]","[np.float32(0.00026673783), np.float32(0.00040005337)]",0.00040005337,6.214031,broken,broken
955013,59,6.088874,0.0,-0.73989606,-0.7926898,1,[np.float32(5.877573)],[np.float32(6.66978e-05)],6.66978e-05,6.7248263,broken,broken
955013,60,4.951692,0.0,-0.6202287,-0.52509636,1,[np.float32(4.8111362)],[np.float32(0.00026673783)],0.00026673783,5.2083592,broken,broken
955013,99,6.214031,0.0,-0.75075924,-1.2541078,1,[np.float32(5.284512)],[np.float32(0.00040005337)],0.00040005337,4.5525913,broken,broken
955013,102,5.0934668,0.0,-0.6372892,-0.73604125,1,[np.float32(5.284512)],[np.float32(0.00026673783)],0.00026673783,6.214031,broken,broken
955013,104,5.5545464,0.0,-0.6882427,-0.9491878,1,[np.float32(6.842684)],[np.float32(6.66978e-05)],6.66978e-05,5.0934668,broken,broken
955013,105,6.088874,0.0,-0.7397399,-1.3179449,1,[np.float32(5.284512)],[np.float32(0.00053333334)],0.00053333334,4.5525913,broken,broken
955013,106,7.5358305,0.0,-0.8443535,-1.8636626,1,[np.float32(6.842684)],[np.float32(0.0001333867)],0.0001333867,6.842684,broken,broken
955013,108,6.088501,0.0,-0.7398468,-0.82753754,1,[np.float32(5.284512)],[np.float32(0.0001333867)],0.0001333867,5.284512,broken,broken
955013,109,7.5358305,0.0,-0.8443055,-1.5501624,1,[np.float32(5.284512)],[np.float32(0.00026673783)],0.00026673783,5.284512,broken,broken
955013,113,5.877573,0.0,-0.720301,-0.97457576,1,[np.float32(4.8111362)],[np.float32(0.00040005337)],0.00040005337,4.411208,broken,broken
955013,128,6.9761195,0.0,-0.8095111,-1.7898527,1,[np.float32(5.877573)],[np.float32(0.00046674226)],0.00046674226,5.877573,broken,broken
955013,130,5.4253707,0.0,-0.67460793,-0.9543958,2,"[np.float32(6.842684), np.float32(5.877573)]","[np.float32(6.66978e-05), np.float32(0.0002000667)]",0.0002000667,5.877573,broken,broken
955013,131,7.5358305,0.0,-0.8443487,-1.2750087,1,[np.float32(5.877573)],[np.float32(6.66978e-05)],6.66978e-05,6.842684,broken,broken
955013,132,6.842684,0.0,-0.80024,-1.4268335,1,[np.float32(5.877573)],[np.float32(0.0002000667)],0.0002000667,5.877573,broken,broken
955013,133,7.5358305,0.0,-0.844354,-1.2750087,1,[np.float32(5.877573)],[np.float32(6.66978e-05)],6.66978e-05,5.786329,broken,broken
955013,135,5.877573,0.0,-0.72040665,-1.4707679,1,[np.float32(6.842684)],[np.float32(0.0002000667)],0.0002000667,6.7248263,broken,broken
955013,136,5.786329,0.0,-0.7115599,-0.7268135,1,[np.float32(5.284512)],[np.float32(0.0001333867)],0.0001333867,4.45615,broken,broken
955013,139,6.214031,0.0,-0.75072694,-0.7092252,1,[np.float32(4.8111362)],[np.float32(0.0001333867)],0.0001333867,4.5525913,broken,broken
955013,144,5.877573,0.0,-0.7202862,-0.97457576,1,[np.float32(4.8111362)],[np.float32(0.00040005337)],0.00040005337,6.9761195,broken,broken
955013,172,5.0934668,0.0,-0.6373387,-0.57235456,1,[np.float32(4.8111362)],[np.float32(0.00026673783)],0.00026673783,4.5525913,broken,broken
955013,218,6.214031,0.0,-0.75082636,-1.4808785,1,[np.float32(5.284512)],[np.float32(0.0007332311)],0.0007332311,5.284512,broken,broken
955013,221,5.0934668,0.0,-0.6373162,-0.73604125,1,[np.float32(5.284512)],[np.float32(0.00026673783)],0.00026673783,6.214031,broken,broken
955013,224,6.088874,0.0,-0.739819,-1.5052582,1,[np.float32(5.284512)],[np.float32(0.0008664222)],0.0008664222,5.284512,broken,broken
955013,226,5.284512,0.0,-0.65915424,-1.0498244,1,[np.float32(5.284512)],[np.float32(0.00053333334)],0.00053333334,6.088874,broken,broken
961317,102,5.0934668,0.0,-0.6372892,-1.46704,1,[np.float32(7.1303654)],[np.float32(0.00026673783)],0.00026673783,6.214031,fixed,fixed
961317,135,5.877573,0.0,-0.72040224,-1.4707679,1,[np.float32(6.842684)],[np.float32(0.0002000667)],0.0002000667,6.7248263,fixed,fixed
961317,165,5.0934668,0.0,-0.6372167,-1.697821,1,[np.float32(6.7248263)],[np.float32(0.00060000445)],0.00060000445,6.214031,fixed,fixed
961317,192,5.184434,0.0,-0.64776677,-1.7281433,1,[np.float32(8.228977)],[np.float32(0.0001333867)],0.0001333867,5.877573,fixed,fixed
961317,221,5.0934668,0.0,-0.63730896,-1.46704,1,[np.float32(7.1303654)],[np.float32(0.00026673783)],0.00026673783,6.214031,fixed,fixed
961317,223,5.5545464,0.0,-0.6882427,-0.9491878,1,[np.float32(6.842684)],[np.float32(6.66978e-05)],6.66978e-05,5.0934668,fixed,fixed
961317,225,7.5358305,0.0,-0.8443535,-1.8636626,1,[np.float32(6.842684)],[np.float32(0.0001333867)],0.0001333867,6.842684,fixed,fixed
961317,247,5.4253707,0.0,-0.67460287,-0.9061293,1,[np.float32(6.842684)],[np.float32(6.66978e-05)],6.66978e-05,5.877573,fixed,fixed
961317,252,5.877573,0.0,-0.7204067,-1.4707679,1,[np.float32(6.842684)],[np.float32(0.0002000667)],0.0002000667,6.7248263,fixed,fixed
961317,304,5.184434,0.0,-0.64782345,-1.7281433,1,[np.float32(8.228977)],[np.float32(0.0001333867)],0.0001333867,5.877573,fixed,fixed
