step,node_id,base_weight,is_selected,action_taken,correlated_action_taken,num_selected_neighbors,weights_of_selected_neighbors,corrs_with_selected_neighbors,max_corr_to_selected_neighbor,weight_of_highest_corr_neighbor,logical_outcome,corr_logical_outcome
7545,8,4.8615465,0.0,-0.37919745,-0.522604,1,[np.float32(5.877573)],[np.float32(0.00026673783)],0.00026673783,5.184434,fixed,fixed
7545,12,4.411208,0.0,-0.32775834,-0.8822409,3,"[np.float32(6.842684), np.float32(5.877573), np.float32(6.7248263)]","[np.float32(0.0001333867), np.float32(0.00026673783), np.float32(0.00060000445)]",0.00060000445,6.214031,fixed,fixed
7545,18,4.8111362,0.0,-0.3736032,-0.74271834,1,[np.float32(6.842684)],[np.float32(0.00026673783)],0.00026673783,4.411208,fixed,fixed
7545,21,6.088874,0.0,-0.48100436,-0.8288062,1,[np.float32(6.842684)],[np.float32(0.0001333867)],0.0001333867,6.7248263,fixed,fixed
7545,25,5.2083592,0.0,-0.41708148,-0.57261676,1,[np.float32(5.0934668)],[np.float32(0.00053333334)],0.00053333334,4.5525913,fixed,fixed
7545,27,4.8111362,0.0,-0.3736254,-0.34523892,1,[np.float32(5.0934668)],[np.float32(0.00026673783)],0.00026673783,5.901499,fixed,fixed
7545,28,6.842684,0.0,-0.40319738,-0.8144641,1,[np.float32(6.088874)],[np.float32(0.0001333867)],0.0001333867,4.8111362,fixed,fixed
7545,30,4.5525913,0.0,-0.34430584,-0.532314,1,[np.float32(5.0934668)],[np.float32(0.00079978665)],0.00079978665,6.214031,fixed,fixed
7545,32,5.977319,0.0,-0.4790192,-0.6413911,1,[np.float32(6.088874)],[np.float32(0.0001333867)],0.0001333867,4.8111362,fixed,fixed
7545,36,5.0301485,0.0,-0.39777696,-0.27797747,1,[np.float32(4.5525913)],[np.float32(0.00026673783)],0.00026673783,5.1152887,fixed,fixed
7545,40,4.8111362,0.0,-0.3736254,-0.3780674,1,[np.float32(4.5525913)],[np.float32(0.00053333334)],0.00053333334,4.8111362,fixed,fixed
7545,47,5.901499,0.0,-0.4767239,-0.5961399,1,[np.float32(4.5525913)],[np.float32(0.00053333334)],0.00053333334,4.5525913,fixed,fixed
7545,50,6.842684,0.0,-0.403351,-0.6404845,1,[np.float32(4.5525913)],[np.float32(0.00026673783)],0.00026673783,4.5525913,fixed,fixed
7545,52,7.5358305,0.0,-0.2969538,-0.63790387,1,[np.float32(4.5525913)],[np.float32(0.0001333867)],0.0001333867,4.8111362,fixed,fixed
7545,53,5.786329,0.0,-0.469859,-0.42921352,1,[np.float32(4.5525913)],[np.float32(0.00026673783)],0.00026673783,4.5525913,fixed,fixed
7545,54,7.5358305,0.0,-0.2969538,-0.63790387,1,[np.float32(4.5525913)],[np.float32(0.0001333867)],0.0001333867,4.8111362,fixed,fixed
7545,55,5.2083592,0.0,-0.41708148,-0.4246835,1,[np.float32(5.0934668)],[np.float32(0.00026673783)],0.00026673783,4.951692,fixed,fixed
7545,60,4.951692,0.0,-0.3891801,-0.5212833,1,[np.float32(5.0934668)],[np.float32(0.00053333334)],0.00053333334,5.2083592,fixed,fixed
7545,63,8.228977,0.0,-0.18158917,-0.77653325,1,[np.float32(4.5525913)],[np.float32(0.0001333867)],0.0001333867,4.5525913,fixed,fixed
7545,64,6.088501,0.0,-0.48099744,-0.34843796,1,[np.float32(4.5525913)],[np.float32(0.0001333867)],0.0001333867,4.5525913,fixed,fixed
7545,65,7.5358305,0.0,-0.2969583,-0.7791139,1,[np.float32(4.5525913)],[np.float32(0.00026673783)],0.00026673783,4.5525913,fixed,fixed
7545,66,5.901499,0.0,-0.4766329,-0.5961399,1,[np.float32(4.5525913)],[np.float32(0.00053333334)],0.00053333334,4.5525913,fixed,fixed
7545,72,5.184434,0.0,-0.41454184,-0.7480553,1,[np.float32(5.877573)],[np.float32(0.00053333334)],0.00053333334,4.8615465,fixed,fixed
7545,75,5.0934668,0.0,-0.40458095,-0.4345335,1,[np.float32(4.5525913)],[np.float32(0.00053333334)],0.00053333334,6.5241694,fixed,fixed
7545,80,5.977319,0.0,-0.47902328,-0.59687066,1,[np.float32(5.877573)],[np.float32(0.0001333867)],0.0001333867,4.411208,fixed,fixed
7545,82,7.5358305,0.0,-0.29694253,-0.908573,1,[np.float32(5.877573)],[np.float32(0.0001333867)],0.0001333867,4.411208,fixed,fixed
7545,83,5.877573,0.0,-0.4756087,-0.3062524,1,[np.float32(4.5525913)],[np.float32(0.0001333867)],0.0001333867,6.9761195,fixed,fixed
7545,86,5.184434,0.0,-0.4142392,-0.87698334,1,[np.float32(5.877573)],[np.float32(0.0008664222)],0.0008664222,5.877573,fixed,fixed
7545,99,6.214031,0.0,-0.480707,-0.7263903,1,[np.float32(4.5525913)],[np.float32(0.0007332311)],0.0007332311,4.5525913,fixed,fixed
7545,102,5.0934668,0.0,-0.40469274,-0.29064113,1,[np.float32(4.5525913)],[np.float32(0.00026673783)],0.00026673783,6.214031,fixed,fixed
7545,105,6.088874,0.0,-0.48104355,-0.73750734,1,[np.float32(4.5525913)],[np.float32(0.0008664222)],0.0008664222,4.5525913,fixed,fixed
7545,107,5.284512,0.0,-0.42502332,-0.47274256,1,[np.float32(4.5525913)],[np.float32(0.00053333334)],0.00053333334,6.088874,fixed,fixed
7545,113,5.877573,0.0,-0.475637,-0.47665843,1,[np.float32(6.088874)],[np.float32(6.66978e-05)],6.66978e-05,4.411208,fixed,fixed
7545,116,6.214031,0.0,-0.48053992,-0.64421314,1,[np.float32(5.877573)],[np.float32(0.0001333867)],0.0001333867,5.0934668,fixed,fixed
7545,124,7.5358305,0.0,-0.29678586,-0.8083099,1,[np.float32(6.088874)],[np.float32(6.66978e-05)],6.66978e-05,6.842684,fixed,fixed
7545,125,5.877573,0.0,-0.4756072,-0.3062524,1,[np.float32(4.5525913)],[np.float32(0.0001333867)],0.0001333867,6.9761195,fixed,fixed
7545,140,6.7248263,0.0,-0.42023948,-1.141098,1,[np.float32(6.088874)],[np.float32(0.00060000445)],0.00060000445,6.088874,fixed,fixed
7545,142,5.786329,0.0,-0.46990827,-0.69063556,1,[np.float32(6.088874)],[np.float32(0.0002000667)],0.0002000667,5.0934668,fixed,fixed
7545,144,5.877573,0.0,-0.47562915,-0.47665843,1,[np.float32(6.088874)],[np.float32(6.66978e-05)],6.66978e-05,6.9761195,fixed,fixed
7545,145,7.5358305,0.0,-0.296761,-0.8083099,1,[np.float32(6.088874)],[np.float32(6.66978e-05)],6.66978e-05,5.4253707,fixed,fixed
7545,146,6.842684,0.0,-0.4032184,-0.9019066,1,[np.float32(6.088874)],[np.float32(0.0002000667)],0.0002000667,6.088874,fixed,fixed
7545,151,6.357125,0.0,-0.46888548,-0.828338,1,[np.float32(5.0934668)],[np.float32(0.00060000445)],0.00060000445,5.0934668,fixed,fixed
7545,153,7.5358305,0.0,-0.29673502,-0.7470538,1,[np.float32(5.0934668)],[np.float32(0.0001333867)],0.0001333867,5.0934668,fixed,fixed
7545,171,6.9761195,0.0,-0.38337436,-0.8971163,1,[np.float32(5.0934668)],[np.float32(0.00046674226)],0.00046674226,5.0934668,fixed,fixed
7545,175,5.5545464,0.0,-0.45272678,-0.350797,1,[np.float32(5.0934668)],[np.float32(0.0001333867)],0.0001333867,5.0934668,fixed,fixed
7545,176,6.088874,0.0,-0.48100266,-0.60078645,1,[np.float32(5.0934668)],[np.float32(0.00026673783)],0.00026673783,5.284512,fixed,fixed
7545,177,5.877573,0.0,-0.475678,-0.41540232,1,[np.float32(5.0934668)],[np.float32(0.0001333867)],0.0001333867,6.7248263,fixed,fixed
7545,180,5.0934668,0.0,-0.4045658,-0.5496383,1,[np.float32(5.0934668)],[np.float32(0.00053333334)],0.00053333334,6.214031,fixed,fixed
7545,187,5.4253707,0.0,-0.43982694,-0.61601907,1,[np.float32(5.0934668)],[np.float32(0.00053333334)],0.00053333334,5.0934668,fixed,fixed
7545,188,7.1303654,0.0,-0.36036605,-0.8090847,1,[np.float32(5.0934668)],[np.float32(0.00026673783)],0.00026673783,5.0934668,fixed,fixed
7545,201,5.877573,0.0,-0.47559524,-0.7258093,1,[np.float32(5.877573)],[np.float32(0.00026673783)],0.00026673783,5.184434,fixed,fixed
7545,256,5.284512,0.0,-0.42520392,-0.43991408,1,[np.float32(5.0934668)],[np.float32(0.00026673783)],0.00026673783,6.088874,fixed,fixed
50685,48,4.5525913,0.0,-0.34430754,-0.29352993,1,[np.float32(5.0934668)],[np.float32(0.00026673783)],0.00026673783,6.088874,fixed,fixed
50685,51,6.088874,0.0,-0.48099405,-0.4576625,1,[np.float32(5.0934668)],[np.float32(0.0001333867)],0.0001333867,6.7248263,fixed,fixed
50685,57,4.45615,0.0,-0.3330384,-0.2981976,1,[np.float32(5.2083592)],[np.float32(0.00026673783)],0.00026673783,6.214031,fixed,fixed
50685,59,6.088874,0.0,-0.48099405,-0.9247209,1,[np.float32(6.842684)],[np.float32(0.0002000667)],0.0002000667,6.7248263,fixed,fixed
50685,60,4.951692,0.0,-0.3888522,-0.6386665,1,[np.float32(5.2083592)],[np.float32(0.00079978665)],0.00079978665,5.2083592,fixed,fixed
50685,75,5.0934668,0.0,-0.4047962,-0.5496383,1,[np.float32(5.0934668)],[np.float32(0.00053333334)],0.00053333334,6.5241694,fixed,fixed
50685,96,7.5358305,0.0,-0.29678598,-0.7470538,1,[np.float32(5.0934668)],[np.float32(0.0001333867)],0.0001333867,5.0934668,fixed,fixed
50685,97,6.214031,0.0,-0.48050475,-0.84472907,1,[np.float32(5.0934668)],[np.float32(0.0007332311)],0.0007332311,5.0934668,fixed,fixed
50685,99,6.214031,0.0,-0.48052198,-0.853731,1,[np.float32(7.5358305)],[np.float32(6.66978e-05)],6.66978e-05,4.5525913,fixed,fixed
50685,100,8.228977,0.0,-0.18147062,-1.2567202,1,[np.float32(7.5358305)],[np.float32(6.66978e-05)],6.66978e-05,6.088874,fixed,fixed
50685,101,6.842684,0.0,-0.40314013,-1.148921,1,[np.float32(7.5358305)],[np.float32(0.0001333867)],0.0001333867,6.088874,fixed,fixed
50685,103,7.1303654,0.0,-0.36036608,-0.8090847,1,[np.float32(5.0934668)],[np.float32(0.00026673783)],0.00026673783,5.0934668,fixed,fixed
50685,104,5.5545464,0.0,-0.45272678,-0.350797,1,[np.float32(5.0934668)],[np.float32(0.0001333867)],0.0001333867,5.0934668,fixed,fixed
50685,105,6.088874,0.0,-0.480997,-0.60078645,1,[np.float32(5.0934668)],[np.float32(0.00026673783)],0.00026673783,4.5525913,fixed,fixed
50685,107,5.284512,0.0,-0.42512876,-0.43991408,1,[np.float32(5.0934668)],[np.float32(0.00026673783)],0.00026673783,6.088874,fixed,fixed
50685,126,7.5358305,0.0,-0.296761,-1.1180909,1,[np.float32(7.5358305)],[np.float32(6.66978e-05)],6.66978e-05,5.4253707,fixed,fixed
50685,127,6.842684,0.0,-0.40314013,-0.8561001,1,[np.float32(5.877573)],[np.float32(0.0002000667)],0.0002000667,6.088874,fixed,fixed
50685,129,5.877573,0.0,-0.47570693,-0.7864393,2,"[np.float32(7.5358305), np.float32(5.877573)]","[np.float32(6.66978e-05), np.float32(6.66978e-05)]",6.66978e-05,6.7248263,fixed,fixed
50685,135,5.877573,0.0,-0.47567457,-0.41540232,1,[np.float32(5.0934668)],[np.float32(0.0001333867)],0.0001333867,6.7248263,fixed,fixed
50685,145,7.5358305,0.0,-0.29673246,-0.76500523,1,[np.float32(5.877573)],[np.float32(6.66978e-05)],6.66978e-05,5.4253707,fixed,fixed
50685,148,5.877573,0.0,-0.47572106,-0.43335372,1,[np.float32(5.877573)],[np.float32(6.66978e-05)],6.66978e-05,6.7248263,fixed,fixed
50685,156,5.786329,0.0,-0.46994287,-0.6448291,1,[np.float32(5.877573)],[np.float32(0.0002000667)],0.0002000667,6.088874,fixed,fixed
50685,157,7.5358305,0.0,-0.29679036,-0.76500523,1,[np.float32(5.877573)],[np.float32(6.66978e-05)],6.66978e-05,6.842684,fixed,fixed
50685,161,5.877573,0.0,-0.47569308,-0.43335372,1,[np.float32(5.877573)],[np.float32(6.66978e-05)],6.66978e-05,6.7248263,fixed,fixed
50685,162,5.5545464,0.0,-0.45275778,-0.5695127,1,[np.float32(6.842684)],[np.float32(6.66978e-05)],6.66978e-05,5.877573,fixed,fixed
50685,163,7.5358305,0.0,-0.29680303,-1.1181976,1,[np.float32(6.842684)],[np.float32(0.0001333867)],0.0001333867,6.842684,fixed,fixed
50685,172,5.0934668,0.0,-0.40473166,-0.42566094,1,[np.float32(5.2083592)],[np.float32(0.00026673783)],0.00026673783,4.5525913,fixed,fixed
50685,179,5.184434,0.0,-0.4142617,-0.5930103,1,[np.float32(5.2083592)],[np.float32(0.00053333334)],0.00053333334,5.0099363,fixed,fixed
50685,182,5.877573,0.0,-0.47570583,-0.43335372,1,[np.float32(5.877573)],[np.float32(6.66978e-05)],6.66978e-05,6.7248263,fixed,fixed
50685,184,5.4253707,0.0,-0.44009236,-0.54367757,1,[np.float32(6.842684)],[np.float32(6.66978e-05)],6.66978e-05,5.184434,fixed,fixed
50685,185,5.877573,0.0,-0.47565696,-0.8824607,1,[np.float32(6.842684)],[np.float32(0.0002000667)],0.0002000667,6.7248263,fixed,fixed
50685,197,6.7248263,0.0,-0.42032382,-0.90187836,1,[np.float32(5.0934668)],[np.float32(0.00060000445)],0.00060000445,5.0934668,fixed,fixed
50685,198,5.5545464,0.0,-0.4526419,-0.49392095,1,[np.float32(5.0934668)],[np.float32(0.00026673783)],0.00026673783,5.0934668,fixed,fixed
50685,205,5.184434,0.0,-0.41447636,-0.41989845,1,[np.float32(5.0934668)],[np.float32(0.00026673783)],0.00026673783,5.877573,fixed,fixed
50685,208,7.5358305,0.0,-0.2969852,-0.8901777,1,[np.float32(5.0934668)],[np.float32(0.00026673783)],0.00026673783,5.0934668,fixed,fixed
50685,209,5.4253707,0.0,-0.44006646,-0.32496184,1,[np.float32(5.0934668)],[np.float32(0.0001333867)],0.0001333867,5.184434,fixed,fixed
50685,215,7.5358305,0.0,-0.29684278,-0.7470538,1,[np.float32(5.0934668)],[np.float32(0.0001333867)],0.0001333867,5.0934668,fixed,fixed
50685,216,6.214031,0.0,-0.4806057,-0.71150875,1,[np.float32(5.0934668)],[np.float32(0.00040005337)],0.00040005337,5.0934668,fixed,fixed
50685,217,7.5358305,0.0,-0.29679194,-0.76500523,1,[np.float32(5.877573)],[np.float32(6.66978e-05)],6.66978e-05,6.842684,fixed,fixed
50685,221,5.0934668,0.0,-0.40460333,-0.5496383,1,[np.float32(5.0934668)],[np.float32(0.00053333334)],0.00053333334,6.214031,fixed,fixed
50685,222,7.1303654,0.0,-0.36036602,-0.8090847,1,[np.float32(5.0934668)],[np.float32(0.00026673783)],0.00026673783,5.0934668,fixed,fixed
50685,239,6.7248263,0.0,-0.42025742,-1.0856797,1,[np.float32(5.877573)],[np.float32(0.00060000445)],0.00060000445,5.877573,fixed,fixed
50685,241,5.786329,0.0,-0.46993998,-0.6448291,1,[np.float32(5.877573)],[np.float32(0.0002000667)],0.0002000667,5.877573,fixed,fixed
50685,243,7.5358305,0.0,-0.29676318,-0.76500523,1,[np.float32(5.877573)],[np.float32(6.66978e-05)],6.66978e-05,5.4253707,fixed,fixed
50685,244,6.842684,0.0,-0.40322456,-0.8561001,1,[np.float32(5.877573)],[np.float32(0.0002000667)],0.0002000667,5.877573,fixed,fixed
50685,323,6.842684,0.0,-0.4031463,-0.8561001,1,[np.float32(5.877573)],[np.float32(0.0002000667)],0.0002000667,5.877573,fixed,fixed
50685,327,7.5358305,0.0,-0.29678592,-0.76500523,1,[np.float32(5.877573)],[np.float32(6.66978e-05)],6.66978e-05,5.0934668,fixed,fixed
50685,328,6.357125,0.0,-0.46895987,-0.5292641,1,[np.float32(5.877573)],[np.float32(6.66978e-05)],6.66978e-05,5.0934668,fixed,fixed
50685,337,7.5358305,0.0,-0.29673877,-0.76500523,1,[np.float32(5.877573)],[np.float32(6.66978e-05)],6.66978e-05,6.842684,fixed,fixed
50685,350,4.45615,0.0,-0.33330822,-0.29263693,1,[np.float32(5.877573)],[np.float32(0.0001333867)],0.0001333867,6.214031,fixed,fixed
50685,358,5.877573,1.0,-0.9976163,-1.1755139,1,[np.float32(6.9761195)],[np.float32(0.00046674226)],0.00046674226,6.9761195,fixed,fixed
50685,359,5.4253707,0.0,-0.44008118,-0.57263744,1,[np.float32(5.877573)],[np.float32(0.0002000667)],0.0002000667,5.877573,fixed,fixed
50685,364,6.088874,0.0,-0.4810005,-0.4756139,1,[np.float32(5.877573)],[np.float32(6.66978e-05)],6.66978e-05,6.7248263,fixed,fixed
50685,420,4.951692,0.0,-0.38903433,-0.6325392,1,[np.float32(5.877573)],[np.float32(0.00040005337)],0.00040005337,5.487917,fixed,fixed
50685,427,6.9761195,1.0,-0.9967088,-1.0739117,1,[np.float32(5.877573)],[np.float32(0.00046674226)],0.00046674226,5.877573,fixed,fixed
50685,428,4.8111362,0.0,-0.37347493,-0.60442805,1,[np.float32(5.877573)],[np.float32(0.00040005337)],0.00040005337,4.5525913,fixed,fixed
50685,430,4.8111362,0.0,-0.37362155,-0.36363417,1,[np.float32(5.877573)],[np.float32(0.0001333867)],0.0001333867,4.8111362,fixed,fixed
65454,43,6.088874,0.0,-0.48099405,-0.68580556,1,[np.float32(5.786329)],[np.float32(0.0002000667)],0.0002000667,6.7248263,fixed,unchanged
65454,92,6.842684,0.0,-0.40314642,-0.6077555,1,[np.float32(5.786329)],[np.float32(6.66978e-05)],6.66978e-05,5.877573,fixed,unchanged
65454,93,7.5358305,0.0,-0.29673502,-0.8895075,1,[np.float32(5.786329)],[np.float32(0.0001333867)],0.0001333867,5.786329,fixed,unchanged
65454,118,6.842684,0.0,-0.40314642,-0.6077555,1,[np.float32(5.786329)],[np.float32(6.66978e-05)],6.66978e-05,5.877573,fixed,unchanged
65454,122,5.877573,0.0,-0.47571725,-0.6435454,1,[np.float32(5.786329)],[np.float32(0.0002000667)],0.0002000667,6.7248263,fixed,unchanged
65454,180,5.0934668,0.0,-0.40478095,-0.5496383,1,[np.float32(5.0934668)],[np.float32(0.00053333334)],0.00053333334,6.214031,fixed,unchanged
65454,192,5.184434,0.0,-0.41455448,-0.41989845,1,[np.float32(5.0934668)],[np.float32(0.00026673783)],0.00026673783,5.877573,fixed,unchanged
65454,267,6.214031,0.0,-0.48051235,-0.71150875,1,[np.float32(5.0934668)],[np.float32(0.00040005337)],0.00040005337,5.0934668,fixed,unchanged
65454,269,7.5358305,0.0,-0.29678696,-0.7470538,1,[np.float32(5.0934668)],[np.float32(0.0001333867)],0.0001333867,5.0934668,fixed,unchanged
65454,291,5.877573,0.0,-0.4757189,-0.41540232,1,[np.float32(5.0934668)],[np.float32(0.0001333867)],0.0001333867,6.7248263,fixed,unchanged
65454,297,5.4253707,0.0,-0.44006652,-0.32496184,1,[np.float32(5.0934668)],[np.float32(0.0001333867)],0.0001333867,5.184434,fixed,unchanged
65454,300,7.1303654,0.0,-0.36036596,-0.8090847,1,[np.float32(5.0934668)],[np.float32(0.00026673783)],0.00026673783,5.0934668,fixed,unchanged
65454,301,7.5358305,0.0,-0.29698518,-0.8901777,1,[np.float32(5.0934668)],[np.float32(0.00026673783)],0.00026673783,5.0934668,fixed,unchanged
65454,302,5.5545464,0.0,-0.4526419,-0.49392095,1,[np.float32(5.0934668)],[np.float32(0.00026673783)],0.00026673783,5.0934668,fixed,unchanged
65454,333,5.0934668,0.0,-0.40481156,-0.6375598,1,[np.float32(5.487917)],[np.float32(0.00053333334)],0.00053333334,4.5525913,fixed,unchanged
65454,338,4.5525913,0.0,-0.34447664,-0.6258658,1,[np.float32(5.487917)],[np.float32(0.00079978665)],0.00079978665,6.088874,fixed,unchanged
65454,350,4.45615,0.0,-0.33330822,-0.21594939,1,[np.float32(4.8111362)],[np.float32(0.00026673783)],0.00026673783,6.214031,fixed,unchanged
65454,358,5.877573,0.0,-0.47571835,-0.35824347,1,[np.float32(4.8111362)],[np.float32(0.0001333867)],0.0001333867,6.9761195,fixed,unchanged
65454,368,5.284512,0.0,-0.4252271,-0.43991408,1,[np.float32(5.0934668)],[np.float32(0.00026673783)],0.00026673783,6.088874,fixed,unchanged
65454,376,5.877573,0.0,-0.47569847,-0.58474547,1,[np.float32(4.8111362)],[np.float32(0.00040005337)],0.00040005337,6.9761195,fixed,unchanged
65454,379,6.214031,0.0,-0.48069736,-0.84472907,1,[np.float32(5.0934668)],[np.float32(0.0007332311)],0.0007332311,5.0934668,fixed,unchanged
65454,381,7.5358305,0.0,-0.29684383,-0.7470538,1,[np.float32(5.0934668)],[np.float32(0.0001333867)],0.0001333867,5.0934668,fixed,unchanged
65454,389,5.877573,0.0,-0.47571856,-0.35824347,1,[np.float32(4.8111362)],[np.float32(0.0001333867)],0.0001333867,4.411208,fixed,unchanged
65454,398,6.7248263,0.0,-0.4203238,-0.90187836,1,[np.float32(5.0934668)],[np.float32(0.00060000445)],0.00060000445,5.0934668,fixed,unchanged
65454,401,5.5545464,0.0,-0.45272678,-0.350797,1,[np.float32(5.0934668)],[np.float32(0.0001333867)],0.0001333867,5.0934668,fixed,unchanged
65454,402,6.088874,0.0,-0.48100662,-0.60078645,1,[np.float32(5.0934668)],[np.float32(0.00026673783)],0.00026673783,4.5525913,fixed,unchanged
65454,403,6.088874,0.0,-0.48100504,-0.4576625,1,[np.float32(5.0934668)],[np.float32(0.0001333867)],0.0001333867,6.7248263,fixed,unchanged
65454,405,5.0934668,0.0,-0.4045627,-0.5496383,1,[np.float32(5.0934668)],[np.float32(0.00053333334)],0.00053333334,6.5241694,fixed,unchanged
65454,407,5.877573,0.0,-0.4757271,-0.58474547,1,[np.float32(4.8111362)],[np.float32(0.00040005337)],0.00040005337,6.9761195,fixed,unchanged
65454,412,7.1303654,0.0,-0.36036596,-0.8090847,1,[np.float32(5.0934668)],[np.float32(0.00026673783)],0.00026673783,5.0934668,fixed,unchanged
65454,428,4.8111362,0.0,-0.37364107,-0.7513693,3,"[np.float32(4.8111362), np.float32(5.487917), np.float32(6.18106)]","[np.float32(0.00053333334), np.float32(0.00026673783), np.float32(0.00053333334)]",0.00053333334,4.5525913,fixed,unchanged
65454,433,7.5358305,0.0,-0.29694843,-0.689895,1,[np.float32(4.8111362)],[np.float32(0.0001333867)],0.0001333867,4.8111362,fixed,unchanged
65454,436,6.088874,0.0,-0.48097938,-0.6837235,1,[np.float32(5.487917)],[np.float32(0.00026673783)],0.00026673783,4.5525913,fixed,unchanged
65454,445,4.5525913,0.0,-0.34430772,-0.38076344,2,"[np.float32(5.0934668), np.float32(4.8111362)]","[np.float32(0.00026673783), np.float32(0.00053333334)]",0.00053333334,6.088874,fixed,unchanged
65454,448,7.5358305,0.0,-0.29701078,-0.8318855,1,[np.float32(4.8111362)],[np.float32(0.00026673783)],0.00026673783,4.8111362,fixed,unchanged
65454,449,5.786329,0.0,-0.46986368,-0.48198515,1,[np.float32(4.8111362)],[np.float32(0.00026673783)],0.00026673783,4.8111362,fixed,unchanged
65454,450,6.842684,0.0,-0.4033557,-0.69325614,1,[np.float32(4.8111362)],[np.float32(0.00026673783)],0.00026673783,4.8111362,fixed,unchanged
65454,452,4.8111362,0.0,-0.37351173,-0.28694662,1,[np.float32(4.8111362)],[np.float32(0.00026673783)],0.00026673783,4.411208,fixed,unchanged
65454,454,7.5358305,0.0,-0.29694843,-0.689895,1,[np.float32(4.8111362)],[np.float32(0.0001333867)],0.0001333867,4.8111362,fixed,unchanged
65454,460,5.786329,0.0,-0.4699081,-0.3399946,1,[np.float32(4.8111362)],[np.float32(0.0001333867)],0.0001333867,4.5525913,fixed,unchanged
65454,461,6.842684,0.0,-0.40331376,-0.5512656,1,[np.float32(4.8111362)],[np.float32(0.0001333867)],0.0001333867,4.5525913,fixed,unchanged
65454,465,7.5358305,0.0,-0.29701078,-0.8318855,1,[np.float32(4.8111362)],[np.float32(0.00026673783)],0.00026673783,4.8111362,fixed,unchanged
65454,490,6.18106,0.0,-0.48122662,-0.70645714,1,[np.float32(4.8111362)],[np.float32(0.00053333334)],0.00053333334,4.8111362,fixed,unchanged
133545,59,6.088874,0.0,-0.48099405,-0.68580556,1,[np.float32(5.786329)],[np.float32(0.0002000667)],0.0002000667,6.7248263,fixed,fixed
133545,122,5.877573,0.0,-0.47571725,-0.8824607,1,[np.float32(6.842684)],[np.float32(0.0002000667)],0.0002000667,6.7248263,fixed,fixed
133545,132,6.842684,0.0,-0.4031464,-0.6077555,1,[np.float32(5.786329)],[np.float32(6.66978e-05)],6.66978e-05,5.877573,fixed,fixed
133545,133,7.5358305,0.0,-0.29673502,-0.8895075,1,[np.float32(5.786329)],[np.float32(0.0001333867)],0.0001333867,5.786329,fixed,fixed
133545,151,6.357125,0.0,-0.46888548,-0.74012744,1,[np.float32(5.0934668)],[np.float32(0.00040005337)],0.00040005337,5.0934668,fixed,fixed
133545,152,6.842684,0.0,-0.40314642,-0.6077555,1,[np.float32(5.786329)],[np.float32(6.66978e-05)],6.66978e-05,5.877573,fixed,fixed
133545,153,7.5358305,0.0,-0.29673502,-0.7470538,1,[np.float32(5.0934668)],[np.float32(0.0001333867)],0.0001333867,5.0934668,fixed,fixed
133545,155,5.877573,0.0,-0.4757208,-0.6435454,1,[np.float32(5.786329)],[np.float32(0.0002000667)],0.0002000667,6.7248263,fixed,fixed
133545,172,5.0934668,0.0,-0.40483937,-0.5496383,1,[np.float32(5.0934668)],[np.float32(0.00053333334)],0.00053333334,4.5525913,fixed,fixed
133545,177,5.877573,0.0,-0.47571895,-0.41540232,1,[np.float32(5.0934668)],[np.float32(0.0001333867)],0.0001333867,6.7248263,fixed,fixed
133545,179,5.184434,0.0,-0.41447502,-0.41989845,1,[np.float32(5.0934668)],[np.float32(0.00026673783)],0.00026673783,5.0099363,fixed,fixed
133545,182,5.877573,0.0,-0.47572637,-1.1755139,1,[np.float32(6.7248263)],[np.float32(0.00060000445)],0.00060000445,6.7248263,fixed,fixed
133545,184,5.4253707,0.0,-0.44006643,-0.32496184,1,[np.float32(5.0934668)],[np.float32(0.0001333867)],0.0001333867,5.184434,fixed,fixed
133545,188,7.1303654,0.0,-0.3603662,-0.8090847,1,[np.float32(5.0934668)],[np.float32(0.00026673783)],0.00026673783,5.0934668,fixed,fixed
133545,189,7.5358305,0.0,-0.29698518,-0.8901777,1,[np.float32(5.0934668)],[np.float32(0.00026673783)],0.00026673783,5.0934668,fixed,fixed
133545,190,5.5545464,0.0,-0.4526419,-0.49392095,1,[np.float32(5.0934668)],[np.float32(0.00026673783)],0.00026673783,5.0934668,fixed,fixed
133545,209,5.4253707,0.0,-0.44009247,-0.54367757,1,[np.float32(6.842684)],[np.float32(6.66978e-05)],6.66978e-05,5.184434,fixed,fixed
133545,210,7.5358305,0.0,-0.29679927,-1.1181976,1,[np.float32(6.842684)],[np.float32(0.0001333867)],0.0001333867,6.842684,fixed,fixed
133545,224,6.088874,0.0,-0.48098314,-0.8152388,1,[np.float32(6.088874)],[np.float32(0.00026673783)],0.00026673783,5.284512,fixed,fixed
133545,226,5.284512,0.0,-0.42529365,-0.9614452,2,"[np.float32(6.088874), np.float32(4.5525913)]","[np.float32(0.0008664222), np.float32(0.00053333334)]",0.0008664222,6.088874,fixed,fixed
133545,235,5.5545464,0.0,-0.45275778,-0.5695127,1,[np.float32(6.842684)],[np.float32(6.66978e-05)],6.66978e-05,5.877573,fixed,fixed
133545,240,5.877573,0.0,-0.47565576,-0.8824607,1,[np.float32(6.842684)],[np.float32(0.0002000667)],0.0002000667,6.7248263,fixed,fixed
133545,256,5.284512,0.0,-0.4252038,-0.43991408,1,[np.float32(5.0934668)],[np.float32(0.00026673783)],0.00026673783,6.088874,fixed,fixed
133545,267,6.214031,0.0,-0.48069736,-0.84472907,1,[np.float32(5.0934668)],[np.float32(0.0007332311)],0.0007332311,5.0934668,fixed,fixed
133545,269,7.5358305,0.0,-0.29684383,-0.7470538,1,[np.float32(5.0934668)],[np.float32(0.0001333867)],0.0001333867,5.0934668,fixed,fixed
133545,281,5.0934668,0.0,-0.40479508,-0.29064113,1,[np.float32(4.5525913)],[np.float32(0.00026673783)],0.00026673783,6.214031,fixed,fixed
133545,286,6.7248263,0.0,-0.4203238,-0.90187836,1,[np.float32(5.0934668)],[np.float32(0.00060000445)],0.00060000445,5.0934668,fixed,fixed
133545,289,5.5545464,0.0,-0.45272678,-0.350797,1,[np.float32(5.0934668)],[np.float32(0.0001333867)],0.0001333867,5.0934668,fixed,fixed
133545,290,6.088874,0.0,-0.48100662,-0.60078645,1,[np.float32(5.0934668)],[np.float32(0.00026673783)],0.00026673783,5.284512,fixed,fixed
133545,291,5.877573,0.0,-0.475678,-0.41540232,1,[np.float32(5.0934668)],[np.float32(0.0001333867)],0.0001333867,6.7248263,fixed,fixed
133545,293,5.0934668,0.0,-0.4045597,-0.5496383,1,[np.float32(5.0934668)],[np.float32(0.00053333334)],0.00053333334,6.214031,fixed,fixed
133545,300,7.1303654,0.0,-0.36036596,-0.8090847,1,[np.float32(5.0934668)],[np.float32(0.00026673783)],0.00026673783,5.0934668,fixed,fixed
133545,330,6.214031,0.0,-0.4805098,-0.5984612,1,[np.float32(4.5525913)],[np.float32(0.00040005337)],0.00040005337,5.284512,fixed,fixed
133545,333,5.0934668,0.0,-0.40481156,-0.61615735,2,"[np.float32(6.088874), np.float32(4.5525913)]","[np.float32(0.00026673783), np.float32(0.00079978665)]",0.00079978665,4.5525913,fixed,fixed
133545,336,6.088874,1.0,-0.9974663,-0.6336149,1,[np.float32(4.5525913)],[np.float32(0.00053333334)],0.00053333334,5.284512,fixed,fixed
133545,338,4.5525913,1.0,-0.9978016,-0.6752305,1,[np.float32(6.088874)],[np.float32(0.00053333334)],0.00053333334,6.088874,fixed,fixed
133545,339,6.088501,0.0,-0.48099744,-0.34843796,1,[np.float32(4.5525913)],[np.float32(0.0001333867)],0.0001333867,4.5525913,fixed,fixed
133545,340,7.5358305,0.0,-0.2970102,-0.7791139,1,[np.float32(4.5525913)],[np.float32(0.00026673783)],0.00026673783,4.5525913,fixed,fixed
133545,365,5.786329,0.0,-0.4699218,-0.28800353,1,[np.float32(4.5525913)],[np.float32(0.0001333867)],0.0001333867,5.0934668,fixed,fixed
133545,368,5.284512,0.0,-0.4252271,-0.43991408,1,[np.float32(5.0934668)],[np.float32(0.00026673783)],0.00026673783,6.088874,fixed,fixed
133545,421,5.4253707,0.0,-0.43993077,-0.3570219,1,[np.float32(4.5525913)],[np.float32(0.00026673783)],0.00026673783,5.0934668,fixed,fixed
133545,428,4.8111362,0.0,-0.37341976,-0.3780674,1,[np.float32(4.5525913)],[np.float32(0.00053333334)],0.00053333334,4.5525913,fixed,fixed
133545,435,6.842684,0.0,-0.40330863,-0.49927455,1,[np.float32(4.5525913)],[np.float32(0.0001333867)],0.0001333867,4.8111362,fixed,fixed
133545,436,6.088874,0.0,-0.4810674,-0.8152388,2,"[np.float32(6.088874), np.float32(4.5525913)]","[np.float32(0.00026673783), np.float32(0.0008664222)]",0.0008664222,4.5525913,fixed,fixed
133545,437,5.487917,0.0,-0.44620806,-0.5999218,1,[np.float32(4.5525913)],[np.float32(0.00079978665)],0.00079978665,4.5525913,fixed,fixed
133545,438,6.214031,0.0,-0.48074862,-0.7625388,1,[np.float32(4.5525913)],[np.float32(0.0008664222)],0.0008664222,4.5525913,fixed,fixed
133545,439,8.228977,0.0,-0.18166718,-0.77653325,1,[np.float32(4.5525913)],[np.float32(0.0001333867)],0.0001333867,4.5525913,fixed,fixed
150310,12,4.411208,0.0,-0.32775834,-0.206961,1,[np.float32(4.8111362)],[np.float32(0.00026673783)],0.00026673783,6.214031,broken,broken
150310,25,5.2083592,0.0,-0.41708148,-0.36639124,1,[np.float32(4.8111362)],[np.float32(0.00026673783)],0.00026673783,4.5525913,broken,broken
150310,26,5.901499,0.0,-0.4767239,-0.65054494,1,[np.float32(4.8111362)],[np.float32(0.00053333334)],0.00053333334,4.8111362,broken,broken
150310,28,6.842684,0.0,-0.40330163,-0.69325614,1,[np.float32(4.8111362)],[np.float32(0.00026673783)],0.00026673783,4.8111362,broken,broken
150310,30,4.5525913,0.0,-0.34408355,-0.48351043,2,"[np.float32(4.8111362), np.float32(5.284512)]","[np.float32(0.00053333334), np.float32(0.00053333334)]",0.00053333334,6.214031,broken,broken
150310,31,8.228977,0.0,-0.1816671,-0.8285243,1,[np.float32(4.8111362)],[np.float32(0.0001333867)],0.0001333867,4.8111362,broken,broken
150310,32,5.977319,0.0,-0.47901917,-0.3781926,1,[np.float32(4.8111362)],[np.float32(0.0001333867)],0.0001333867,4.8111362,broken,broken
150310,40,4.8111362,0.0,-0.3734037,-0.60442805,2,"[np.float32(4.8111362), np.float32(5.877573)]","[np.float32(0.00053333334), np.float32(0.00040005337)]",0.00053333334,4.8111362,broken,broken
150310,42,6.842684,0.0,-0.4032889,-0.5512656,1,[np.float32(4.8111362)],[np.float32(0.0001333867)],0.0001333867,4.8111362,broken,broken
150310,43,6.088874,0.0,-0.48099405,-0.4756139,1,[np.float32(5.877573)],[np.float32(6.66978e-05)],6.66978e-05,6.7248263,broken,broken
150310,44,7.5358305,0.0,-0.29700518,-0.8318855,1,[np.float32(4.8111362)],[np.float32(0.00026673783)],0.00026673783,4.8111362,broken,broken
150310,45,5.786329,0.0,-0.46991283,-0.3399946,1,[np.float32(4.8111362)],[np.float32(0.0001333867)],0.0001333867,4.8111362,broken,broken
150310,46,7.5358305,0.0,-0.29700518,-0.8318855,1,[np.float32(4.8111362)],[np.float32(0.00026673783)],0.00026673783,4.8111362,broken,broken
150310,48,4.5525913,0.0,-0.34430754,-0.48351043,2,"[np.float32(5.284512), np.float32(5.877573)]","[np.float32(0.00053333334), np.float32(0.0001333867)]",0.00053333334,6.088874,broken,broken
150310,57,4.45615,0.0,-0.33315057,-0.5334308,2,"[np.float32(5.284512), np.float32(5.877573)]","[np.float32(0.00026673783), np.float32(0.00040005337)]",0.00040005337,6.214031,broken,broken
150310,59,6.088874,0.0,-0.48099405,-0.4756139,1,[np.float32(5.877573)],[np.float32(6.66978e-05)],6.66978e-05,6.7248263,broken,broken
150310,60,4.951692,0.0,-0.38907084,-0.3150578,1,[np.float32(4.8111362)],[np.float32(0.00026673783)],0.00026673783,5.2083592,broken,broken
150310,99,6.214031,0.0,-0.48052198,-0.75246465,1,[np.float32(5.284512)],[np.float32(0.00040005337)],0.00040005337,4.5525913,broken,broken
150310,102,5.0934668,0.0,-0.40480036,-0.44162473,1,[np.float32(5.284512)],[np.float32(0.00026673783)],0.00026673783,6.214031,broken,broken
150310,105,6.088874,0.0,-0.48097622,-0.79076695,1,[np.float32(5.284512)],[np.float32(0.00053333334)],0.00053333334,4.5525913,broken,broken
150310,108,6.088501,0.0,-0.4809984,-0.49652252,1,[np.float32(5.284512)],[np.float32(0.0001333867)],0.0001333867,5.284512,broken,broken
150310,109,7.5358305,0.0,-0.29699254,-0.93009746,1,[np.float32(5.284512)],[np.float32(0.00026673783)],0.00026673783,5.284512,broken,broken
150310,113,5.877573,0.0,-0.4755346,-0.58474547,1,[np.float32(4.8111362)],[np.float32(0.00040005337)],0.00040005337,4.411208,broken,broken
150310,128,6.9761195,0.0,-0.38363707,-1.0739117,1,[np.float32(5.877573)],[np.float32(0.00046674226)],0.00046674226,5.877573,broken,broken
150310,130,5.4253707,0.0,-0.44008118,-0.57263744,1,[np.float32(5.877573)],[np.float32(0.0002000667)],0.0002000667,5.877573,broken,broken
150310,131,7.5358305,0.0,-0.29677817,-0.76500523,1,[np.float32(5.877573)],[np.float32(6.66978e-05)],6.66978e-05,6.842684,broken,broken
150310,132,6.842684,0.0,-0.4032246,-0.8561001,1,[np.float32(5.877573)],[np.float32(0.0002000667)],0.0002000667,5.877573,broken,broken
150310,133,7.5358305,0.0,-0.29676345,-0.76500523,1,[np.float32(5.877573)],[np.float32(6.66978e-05)],6.66978e-05,5.786329,broken,broken
150310,135,5.877573,0.0,-0.47571552,-0.8824607,1,[np.float32(6.842684)],[np.float32(0.0002000667)],0.0002000667,6.7248263,broken,broken
150310,136,5.786329,0.0,-0.469914,-0.4360881,1,[np.float32(5.284512)],[np.float32(0.0001333867)],0.0001333867,4.45615,broken,broken
150310,139,6.214031,0.0,-0.48056373,-0.4255351,1,[np.float32(4.8111362)],[np.float32(0.0001333867)],0.0001333867,4.5525913,broken,broken
150310,144,5.877573,0.0,-0.4755268,-0.58474547,1,[np.float32(4.8111362)],[np.float32(0.00040005337)],0.00040005337,6.9761195,broken,broken
150310,172,5.0934668,0.0,-0.40473172,-0.44162473,2,"[np.float32(4.8111362), np.float32(5.284512)]","[np.float32(0.00026673783), np.float32(0.00026673783)]",0.00026673783,4.5525913,broken,broken
150310,174,6.214031,0.0,-0.48050725,-0.8885271,1,[np.float32(5.284512)],[np.float32(0.0007332311)],0.0007332311,5.284512,broken,broken
150310,176,6.088874,0.0,-0.48098192,-0.90315497,1,[np.float32(5.284512)],[np.float32(0.0008664222)],0.0008664222,5.284512,broken,broken
150310,180,5.0934668,0.0,-0.40478095,-0.44162473,1,[np.float32(5.284512)],[np.float32(0.00026673783)],0.00026673783,6.214031,broken,broken
150310,218,6.214031,0.0,-0.48069474,-0.8885271,1,[np.float32(5.284512)],[np.float32(0.0007332311)],0.0007332311,5.284512,broken,broken
150310,221,5.0934668,0.0,-0.40471092,-0.44162473,1,[np.float32(5.284512)],[np.float32(0.00026673783)],0.00026673783,6.214031,broken,broken
150310,223,5.5545464,0.0,-0.45275247,-0.5695127,1,[np.float32(6.842684)],[np.float32(6.66978e-05)],6.66978e-05,5.0934668,broken,broken
150310,224,6.088874,0.0,-0.48105046,-0.90315497,1,[np.float32(5.284512)],[np.float32(0.0008664222)],0.0008664222,5.284512,broken,broken
150310,225,7.5358305,0.0,-0.29679564,-1.1181976,1,[np.float32(6.842684)],[np.float32(0.0001333867)],0.0001333867,6.842684,broken,broken
150310,226,5.284512,0.0,-0.4250828,-0.6298946,1,[np.float32(5.284512)],[np.float32(0.00053333334)],0.00053333334,6.088874,broken,broken
150310,238,5.0934668,0.0,-0.40481293,-0.44162473,1,[np.float32(5.284512)],[np.float32(0.00026673783)],0.00026673783,6.214031,broken,broken
150310,247,5.4253707,0.0,-0.44013306,-0.54367757,1,[np.float32(6.842684)],[np.float32(6.66978e-05)],6.66978e-05,5.877573,broken,broken
150310,252,5.877573,0.0,-0.475654,-0.8824607,1,[np.float32(6.842684)],[np.float32(0.0002000667)],0.0002000667,6.7248263,broken,broken
150310,256,5.284512,1.0,-0.99783796,-0.5027507,1,[np.float32(6.088501)],[np.float32(0.0001333867)],0.0001333867,6.088874,broken,broken
150310,259,5.786329,0.0,-0.46993664,-0.4360881,1,[np.float32(5.284512)],[np.float32(0.0001333867)],0.0001333867,5.0934668,broken,broken
150310,260,7.5358305,0.0,-0.296979,-0.93009746,1,[np.float32(5.284512)],[np.float32(0.00026673783)],0.00026673783,5.284512,broken,broken
150310,285,6.088501,1.0,-0.9974865,-0.49652252,1,[np.float32(5.284512)],[np.float32(0.0001333867)],0.0001333867,5.284512,broken,broken
150310,288,6.214031,0.0,-0.48060223,-0.75246465,1,[np.float32(5.284512)],[np.float32(0.00040005337)],0.00040005337,5.284512,broken,broken
150310,290,6.088874,0.0,-0.48102728,-0.79076695,1,[np.float32(5.284512)],[np.float32(0.00053333334)],0.00053333334,5.284512,broken,broken
150310,368,5.284512,0.0,-0.42512187,-0.6298946,1,[np.float32(5.284512)],[np.float32(0.00053333334)],0.00053333334,6.088874,broken,broken
150310,403,6.088874,0.0,-0.4809947,-0.60011613,1,[np.float32(5.786329)],[np.float32(0.0001333867)],0.0001333867,6.7248263,broken,broken
150310,430,4.8111362,0.0,-0.37367702,-0.34456858,1,[np.float32(5.786329)],[np.float32(0.0001333867)],0.0001333867,4.8111362,broken,broken
150310,445,4.5525913,0.0,-0.3446406,-0.44079003,1,[np.float32(5.786329)],[np.float32(0.00026673783)],0.00026673783,6.088874,broken,broken
167931,250,7.5358305,0.0,-0.29673496,-0.76500523,1,[np.float32(5.877573)],[np.float32(6.66978e-05)],6.66978e-05,5.786329,broken,broken
167931,268,6.842684,0.0,-0.4031463,-0.8561001,1,[np.float32(5.877573)],[np.float32(0.0002000667)],0.0002000667,5.877573,broken,broken
167931,271,5.877573,0.0,-0.4757208,-0.43335372,1,[np.float32(5.877573)],[np.float32(6.66978e-05)],6.66978e-05,6.7248263,broken,broken
167931,279,7.5358305,0.0,-0.29674616,-0.76500523,1,[np.float32(5.877573)],[np.float32(6.66978e-05)],6.66978e-05,6.842684,broken,broken
167931,291,5.877573,0.0,-0.4757189,-0.43335372,1,[np.float32(5.877573)],[np.float32(6.66978e-05)],6.66978e-05,6.7248263,broken,broken
167931,297,5.4253707,0.0,-0.4400405,-0.57263744,1,[np.float32(5.877573)],[np.float32(0.0002000667)],0.0002000667,5.184434,broken,broken
167931,298,5.877573,0.0,-0.4756979,-0.6435454,2,"[np.float32(5.877573), np.float32(5.786329)]","[np.float32(6.66978e-05), np.float32(0.0002000667)]",0.0002000667,6.7248263,broken,broken
167931,333,5.0934668,0.0,-0.40481156,-0.34341273,1,[np.float32(4.8111362)],[np.float32(0.00026673783)],0.00026673783,4.5525913,broken,broken
167931,338,4.5525913,0.0,-0.34447664,-0.38076344,1,[np.float32(4.8111362)],[np.float32(0.00053333334)],0.00053333334,6.088874,broken,broken
167931,358,5.877573,0.0,-0.47571835,-0.58474547,1,[np.float32(4.8111362)],[np.float32(0.00040005337)],0.00040005337,6.9761195,broken,broken
167931,361,6.842684,0.0,-0.4031463,-0.6077555,1,[np.float32(5.786329)],[np.float32(6.66978e-05)],6.66978e-05,5.877573,broken,broken
167931,362,7.5358305,0.0,-0.29673496,-0.8895075,1,[np.float32(5.786329)],[np.float32(0.0001333867)],0.0001333867,5.786329,broken,broken
167931,375,6.7248263,0.0,-0.42025742,-1.0856797,1,[np.float32(5.877573)],[np.float32(0.00060000445)],0.00060000445,5.877573,broken,broken
167931,377,5.4253707,0.0,-0.44008112,-0.57263744,1,[np.float32(5.877573)],[np.float32(0.0002000667)],0.0002000667,5.877573,broken,broken
167931,378,7.5358305,0.0,-0.29677814,-0.76500523,1,[np.float32(5.877573)],[np.float32(6.66978e-05)],6.66978e-05,6.842684,broken,broken
167931,379,6.214031,0.0,-0.48052922,-0.50064534,1,[np.float32(5.877573)],[np.float32(6.66978e-05)],6.66978e-05,5.0934668,broken,broken
167931,380,6.842684,0.0,-0.40322456,-0.8561001,2,"[np.float32(5.877573), np.float32(5.786329)]","[np.float32(0.0002000667), np.float32(6.66978e-05)]",0.0002000667,5.877573,broken,broken
167931,381,7.5358305,0.0,-0.2968154,-0.76500523,1,[np.float32(5.877573)],[np.float32(6.66978e-05)],6.66978e-05,5.0934668,broken,broken
167931,383,6.088874,0.0,-0.48099533,-0.68580556,1,[np.float32(5.786329)],[np.float32(0.0002000667)],0.0002000667,6.7248263,broken,broken
167931,389,5.877573,0.0,-0.47571856,-0.58474547,1,[np.float32(4.8111362)],[np.float32(0.00040005337)],0.00040005337,4.411208,broken,broken
167931,393,4.411208,0.0,-0.3279832,-0.206961,1,[np.float32(4.8111362)],[np.float32(0.00026673783)],0.00026673783,6.214031,broken,broken
167931,420,4.951692,0.0,-0.38919824,-0.3150578,1,[np.float32(4.8111362)],[np.float32(0.00026673783)],0.00026673783,5.487917,broken,broken
167931,430,4.8111362,0.0,-0.37345558,-0.9622265,2,"[np.float32(4.8111362), np.float32(7.5358305)]","[np.float32(0.00053333334), np.float32(0.00026673783)]",0.00053333334,4.8111362,broken,broken
167931,433,7.5358305,0.0,-0.29700527,-0.8318855,1,[np.float32(4.8111362)],[np.float32(0.00026673783)],0.00026673783,4.8111362,broken,broken
167931,434,5.977319,0.0,-0.47901917,-0.3781926,1,[np.float32(4.8111362)],[np.float32(0.0001333867)],0.0001333867,6.088874,broken,broken
167931,435,6.842684,0.0,-0.40336066,-0.69325614,1,[np.float32(4.8111362)],[np.float32(0.00026673783)],0.00026673783,4.8111362,broken,broken
167931,437,5.487917,0.0,-0.44641393,-0.42230278,1,[np.float32(4.8111362)],[np.float32(0.00026673783)],0.00026673783,4.5525913,broken,broken
167931,438,6.214031,0.0,-0.4805638,-0.4255351,1,[np.float32(4.8111362)],[np.float32(0.0001333867)],0.0001333867,4.5525913,broken,broken
167931,439,8.228977,0.0,-0.18166716,-0.8285243,1,[np.float32(4.8111362)],[np.float32(0.0001333867)],0.0001333867,4.5525913,broken,broken
167931,445,4.5525913,0.0,-0.34464058,-0.69090253,1,[np.float32(7.5358305)],[np.float32(0.0001333867)],0.0001333867,6.088874,broken,broken
167931,449,5.786329,0.0,-0.46991283,-0.3399946,1,[np.float32(4.8111362)],[np.float32(0.0001333867)],0.0001333867,4.8111362,broken,broken
167931,450,6.842684,0.0,-0.40330353,-0.5512656,1,[np.float32(4.8111362)],[np.float32(0.0001333867)],0.0001333867,4.8111362,broken,broken
167931,454,7.5358305,0.0,-0.29700524,-0.8318855,1,[np.float32(4.8111362)],[np.float32(0.00026673783)],0.00026673783,4.8111362,broken,broken
167931,492,6.18106,0.0,-0.48122662,-0.70645714,1,[np.float32(4.8111362)],[np.float32(0.00053333334)],0.00053333334,4.8111362,broken,broken
173821,101,6.842684,0.0,-0.40314013,-0.8561001,1,[np.float32(5.877573)],[np.float32(0.0002000667)],0.0002000667,6.088874,fixed,fixed
173821,102,5.0934668,0.0,-0.40480036,-0.7418235,2,"[np.float32(5.877573), np.float32(6.214031)]","[np.float32(0.0001333867), np.float32(0.00040005337)]",0.00040005337,6.214031,fixed,fixed
173821,126,7.5358305,0.0,-0.29673246,-0.76500523,1,[np.float32(5.877573)],[np.float32(6.66978e-05)],6.66978e-05,5.4253707,fixed,fixed
173821,129,5.877573,0.0,-0.47572747,-0.43335372,1,[np.float32(5.877573)],[np.float32(6.66978e-05)],6.66978e-05,6.7248263,fixed,fixed
173821,136,5.786329,0.0,-0.4698893,-0.6448291,1,[np.float32(5.877573)],[np.float32(0.0002000667)],0.0002000667,4.45615,fixed,fixed
173821,138,7.5358305,0.0,-0.29678586,-0.76500523,1,[np.float32(5.877573)],[np.float32(6.66978e-05)],6.66978e-05,6.842684,fixed,fixed
173821,161,5.877573,0.0,-0.47569308,-0.43335372,1,[np.float32(5.877573)],[np.float32(6.66978e-05)],6.66978e-05,6.7248263,fixed,fixed
173821,185,5.877573,0.0,-0.47571835,-0.7864393,1,[np.float32(7.5358305)],[np.float32(6.66978e-05)],6.66978e-05,6.7248263,fixed,fixed
173821,205,5.184434,0.0,-0.41458294,-0.5094659,1,[np.float32(6.214031)],[np.float32(0.0001333867)],0.0001333867,5.877573,fixed,fixed
173821,213,6.7248263,0.0,-0.42025742,-1.0856797,1,[np.float32(5.877573)],[np.float32(0.00060000445)],0.00060000445,5.877573,fixed,fixed
173821,214,5.977319,0.0,-0.47902435,-0.59687066,2,"[np.float32(5.877573), np.float32(6.214031)]","[np.float32(0.0001333867), np.float32(6.66978e-05)]",0.0001333867,5.877573,fixed,fixed
173821,217,7.5358305,0.0,-0.29679188,-0.83409786,1,[np.float32(6.214031)],[np.float32(6.66978e-05)],6.66978e-05,6.842684,fixed,fixed
173821,218,6.214031,0.0,-0.4805266,-0.50064534,1,[np.float32(5.877573)],[np.float32(6.66978e-05)],6.66978e-05,5.284512,fixed,fixed
173821,219,8.228977,0.0,-0.18150285,-0.90363455,1,[np.float32(5.877573)],[np.float32(6.66978e-05)],6.66978e-05,5.877573,fixed,fixed
173821,220,6.842684,0.0,-0.40322456,-0.8561001,1,[np.float32(5.877573)],[np.float32(0.0002000667)],0.0002000667,5.877573,fixed,fixed
173821,221,5.0934668,0.0,-0.40446857,-0.90978986,2,"[np.float32(5.877573), np.float32(6.214031)]","[np.float32(0.0001333867), np.float32(0.0007332311)]",0.0007332311,6.214031,fixed,fixed
173821,246,5.877573,0.0,-0.47570693,-0.5024463,1,[np.float32(6.214031)],[np.float32(6.66978e-05)],6.66978e-05,6.7248263,fixed,fixed
173821,249,6.842684,0.0,-0.4031463,-1.148921,1,[np.float32(7.5358305)],[np.float32(0.0001333867)],0.0001333867,5.877573,fixed,fixed
173821,250,7.5358305,0.0,-0.29673496,-1.1180909,1,[np.float32(7.5358305)],[np.float32(6.66978e-05)],6.66978e-05,5.786329,fixed,fixed
173821,252,5.877573,0.0,-0.47571552,-0.7864393,1,[np.float32(7.5358305)],[np.float32(6.66978e-05)],6.66978e-05,6.7248263,fixed,fixed
173821,254,8.228977,0.0,-0.18147406,-1.2567202,1,[np.float32(7.5358305)],[np.float32(6.66978e-05)],6.66978e-05,5.786329,fixed,fixed
173821,295,5.877573,0.0,-0.47572637,-0.56743723,1,[np.float32(5.4253707)],[np.float32(0.0002000667)],0.0002000667,6.7248263,fixed,fixed
173821,298,5.877573,0.0,-0.47571838,-1.1755139,1,[np.float32(6.7248263)],[np.float32(0.00060000445)],0.00060000445,6.7248263,fixed,fixed
173821,356,6.842684,0.0,-0.40314636,-0.534488,1,[np.float32(5.4253707)],[np.float32(6.66978e-05)],6.66978e-05,5.877573,fixed,fixed
173821,373,7.5358305,0.0,-0.29673475,-0.8148468,1,[np.float32(5.4253707)],[np.float32(0.0001333867)],0.0001333867,5.4253707,fixed,fixed
173821,374,6.842684,0.0,-0.4031463,-0.534488,1,[np.float32(5.4253707)],[np.float32(6.66978e-05)],6.66978e-05,5.877573,fixed,fixed
173821,376,5.877573,0.0,-0.47569847,-0.56743723,1,[np.float32(5.4253707)],[np.float32(0.0002000667)],0.0002000667,6.9761195,fixed,fixed
175567,75,5.0934668,0.0,-0.4047962,-1.0186926,1,[np.float32(6.9761195)],[np.float32(0.00046674226)],0.00046674226,6.5241694,fixed,fixed
175567,83,5.877573,0.0,-0.47564963,-0.8824607,1,[np.float32(6.842684)],[np.float32(0.0002000667)],0.0002000667,6.9761195,fixed,fixed
175567,95,5.977319,0.0,-0.47902784,-0.65406716,1,[np.float32(6.842684)],[np.float32(6.66978e-05)],6.66978e-05,6.088874,fixed,fixed
175567,98,7.5358305,0.0,-0.29681814,-1.1181976,1,[np.float32(6.842684)],[np.float32(0.0001333867)],0.0001333867,6.842684,fixed,fixed
175567,123,5.786329,0.0,-0.469992,-0.61586916,1,[np.float32(6.842684)],[np.float32(6.66978e-05)],6.66978e-05,6.088874,fixed,fixed
175567,129,5.877573,0.0,-0.47566596,-0.8824607,1,[np.float32(6.842684)],[np.float32(0.0002000667)],0.0002000667,6.7248263,fixed,fixed
175567,133,7.5358305,0.0,-0.29673502,-0.76500523,1,[np.float32(5.877573)],[np.float32(6.66978e-05)],6.66978e-05,5.786329,fixed,fixed
175567,151,6.357125,0.0,-0.46888548,-0.74012744,1,[np.float32(5.0934668)],[np.float32(0.00040005337)],0.00040005337,5.0934668,fixed,fixed
175567,152,6.842684,0.0,-0.40314642,-0.8561001,1,[np.float32(5.877573)],[np.float32(0.0002000667)],0.0002000667,5.877573,fixed,fixed
175567,153,7.5358305,0.0,-0.29673502,-0.7470538,1,[np.float32(5.0934668)],[np.float32(0.0001333867)],0.0001333867,5.0934668,fixed,fixed
175567,155,5.877573,0.0,-0.4757208,-0.6435454,2,"[np.float32(5.877573), np.float32(5.786329)]","[np.float32(6.66978e-05), np.float32(0.0002000667)]",0.0002000667,6.7248263,fixed,fixed
175567,163,7.5358305,0.0,-0.29674616,-0.76500523,1,[np.float32(5.877573)],[np.float32(6.66978e-05)],6.66978e-05,6.842684,fixed,fixed
175567,172,5.0934668,0.0,-0.40483937,-0.5496383,1,[np.float32(5.0934668)],[np.float32(0.00053333334)],0.00053333334,4.5525913,fixed,fixed
175567,177,5.877573,0.0,-0.47571895,-0.43335372,2,"[np.float32(5.0934668), np.float32(5.877573)]","[np.float32(0.0001333867), np.float32(6.66978e-05)]",0.0001333867,6.7248263,fixed,fixed
175567,179,5.184434,0.0,-0.41447502,-0.41989845,1,[np.float32(5.0934668)],[np.float32(0.00026673783)],0.00026673783,5.0099363,fixed,fixed
175567,184,5.4253707,0.0,-0.4399884,-0.57263744,2,"[np.float32(5.0934668), np.float32(5.877573)]","[np.float32(0.0001333867), np.float32(0.0002000667)]",0.0002000667,5.184434,fixed,fixed
175567,185,5.877573,0.0,-0.47569796,-0.43335372,1,[np.float32(5.877573)],[np.float32(6.66978e-05)],6.66978e-05,6.7248263,fixed,fixed
175567,188,7.1303654,0.0,-0.3603662,-0.8090847,1,[np.float32(5.0934668)],[np.float32(0.00026673783)],0.00026673783,5.0934668,fixed,fixed
175567,189,7.5358305,0.0,-0.29698518,-0.8901777,1,[np.float32(5.0934668)],[np.float32(0.00026673783)],0.00026673783,5.0934668,fixed,fixed
175567,190,5.5545464,0.0,-0.4526419,-0.49392095,1,[np.float32(5.0934668)],[np.float32(0.00026673783)],0.00026673783,5.0934668,fixed,fixed
175567,211,6.842684,0.0,-0.4031463,-0.6077555,1,[np.float32(5.786329)],[np.float32(6.66978e-05)],6.66978e-05,5.877573,fixed,fixed
175567,212,7.5358305,0.0,-0.29673493,-0.8895075,1,[np.float32(5.786329)],[np.float32(0.0001333867)],0.0001333867,5.786329,fixed,fixed
175567,236,6.842684,0.0,-0.4031463,-0.6077555,1,[np.float32(5.786329)],[np.float32(6.66978e-05)],6.66978e-05,5.877573,fixed,fixed
175567,240,5.877573,0.0,-0.47571725,-0.6435454,1,[np.float32(5.786329)],[np.float32(0.0002000667)],0.0002000667,6.7248263,fixed,fixed
175567,244,6.842684,0.0,-0.40314636,-0.8561001,1,[np.float32(5.877573)],[np.float32(0.0002000667)],0.0002000667,5.877573,fixed,fixed
175567,246,5.877573,0.0,-0.47572747,-0.43335372,1,[np.float32(5.877573)],[np.float32(6.66978e-05)],6.66978e-05,6.7248263,fixed,fixed
175567,256,5.284512,0.0,-0.4252038,-0.43991408,1,[np.float32(5.0934668)],[np.float32(0.00026673783)],0.00026673783,6.088874,fixed,fixed
175567,261,7.5358305,0.0,-0.29673478,-0.76500523,1,[np.float32(5.877573)],[np.float32(6.66978e-05)],6.66978e-05,5.4253707,fixed,fixed
175567,263,6.7248263,0.0,-0.42025742,-1.0856797,1,[np.float32(5.877573)],[np.float32(0.00060000445)],0.00060000445,5.877573,fixed,fixed
175567,264,5.877573,0.0,-0.47572106,-0.43335372,1,[np.float32(5.877573)],[np.float32(6.66978e-05)],6.66978e-05,6.7248263,fixed,fixed
175567,265,5.4253707,0.0,-0.44008118,-0.57263744,1,[np.float32(5.877573)],[np.float32(0.0002000667)],0.0002000667,5.877573,fixed,fixed
175567,266,7.5358305,0.0,-0.29677814,-0.76500523,1,[np.float32(5.877573)],[np.float32(6.66978e-05)],6.66978e-05,6.842684,fixed,fixed
175567,267,6.214031,0.0,-0.4807142,-0.84472907,2,"[np.float32(5.0934668), np.float32(5.877573)]","[np.float32(0.0007332311), np.float32(6.66978e-05)]",0.0007332311,5.0934668,fixed,fixed
175567,268,6.842684,0.0,-0.40322456,-0.8561001,1,[np.float32(5.877573)],[np.float32(0.0002000667)],0.0002000667,5.877573,fixed,fixed
175567,269,7.5358305,0.0,-0.29687226,-0.76500523,2,"[np.float32(5.0934668), np.float32(5.877573)]","[np.float32(0.0001333867), np.float32(6.66978e-05)]",0.0001333867,5.0934668,fixed,fixed
175567,272,5.786329,0.0,-0.46993998,-0.6448291,1,[np.float32(5.877573)],[np.float32(0.0002000667)],0.0002000667,5.877573,fixed,fixed
175567,273,7.5358305,0.0,-0.29679194,-0.76500523,1,[np.float32(5.877573)],[np.float32(6.66978e-05)],6.66978e-05,6.842684,fixed,fixed
175567,277,5.877573,0.0,-0.4756973,-0.43335372,1,[np.float32(5.877573)],[np.float32(6.66978e-05)],6.66978e-05,6.7248263,fixed,fixed
175567,286,6.7248263,0.0,-0.4203238,-0.90187836,1,[np.float32(5.0934668)],[np.float32(0.00060000445)],0.00060000445,5.0934668,fixed,fixed
175567,289,5.5545464,0.0,-0.45272678,-0.350797,1,[np.float32(5.0934668)],[np.float32(0.0001333867)],0.0001333867,5.0934668,fixed,fixed
175567,290,6.088874,0.0,-0.48100662,-0.60078645,1,[np.float32(5.0934668)],[np.float32(0.00026673783)],0.00026673783,5.284512,fixed,fixed
175567,291,5.877573,0.0,-0.475678,-0.41540232,1,[np.float32(5.0934668)],[np.float32(0.0001333867)],0.0001333867,6.7248263,fixed,fixed
175567,293,5.0934668,0.0,-0.4045597,-0.5496383,2,"[np.float32(5.0934668), np.float32(5.5545464)]","[np.float32(0.00053333334), np.float32(0.0001333867)]",0.00053333334,6.214031,fixed,fixed
175567,295,5.877573,0.0,-0.47570583,-0.43335372,1,[np.float32(5.877573)],[np.float32(6.66978e-05)],6.66978e-05,6.7248263,fixed,fixed
175567,300,7.1303654,0.0,-0.36036596,-0.8090847,1,[np.float32(5.0934668)],[np.float32(0.00026673783)],0.00026673783,5.0934668,fixed,fixed
175567,329,7.5358305,0.0,-0.29679042,-0.76500523,1,[np.float32(5.877573)],[np.float32(6.66978e-05)],6.66978e-05,6.842684,fixed,fixed
175567,351,6.7248263,0.0,-0.42025742,-1.0856797,1,[np.float32(5.877573)],[np.float32(0.00060000445)],0.00060000445,5.877573,fixed,fixed
175567,353,5.786329,0.0,-0.4699428,-0.6448291,1,[np.float32(5.877573)],[np.float32(0.0002000667)],0.0002000667,5.877573,fixed,fixed
175567,355,7.5358305,0.0,-0.29676318,-0.76500523,1,[np.float32(5.877573)],[np.float32(6.66978e-05)],6.66978e-05,5.4253707,fixed,fixed
175567,356,6.842684,0.0,-0.40322456,-0.8561001,1,[np.float32(5.877573)],[np.float32(0.0002000667)],0.0002000667,5.877573,fixed,fixed
175567,368,5.284512,0.0,-0.4252271,-0.43991408,1,[np.float32(5.0934668)],[np.float32(0.00026673783)],0.00026673783,6.088874,fixed,fixed
175567,374,6.842684,0.0,-0.4031463,-0.56064147,1,[np.float32(5.5545464)],[np.float32(6.66978e-05)],6.66978e-05,5.877573,fixed,fixed
175567,399,8.228977,0.0,-0.18145421,-0.83790016,1,[np.float32(5.5545464)],[np.float32(6.66978e-05)],6.66978e-05,7.5358305,fixed,fixed
175567,400,6.214031,0.0,-0.48050308,-0.43491095,1,[np.float32(5.5545464)],[np.float32(6.66978e-05)],6.66978e-05,4.5525913,fixed,fixed
178192,36,5.0301485,0.0,-0.39777696,-0.27797747,1,[np.float32(4.5525913)],[np.float32(0.00026673783)],0.00026673783,5.1152887,fixed,fixed
178192,40,4.8111362,0.0,-0.3736254,-0.3780674,1,[np.float32(4.5525913)],[np.float32(0.00053333334)],0.00053333334,4.8111362,fixed,fixed
178192,47,5.901499,0.0,-0.4767239,-0.5961399,1,[np.float32(4.5525913)],[np.float32(0.00053333334)],0.00053333334,4.5525913,fixed,fixed
178192,50,6.842684,0.0,-0.403351,-0.6404845,1,[np.float32(4.5525913)],[np.float32(0.00026673783)],0.00026673783,4.5525913,fixed,fixed
178192,51,6.088874,0.0,-0.48099405,-0.64012945,1,[np.float32(5.977319)],[np.float32(0.0001333867)],0.0001333867,6.7248263,fixed,fixed
178192,52,7.5358305,0.0,-0.2969538,-0.63790387,1,[np.float32(4.5525913)],[np.float32(0.0001333867)],0.0001333867,4.8111362,fixed,fixed
178192,53,5.786329,0.0,-0.469859,-0.42921352,1,[np.float32(4.5525913)],[np.float32(0.00026673783)],0.00026673783,4.5525913,fixed,fixed
178192,54,7.5358305,0.0,-0.2969538,-0.63790387,1,[np.float32(4.5525913)],[np.float32(0.0001333867)],0.0001333867,4.8111362,fixed,fixed
178192,63,8.228977,0.0,-0.18158917,-0.77653325,1,[np.float32(4.5525913)],[np.float32(0.0001333867)],0.0001333867,4.5525913,fixed,fixed
178192,64,6.088501,0.0,-0.48099744,-0.34843796,1,[np.float32(4.5525913)],[np.float32(0.0001333867)],0.0001333867,4.5525913,fixed,fixed
178192,65,7.5358305,0.0,-0.2969583,-0.7791139,1,[np.float32(4.5525913)],[np.float32(0.00026673783)],0.00026673783,4.5525913,fixed,fixed
178192,66,5.901499,0.0,-0.4766329,-0.5961399,1,[np.float32(4.5525913)],[np.float32(0.00053333334)],0.00053333334,4.5525913,fixed,fixed
178192,75,5.0934668,0.0,-0.40458095,-0.4345335,1,[np.float32(4.5525913)],[np.float32(0.00053333334)],0.00053333334,6.5241694,fixed,fixed
178192,83,5.877573,0.0,-0.4756087,-0.3062524,1,[np.float32(4.5525913)],[np.float32(0.0001333867)],0.0001333867,6.9761195,fixed,fixed
178192,92,6.842684,0.0,-0.40314642,-0.64678425,1,[np.float32(5.977319)],[np.float32(6.66978e-05)],6.66978e-05,5.877573,fixed,fixed
178192,96,7.5358305,0.0,-0.2968144,-0.7854136,1,[np.float32(5.977319)],[np.float32(6.66978e-05)],6.66978e-05,5.0934668,fixed,fixed
178192,97,6.214031,0.0,-0.48052162,-0.52105373,1,[np.float32(5.977319)],[np.float32(6.66978e-05)],6.66978e-05,5.0934668,fixed,fixed
178192,99,6.214031,0.0,-0.480707,-0.7263903,1,[np.float32(4.5525913)],[np.float32(0.0007332311)],0.0007332311,4.5525913,fixed,fixed
178192,102,5.0934668,0.0,-0.40469274,-0.29064113,1,[np.float32(4.5525913)],[np.float32(0.00026673783)],0.00026673783,6.214031,fixed,fixed
178192,105,6.088874,0.0,-0.48104355,-0.73750734,1,[np.float32(4.5525913)],[np.float32(0.0008664222)],0.0008664222,4.5525913,fixed,fixed
178192,107,5.284512,0.0,-0.42502332,-0.47274256,1,[np.float32(4.5525913)],[np.float32(0.00053333334)],0.00053333334,6.088874,fixed,fixed
178192,125,5.877573,0.0,-0.4756072,-0.3062524,1,[np.float32(4.5525913)],[np.float32(0.0001333867)],0.0001333867,6.9761195,fixed,fixed
178192,129,5.877573,0.0,-0.47572747,-0.8824607,1,[np.float32(6.842684)],[np.float32(0.0002000667)],0.0002000667,6.7248263,fixed,fixed
178192,164,5.0099363,0.0,-0.39557934,-0.5528417,1,[np.float32(5.184434)],[np.float32(0.00053333334)],0.00053333334,5.184434,fixed,fixed
178192,179,5.184434,0.0,-0.41447502,-0.58774126,1,[np.float32(5.184434)],[np.float32(0.00053333334)],0.00053333334,5.0099363,fixed,fixed
178192,185,5.877573,0.0,-0.47571835,-0.43391338,1,[np.float32(5.184434)],[np.float32(0.0001333867)],0.0001333867,6.7248263,fixed,fixed
178192,191,8.228977,0.0,-0.18151537,-0.90419424,1,[np.float32(5.184434)],[np.float32(0.0001333867)],0.0001333867,5.184434,fixed,fixed
178192,193,7.1303654,0.0,-0.36035872,-0.82803977,1,[np.float32(5.184434)],[np.float32(0.00026673783)],0.00026673783,5.184434,fixed,fixed
178192,194,5.625983,0.0,-0.45880923,-0.3835954,1,[np.float32(5.184434)],[np.float32(0.0001333867)],0.0001333867,5.184434,fixed,fixed
178192,214,5.977319,0.0,-0.4790271,-0.65406716,1,[np.float32(6.842684)],[np.float32(6.66978e-05)],6.66978e-05,5.877573,fixed,fixed
178192,217,7.5358305,0.0,-0.2968204,-1.1181976,1,[np.float32(6.842684)],[np.float32(0.0001333867)],0.0001333867,6.842684,fixed,fixed
178192,241,5.786329,0.0,-0.46998912,-0.61586916,1,[np.float32(6.842684)],[np.float32(6.66978e-05)],6.66978e-05,5.877573,fixed,fixed
178192,246,5.877573,0.0,-0.47566596,-0.8824607,1,[np.float32(6.842684)],[np.float32(0.0002000667)],0.0002000667,6.7248263,fixed,fixed
178192,267,6.214031,0.0,-0.480546,-0.501205,1,[np.float32(5.184434)],[np.float32(0.0001333867)],0.0001333867,5.0934668,fixed,fixed
178192,271,5.877573,0.0,-0.4757208,-1.1755139,1,[np.float32(6.7248263)],[np.float32(0.00060000445)],0.00060000445,6.7248263,fixed,fixed
178192,280,5.877573,0.0,-0.4754001,-0.83709306,1,[np.float32(5.184434)],[np.float32(0.0008664222)],0.0008664222,5.184434,fixed,fixed
178192,293,5.0934668,0.0,-0.4046673,-0.42065996,1,[np.float32(5.184434)],[np.float32(0.00026673783)],0.00026673783,6.214031,fixed,fixed
178192,294,6.7248263,0.0,-0.42031604,-0.9220419,1,[np.float32(5.184434)],[np.float32(0.00060000445)],0.00060000445,5.184434,fixed,fixed
178192,297,5.4253707,0.0,-0.4400145,-0.48704076,1,[np.float32(5.184434)],[np.float32(0.00026673783)],0.00026673783,5.184434,fixed,fixed
178192,298,5.877573,0.0,-0.47567743,-0.43391338,1,[np.float32(5.184434)],[np.float32(0.0001333867)],0.0001333867,6.7248263,fixed,fixed
178192,301,7.5358305,0.0,-0.29692832,-0.76556486,1,[np.float32(5.184434)],[np.float32(0.0001333867)],0.0001333867,5.0934668,fixed,fixed
178192,303,8.228977,0.0,-0.18157482,-0.90419424,1,[np.float32(5.184434)],[np.float32(0.0001333867)],0.0001333867,5.184434,fixed,fixed
178192,304,5.184434,0.0,-0.41439098,-0.58774126,1,[np.float32(5.184434)],[np.float32(0.00053333334)],0.00053333334,5.877573,fixed,fixed
178192,305,7.1303654,0.0,-0.36035857,-0.82803977,1,[np.float32(5.184434)],[np.float32(0.00026673783)],0.00026673783,5.184434,fixed,fixed
181084,11,5.901499,0.0,-0.4767239,-0.56677854,1,[np.float32(4.411208)],[np.float32(0.00053333334)],0.00053333334,4.411208,broken,unchanged
181084,14,7.1303654,0.0,-0.36031094,-0.669377,1,[np.float32(4.411208)],[np.float32(0.00026673783)],0.00026673783,4.411208,broken,unchanged
181084,15,5.786329,0.0,-0.4698009,-0.48392254,1,[np.float32(4.411208)],[np.float32(0.00040005337)],0.00040005337,4.411208,broken,unchanged
181084,16,7.5358305,0.0,-0.2968406,-0.6096061,1,[np.float32(4.411208)],[np.float32(0.0001333867)],0.0001333867,4.411208,broken,unchanged
181084,18,4.8111362,0.0,-0.37338153,-0.34870607,1,[np.float32(4.411208)],[np.float32(0.00053333334)],0.00053333334,4.411208,broken,unchanged
181084,20,6.842684,0.0,-0.4032967,-0.47097674,1,[np.float32(4.411208)],[np.float32(0.0001333867)],0.0001333867,4.8111362,broken,unchanged
181084,22,7.5358305,0.0,-0.29702216,-0.75047004,1,[np.float32(4.411208)],[np.float32(0.00026673783)],0.00026673783,4.411208,broken,unchanged
181084,23,5.786329,0.0,-0.4699092,-0.25970572,1,[np.float32(4.411208)],[np.float32(0.0001333867)],0.0001333867,4.8111362,broken,unchanged
181084,24,7.5358305,0.0,-0.29702216,-0.75047004,1,[np.float32(4.411208)],[np.float32(0.00026673783)],0.00026673783,4.411208,broken,unchanged
181084,27,4.8111362,0.0,-0.3735145,-0.20553121,1,[np.float32(4.411208)],[np.float32(0.00026673783)],0.00026673783,5.901499,broken,unchanged
181084,57,4.45615,0.0,-0.33315057,-0.29263693,1,[np.float32(5.877573)],[np.float32(0.0001333867)],0.0001333867,6.214031,broken,unchanged
181084,78,6.214031,0.0,-0.48074996,-0.7322286,1,[np.float32(4.411208)],[np.float32(0.0008664222)],0.0008664222,4.411208,broken,unchanged
181084,80,5.977319,0.0,-0.47901767,-0.29790372,1,[np.float32(4.411208)],[np.float32(0.0001333867)],0.0001333867,4.411208,broken,unchanged
181084,81,5.877573,0.0,-0.4755725,-0.41881856,1,[np.float32(4.411208)],[np.float32(0.00026673783)],0.00026673783,5.184434,broken,unchanged
181084,82,7.5358305,0.0,-0.29699942,-0.75047004,1,[np.float32(4.411208)],[np.float32(0.00026673783)],0.00026673783,4.411208,broken,unchanged
181084,110,6.7248263,0.0,-0.4203813,-0.7561689,1,[np.float32(4.411208)],[np.float32(0.00060000445)],0.00060000445,4.411208,broken,unchanged
181084,111,5.977319,0.0,-0.47900593,-0.43876773,1,[np.float32(4.411208)],[np.float32(0.00026673783)],0.00026673783,4.411208,broken,unchanged
181084,113,5.877573,0.0,-0.47549367,-0.5619934,1,[np.float32(4.411208)],[np.float32(0.00053333334)],0.00053333334,4.411208,broken,unchanged
181084,115,7.5358305,0.0,-0.29684076,-0.6096061,1,[np.float32(4.411208)],[np.float32(0.0001333867)],0.0001333867,4.411208,broken,unchanged
181084,116,6.214031,0.0,-0.48060718,-0.569463,1,[np.float32(4.411208)],[np.float32(0.00040005337)],0.00040005337,5.0934668,broken,unchanged
181084,120,5.0934668,0.0,-0.40454265,-0.40517217,1,[np.float32(4.411208)],[np.float32(0.00053333334)],0.00053333334,6.214031,broken,unchanged
181084,132,6.842684,0.0,-0.4031464,-0.8561001,1,[np.float32(5.877573)],[np.float32(0.0002000667)],0.0002000667,5.877573,broken,unchanged
181084,135,5.877573,0.0,-0.47571552,-0.43335372,1,[np.float32(5.877573)],[np.float32(6.66978e-05)],6.66978e-05,6.7248263,broken,unchanged
181084,137,8.228977,0.0,-0.18147406,-0.90363455,1,[np.float32(5.877573)],[np.float32(6.66978e-05)],6.66978e-05,5.786329,broken,unchanged
181084,139,6.214031,0.0,-0.48056373,-0.34524623,1,[np.float32(4.411208)],[np.float32(0.0001333867)],0.0001333867,4.5525913,broken,unchanged
181084,141,7.1303654,0.0,-0.36039367,-0.669377,1,[np.float32(4.411208)],[np.float32(0.00026673783)],0.00026673783,4.411208,broken,unchanged
181084,155,5.877573,0.0,-0.4757208,-0.43335372,1,[np.float32(5.877573)],[np.float32(6.66978e-05)],6.66978e-05,6.7248263,broken,unchanged
181084,162,5.5545464,0.0,-0.45273206,-0.51231617,1,[np.float32(5.877573)],[np.float32(0.0001333867)],0.0001333867,5.877573,broken,unchanged
181084,165,5.0934668,0.0,-0.4046794,-0.42010027,1,[np.float32(5.877573)],[np.float32(0.0001333867)],0.0001333867,6.214031,broken,unchanged
181084,185,5.877573,0.0,-0.4756979,-1.1755139,2,"[np.float32(5.877573), np.float32(6.7248263)]","[np.float32(6.66978e-05), np.float32(0.00060000445)]",0.00060000445,6.7248263,broken,unchanged
181084,192,5.184434,0.0,-0.41455448,-0.48954505,1,[np.float32(5.4253707)],[np.float32(0.00026673783)],0.00026673783,5.877573,broken,unchanged
181084,220,6.842684,0.0,-0.4031463,-0.8561001,1,[np.float32(5.877573)],[np.float32(0.0002000667)],0.0002000667,5.877573,broken,unchanged
181084,221,5.0934668,0.0,-0.40481856,-0.42010027,1,[np.float32(5.877573)],[np.float32(0.0001333867)],0.0001333867,6.214031,broken,unchanged
181084,243,7.5358305,0.0,-0.29673478,-0.76500523,1,[np.float32(5.877573)],[np.float32(6.66978e-05)],6.66978e-05,5.4253707,broken,unchanged
181084,245,6.7248263,0.0,-0.42025742,-1.0856797,1,[np.float32(5.877573)],[np.float32(0.00060000445)],0.00060000445,5.877573,broken,unchanged
181084,246,5.877573,0.0,-0.47572747,-0.43335372,1,[np.float32(5.877573)],[np.float32(6.66978e-05)],6.66978e-05,6.7248263,broken,unchanged
181084,247,5.4253707,0.0,-0.44008118,-0.57263744,1,[np.float32(5.877573)],[np.float32(0.0002000667)],0.0002000667,5.877573,broken,unchanged
181084,248,7.5358305,0.0,-0.29677817,-0.76500523,1,[np.float32(5.877573)],[np.float32(6.66978e-05)],6.66978e-05,6.842684,broken,unchanged
181084,249,6.842684,0.0,-0.40322462,-0.8561001,1,[np.float32(5.877573)],[np.float32(0.0002000667)],0.0002000667,5.877573,broken,unchanged
181084,250,7.5358305,0.0,-0.29676342,-0.76500523,1,[np.float32(5.877573)],[np.float32(6.66978e-05)],6.66978e-05,5.786329,broken,unchanged
181084,253,5.786329,0.0,-0.46990088,-0.6448291,1,[np.float32(5.877573)],[np.float32(0.0002000667)],0.0002000667,5.0934668,broken,unchanged
181084,255,7.5358305,0.0,-0.29678816,-0.76500523,1,[np.float32(5.877573)],[np.float32(6.66978e-05)],6.66978e-05,6.842684,broken,unchanged
181084,276,6.842684,0.0,-0.4031463,-0.534488,1,[np.float32(5.4253707)],[np.float32(6.66978e-05)],6.66978e-05,5.877573,broken,unchanged
181084,277,5.877573,0.0,-0.4756973,-0.43335372,1,[np.float32(5.877573)],[np.float32(6.66978e-05)],6.66978e-05,6.7248263,broken,unchanged
181084,293,5.0934668,0.0,-0.40477505,-0.32637405,1,[np.float32(5.4253707)],[np.float32(0.0001333867)],0.0001333867,6.214031,broken,unchanged
181084,295,5.877573,0.0,-0.47572637,-0.56743723,1,[np.float32(5.4253707)],[np.float32(0.0002000667)],0.0002000667,6.7248263,broken,unchanged
181084,296,8.228977,0.0,-0.18145421,-0.8117467,1,[np.float32(5.4253707)],[np.float32(6.66978e-05)],6.66978e-05,7.5358305,broken,unchanged
181084,325,6.7248263,0.0,-0.42025742,-1.0856797,1,[np.float32(5.877573)],[np.float32(0.00060000445)],0.00060000445,5.877573,broken,unchanged
181084,326,5.977319,0.0,-0.47902435,-0.59687066,1,[np.float32(5.877573)],[np.float32(0.0001333867)],0.0001333867,5.877573,broken,unchanged
181084,330,6.214031,0.0,-0.4805266,-0.50064534,1,[np.float32(5.877573)],[np.float32(6.66978e-05)],6.66978e-05,5.284512,broken,unchanged
181084,331,8.228977,0.0,-0.18150285,-0.90363455,1,[np.float32(5.877573)],[np.float32(6.66978e-05)],6.66978e-05,5.877573,broken,unchanged
181084,332,6.842684,0.0,-0.40322456,-0.8561001,1,[np.float32(5.877573)],[np.float32(0.0002000667)],0.0002000667,5.877573,broken,unchanged
181084,333,5.0934668,0.0,-0.40475768,-0.42010027,1,[np.float32(5.877573)],[np.float32(0.0001333867)],0.0001333867,4.5525913,broken,unchanged
181084,391,7.5358305,0.0,-0.29674616,-1.2874969,1,[np.float32(8.228977)],[np.float32(6.66978e-05)],6.66978e-05,6.842684,broken,unchanged
181084,409,5.4253707,0.0,-0.44009247,-0.8654049,1,[np.float32(8.228977)],[np.float32(6.66978e-05)],6.66978e-05,5.184434,broken,unchanged
181084,410,6.088874,0.0,-0.48099983,-0.99810565,1,[np.float32(8.228977)],[np.float32(6.66978e-05)],6.66978e-05,6.7248263,broken,unchanged
188238,57,4.45615,0.0,-0.33315057,-0.8912293,1,[np.float32(6.7248263)],[np.float32(0.00060000445)],0.00060000445,6.214031,fixed,fixed
188238,101,6.842684,0.0,-0.40314013,-0.8561001,1,[np.float32(5.877573)],[np.float32(0.0002000667)],0.0002000667,6.088874,fixed,fixed
188238,102,5.0934668,0.0,-0.40480036,-0.42010027,1,[np.float32(5.877573)],[np.float32(0.0001333867)],0.0001333867,6.214031,fixed,fixed
188238,105,6.088874,0.0,-0.48097622,-0.8152388,1,[np.float32(6.088874)],[np.float32(0.00026673783)],0.00026673783,4.5525913,fixed,fixed
188238,107,5.284512,0.0,-0.42523423,-0.9614452,1,[np.float32(6.088874)],[np.float32(0.0008664222)],0.0008664222,6.088874,fixed,fixed
188238,126,7.5358305,0.0,-0.29673246,-0.76500523,1,[np.float32(5.877573)],[np.float32(6.66978e-05)],6.66978e-05,5.4253707,fixed,fixed
188238,129,5.877573,0.0,-0.47572747,-0.43335372,1,[np.float32(5.877573)],[np.float32(6.66978e-05)],6.66978e-05,6.7248263,fixed,fixed
188238,136,5.786329,0.0,-0.4698893,-0.6448291,1,[np.float32(5.877573)],[np.float32(0.0002000667)],0.0002000667,4.45615,fixed,fixed
188238,138,7.5358305,0.0,-0.29678586,-0.76500523,1,[np.float32(5.877573)],[np.float32(6.66978e-05)],6.66978e-05,6.842684,fixed,fixed
188238,161,5.877573,0.0,-0.47569308,-0.43335372,1,[np.float32(5.877573)],[np.float32(6.66978e-05)],6.66978e-05,6.7248263,fixed,fixed
188238,164,5.0099363,0.0,-0.39557934,-0.5528417,1,[np.float32(5.184434)],[np.float32(0.00053333334)],0.00053333334,5.184434,fixed,fixed
188238,179,5.184434,0.0,-0.41447502,-0.58774126,1,[np.float32(5.184434)],[np.float32(0.00053333334)],0.00053333334,5.0099363,fixed,fixed
188238,185,5.877573,0.0,-0.47571835,-0.43391338,1,[np.float32(5.184434)],[np.float32(0.0001333867)],0.0001333867,6.7248263,fixed,fixed
188238,191,8.228977,0.0,-0.18151537,-0.90419424,1,[np.float32(5.184434)],[np.float32(0.0001333867)],0.0001333867,5.184434,fixed,fixed
188238,193,7.1303654,0.0,-0.36035872,-0.82803977,1,[np.float32(5.184434)],[np.float32(0.00026673783)],0.00026673783,5.184434,fixed,fixed
188238,194,5.625983,0.0,-0.45880923,-0.3835954,1,[np.float32(5.184434)],[np.float32(0.0001333867)],0.0001333867,5.184434,fixed,fixed
188238,213,6.7248263,0.0,-0.42025742,-1.0856797,1,[np.float32(5.877573)],[np.float32(0.00060000445)],0.00060000445,5.877573,fixed,fixed
188238,214,5.977319,0.0,-0.47902435,-0.59687066,1,[np.float32(5.877573)],[np.float32(0.0001333867)],0.0001333867,5.877573,fixed,fixed
188238,218,6.214031,0.0,-0.4805266,-0.50064534,1,[np.float32(5.877573)],[np.float32(6.66978e-05)],6.66978e-05,5.284512,fixed,fixed
188238,219,8.228977,0.0,-0.18150285,-0.90363455,1,[np.float32(5.877573)],[np.float32(6.66978e-05)],6.66978e-05,5.877573,fixed,fixed
188238,220,6.842684,0.0,-0.40322456,-0.8561001,1,[np.float32(5.877573)],[np.float32(0.0002000667)],0.0002000667,5.877573,fixed,fixed
188238,221,5.0934668,0.0,-0.40476468,-0.61615735,2,"[np.float32(5.877573), np.float32(6.088874)]","[np.float32(0.0001333867), np.float32(0.00026673783)]",0.00026673783,6.214031,fixed,fixed
188238,226,5.284512,0.0,-0.4250827,-0.8216146,1,[np.float32(6.088874)],[np.float32(0.00053333334)],0.00053333334,6.088874,fixed,fixed
188238,267,6.214031,0.0,-0.480546,-0.501205,1,[np.float32(5.184434)],[np.float32(0.0001333867)],0.0001333867,5.0934668,fixed,fixed
188238,280,5.877573,0.0,-0.4754001,-0.83709306,1,[np.float32(5.184434)],[np.float32(0.0008664222)],0.0008664222,5.184434,fixed,fixed
188238,293,5.0934668,0.0,-0.4046673,-0.42065996,1,[np.float32(5.184434)],[np.float32(0.00026673783)],0.00026673783,6.214031,fixed,fixed
188238,294,6.7248263,0.0,-0.42031604,-0.9220419,1,[np.float32(5.184434)],[np.float32(0.00060000445)],0.00060000445,5.184434,fixed,fixed
188238,297,5.4253707,0.0,-0.4400145,-0.48704076,1,[np.float32(5.184434)],[np.float32(0.00026673783)],0.00026673783,5.184434,fixed,fixed
188238,298,5.877573,0.0,-0.47567743,-0.43391338,1,[np.float32(5.184434)],[np.float32(0.0001333867)],0.0001333867,6.7248263,fixed,fixed
188238,301,7.5358305,0.0,-0.29692832,-0.76556486,1,[np.float32(5.184434)],[np.float32(0.0001333867)],0.0001333867,5.0934668,fixed,fixed
188238,303,8.228977,0.0,-0.18157482,-0.90419424,1,[np.float32(5.184434)],[np.float32(0.0001333867)],0.0001333867,5.184434,fixed,fixed
188238,304,5.184434,0.0,-0.41439098,-0.58774126,1,[np.float32(5.184434)],[np.float32(0.00053333334)],0.00053333334,5.877573,fixed,fixed
188238,305,7.1303654,0.0,-0.3603586,-0.82803977,1,[np.float32(5.184434)],[np.float32(0.00026673783)],0.00026673783,5.184434,fixed,fixed
188238,336,6.088874,0.0,-0.4810039,-0.8152388,1,[np.float32(6.088874)],[np.float32(0.00026673783)],0.00026673783,5.284512,fixed,fixed
188238,352,6.088874,0.0,-0.48099554,-1.217774,1,[np.float32(6.7248263)],[np.float32(0.00060000445)],0.00060000445,6.7248263,fixed,fixed
221788,148,5.877573,0.0,-0.47572106,-0.9558455,1,[np.float32(8.228977)],[np.float32(6.66978e-05)],6.66978e-05,6.7248263,fixed,fixed
221788,155,5.877573,0.0,-0.4757208,-0.6435454,1,[np.float32(5.786329)],[np.float32(0.0002000667)],0.0002000667,6.7248263,fixed,fixed
221788,177,5.877573,0.0,-0.47571895,-1.1755139,1,[np.float32(6.7248263)],[np.float32(0.00060000445)],0.00060000445,6.7248263,fixed,fixed
221788,205,5.184434,0.0,-0.41458294,-0.58774126,1,[np.float32(5.184434)],[np.float32(0.00053333334)],0.00053333334,5.877573,fixed,fixed
221788,211,6.842684,0.0,-0.4031463,-0.6077555,1,[np.float32(5.786329)],[np.float32(6.66978e-05)],6.66978e-05,5.877573,fixed,fixed
221788,212,7.5358305,0.0,-0.29673493,-0.8895075,1,[np.float32(5.786329)],[np.float32(0.0001333867)],0.0001333867,5.786329,fixed,fixed
221788,221,5.0934668,0.0,-0.40481856,-0.42065996,1,[np.float32(5.184434)],[np.float32(0.00026673783)],0.00026673783,6.214031,fixed,fixed
221788,236,6.842684,0.0,-0.4031463,-0.6077555,1,[np.float32(5.786329)],[np.float32(6.66978e-05)],6.66978e-05,5.877573,fixed,fixed
221788,240,5.877573,0.0,-0.47571725,-0.6435454,2,"[np.float32(5.786329), np.float32(5.184434)]","[np.float32(0.0002000667), np.float32(0.0001333867)]",0.0002000667,6.7248263,fixed,fixed
221788,242,7.5358305,0.0,-0.29678813,-1.2874969,1,[np.float32(8.228977)],[np.float32(6.66978e-05)],6.66978e-05,6.842684,fixed,fixed
221788,259,5.786329,0.0,-0.4699611,-0.9375965,1,[np.float32(8.228977)],[np.float32(6.66978e-05)],6.66978e-05,5.0934668,fixed,fixed
221788,313,5.0099363,0.0,-0.39561555,-0.72881335,1,[np.float32(5.184434)],[np.float32(0.0011326978)],0.0011326978,5.184434,fixed,fixed
221788,319,7.1303654,0.0,-0.36035866,-0.82803977,1,[np.float32(5.184434)],[np.float32(0.00026673783)],0.00026673783,5.184434,fixed,fixed
221788,320,7.5358305,0.0,-0.29692835,-0.76556486,1,[np.float32(5.184434)],[np.float32(0.0001333867)],0.0001333867,5.0934668,fixed,fixed
221788,321,5.4253707,0.0,-0.4400145,-0.48704076,1,[np.float32(5.184434)],[np.float32(0.00026673783)],0.00026673783,5.184434,fixed,fixed
221788,328,6.357125,0.0,-0.46901459,-0.5298237,1,[np.float32(5.184434)],[np.float32(0.0001333867)],0.0001333867,5.0934668,fixed,fixed
221788,344,8.228977,0.0,-0.1816444,-0.90419424,1,[np.float32(5.184434)],[np.float32(0.0001333867)],0.0001333867,5.184434,fixed,fixed
221788,350,4.45615,0.0,-0.33319622,-0.29319662,1,[np.float32(5.184434)],[np.float32(0.00026673783)],0.00026673783,6.214031,fixed,fixed
221788,419,6.9761195,0.0,-0.38368544,-0.91677856,1,[np.float32(5.184434)],[np.float32(0.00046674226)],0.00046674226,5.184434,fixed,fixed
221788,420,4.951692,0.0,-0.3889799,-0.5411929,1,[np.float32(5.184434)],[np.float32(0.00053333334)],0.00053333334,5.487917,fixed,fixed
221788,429,5.487917,0.0,-0.44631165,-0.64843786,1,[np.float32(5.184434)],[np.float32(0.00053333334)],0.00053333334,4.951692,fixed,fixed
227294,238,5.0934668,0.0,-0.40481293,-1.0186926,2,"[np.float32(7.5358305), np.float32(4.45615)]","[np.float32(0.00026673783), np.float32(0.00053333334)]",0.00053333334,6.214031,broken,broken
227294,264,5.877573,0.0,-0.47572106,-0.2869397,1,[np.float32(4.45615)],[np.float32(0.0001333867)],0.0001333867,6.7248263,broken,broken
227294,290,6.088874,0.0,-0.48098585,-0.8152388,1,[np.float32(6.088874)],[np.float32(0.00026673783)],0.00026673783,5.284512,broken,broken
227294,293,5.0934668,0.0,-0.40477505,-0.61615735,1,[np.float32(6.088874)],[np.float32(0.00026673783)],0.00026673783,6.214031,broken,broken
227294,313,5.0099363,0.0,-0.39561555,-0.7823715,1,[np.float32(7.5358305)],[np.float32(0.0001333867)],0.0001333867,5.184434,broken,broken
227294,317,5.184434,0.0,-0.4144973,-0.28928035,1,[np.float32(4.45615)],[np.float32(0.00026673783)],0.00026673783,5.0099363,broken,broken
227294,345,7.5358305,0.0,-0.29676932,-0.6185912,1,[np.float32(4.45615)],[np.float32(0.0001333867)],0.0001333867,5.0934668,broken,broken
227294,346,6.214031,0.0,-0.48050308,-0.705942,1,[np.float32(4.45615)],[np.float32(0.0007332311)],0.0007332311,4.45615,broken,broken
227294,358,5.877573,0.0,-0.4756775,-0.2869397,1,[np.float32(4.45615)],[np.float32(0.0001333867)],0.0001333867,6.9761195,broken,broken
227294,368,5.284512,0.0,-0.4252271,-0.8216146,2,"[np.float32(4.45615), np.float32(6.088874)]","[np.float32(0.00026673783), np.float32(0.00053333334)]",0.00053333334,6.088874,broken,broken
227294,370,7.1303654,0.0,-0.36039183,-0.6784667,1,[np.float32(4.45615)],[np.float32(0.00026673783)],0.00026673783,5.0934668,broken,broken
227294,371,5.786329,0.0,-0.4698759,-0.40965933,1,[np.float32(4.45615)],[np.float32(0.00026673783)],0.00026673783,4.45615,broken,broken
227294,372,7.5358305,0.0,-0.29693586,-0.6185912,1,[np.float32(4.45615)],[np.float32(0.0001333867)],0.0001333867,5.284512,broken,broken
227294,376,5.877573,0.0,-0.4755757,-0.5113679,1,[np.float32(4.45615)],[np.float32(0.00040005337)],0.00040005337,6.9761195,broken,broken
227294,400,6.214031,0.0,-0.4805367,-0.35423136,1,[np.float32(4.45615)],[np.float32(0.0001333867)],0.0001333867,4.5525913,broken,broken
227294,420,4.951692,0.0,-0.38897988,-0.38612324,1,[np.float32(4.45615)],[np.float32(0.00053333334)],0.00053333334,5.487917,broken,broken
227294,424,7.5358305,0.0,-0.29696247,-0.7595597,1,[np.float32(4.45615)],[np.float32(0.00026673783)],0.00026673783,4.45615,broken,broken
227294,425,5.977319,0.0,-0.47901782,-0.30688888,1,[np.float32(4.45615)],[np.float32(0.0001333867)],0.0001333867,4.45615,broken,broken
227294,426,6.842684,0.0,-0.40336677,-0.6209303,1,[np.float32(4.45615)],[np.float32(0.00026673783)],0.00026673783,4.45615,broken,broken
227294,429,5.487917,0.0,-0.44641465,-0.34997696,1,[np.float32(4.45615)],[np.float32(0.00026673783)],0.00026673783,4.951692,broken,broken
227294,430,4.8111362,0.0,-0.37356624,-0.21462083,1,[np.float32(4.45615)],[np.float32(0.00026673783)],0.00026673783,4.8111362,broken,broken
227294,432,8.228977,0.0,-0.18166618,-0.75722057,1,[np.float32(4.45615)],[np.float32(0.0001333867)],0.0001333867,4.45615,broken,broken
227294,442,6.7248263,0.0,-0.42037764,-0.7655307,1,[np.float32(4.45615)],[np.float32(0.00060000445)],0.00060000445,4.45615,broken,broken
227294,443,5.977319,0.0,-0.47900626,-0.44785732,1,[np.float32(4.45615)],[np.float32(0.00026673783)],0.00026673783,4.45615,broken,broken
227294,445,4.5525913,0.0,-0.34428,-0.8150611,1,[np.float32(6.088874)],[np.float32(0.0008664222)],0.0008664222,6.088874,broken,broken
227294,447,7.5358305,0.0,-0.29696247,-0.7595597,1,[np.float32(4.45615)],[np.float32(0.00026673783)],0.00026673783,4.45615,broken,broken
227294,458,7.1303654,0.0,-0.3603092,-0.6784667,1,[np.float32(4.45615)],[np.float32(0.00026673783)],0.00026673783,4.45615,broken,broken
227294,477,6.18106,0.0,-0.4811795,-0.833676,1,[np.float32(6.088874)],[np.float32(0.00026673783)],0.00026673783,4.5525913,broken,broken
227294,486,6.18106,0.0,-0.48122868,-0.63199675,1,[np.float32(4.45615)],[np.float32(0.00053333334)],0.00053333334,4.45615,broken,broken
254780,8,4.8615465,0.0,-0.37919745,-0.2970287,1,[np.float32(4.8111362)],[np.float32(0.00026673783)],0.00026673783,5.184434,fixed,unchanged
254780,12,4.411208,0.0,-0.32755774,-0.59932476,2,"[np.float32(5.901499), np.float32(4.8111362)]","[np.float32(0.00053333334), np.float32(0.00053333334)]",0.00053333334,6.214031,fixed,unchanged
254780,17,5.901499,0.0,-0.4767239,-0.65054494,1,[np.float32(4.8111362)],[np.float32(0.00053333334)],0.00053333334,4.8111362,fixed,unchanged
254780,20,6.842684,0.0,-0.40334874,-0.69325614,1,[np.float32(4.8111362)],[np.float32(0.00026673783)],0.00026673783,4.8111362,fixed,unchanged
254780,22,7.5358305,0.0,-0.29696527,-0.689895,1,[np.float32(4.8111362)],[np.float32(0.0001333867)],0.0001333867,4.411208,fixed,unchanged
254780,23,5.786329,0.0,-0.4698601,-0.48198515,1,[np.float32(4.8111362)],[np.float32(0.00026673783)],0.00026673783,4.8111362,fixed,unchanged
254780,24,7.5358305,0.0,-0.29696527,-0.689895,1,[np.float32(4.8111362)],[np.float32(0.0001333867)],0.0001333867,4.411208,fixed,unchanged
254780,34,8.228977,0.0,-0.18158333,-0.8285243,1,[np.float32(4.8111362)],[np.float32(0.0001333867)],0.0001333867,4.8111362,fixed,unchanged
254780,35,5.977319,0.0,-0.47901878,-0.3781926,1,[np.float32(4.8111362)],[np.float32(0.0001333867)],0.0001333867,4.8111362,fixed,unchanged
254780,36,5.0301485,0.0,-0.39756003,-0.47627488,1,[np.float32(4.8111362)],[np.float32(0.00053333334)],0.00053333334,5.1152887,fixed,unchanged
254780,37,7.5358305,0.0,-0.29700044,-0.8318855,1,[np.float32(4.8111362)],[np.float32(0.00026673783)],0.00026673783,4.8111362,fixed,unchanged
254780,38,5.1152887,0.0,-0.40691864,-0.34777713,1,[np.float32(4.8111362)],[np.float32(0.00026673783)],0.00026673783,5.0301485,fixed,unchanged
254780,40,4.8111362,0.0,-0.37351447,-0.28694662,1,[np.float32(4.8111362)],[np.float32(0.00026673783)],0.00026673783,4.8111362,fixed,unchanged
254780,72,5.184434,0.0,-0.4143287,-0.50713193,1,[np.float32(4.8111362)],[np.float32(0.00053333334)],0.00053333334,4.8615465,fixed,unchanged
254780,78,6.214031,0.0,-0.48056498,-0.4255351,1,[np.float32(4.8111362)],[np.float32(0.0001333867)],0.0001333867,4.411208,fixed,unchanged
254780,83,5.877573,0.0,-0.47552684,-0.58474547,1,[np.float32(4.8111362)],[np.float32(0.00040005337)],0.00040005337,6.9761195,fixed,unchanged
254780,113,5.877573,0.0,-0.4756165,-0.35824347,1,[np.float32(4.8111362)],[np.float32(0.0001333867)],0.0001333867,4.411208,fixed,unchanged
262180,3,6.118513,0.0,-0.48122984,-0.82116663,1,[np.float32(6.088874)],[np.float32(0.00026673783)],0.00026673783,6.088874,fixed,fixed
262180,12,4.411208,0.0,-0.32755774,-0.59932476,1,[np.float32(5.901499)],[np.float32(0.00053333334)],0.00053333334,6.214031,fixed,fixed
262180,21,6.088874,0.0,-0.48099405,-0.47617355,1,[np.float32(5.184434)],[np.float32(0.0001333867)],0.0001333867,6.7248263,fixed,fixed
262180,25,5.2083592,0.0,-0.41708148,-0.63913584,1,[np.float32(6.088874)],[np.float32(0.00026673783)],0.00026673783,4.5525913,fixed,fixed
262180,29,6.088874,0.0,-0.48099405,-0.82869947,1,[np.float32(7.5358305)],[np.float32(6.66978e-05)],6.66978e-05,6.7248263,fixed,fixed
262180,30,4.5525913,0.0,-0.34430584,-0.8150611,1,[np.float32(6.088874)],[np.float32(0.0008664222)],0.0008664222,6.214031,fixed,fixed
262180,72,5.184434,0.0,-0.41454184,-0.58774126,1,[np.float32(5.184434)],[np.float32(0.00053333334)],0.00053333334,4.8615465,fixed,fixed
262180,75,5.0934668,0.0,-0.4047962,-0.42065996,1,[np.float32(5.184434)],[np.float32(0.00026673783)],0.00026673783,6.5241694,fixed,fixed
262180,81,5.877573,0.0,-0.47565442,-0.83709306,1,[np.float32(5.184434)],[np.float32(0.0008664222)],0.0008664222,5.184434,fixed,fixed
262180,83,5.877573,0.0,-0.47564963,-0.7864393,1,[np.float32(7.5358305)],[np.float32(6.66978e-05)],6.66978e-05,6.9761195,fixed,fixed
262180,84,8.228977,0.0,-0.18147062,-1.2567202,1,[np.float32(7.5358305)],[np.float32(6.66978e-05)],6.66978e-05,6.088874,fixed,fixed
262180,85,6.842684,0.0,-0.40314013,-1.148921,1,[np.float32(7.5358305)],[np.float32(0.0001333867)],0.0001333867,6.088874,fixed,fixed
262180,88,7.1303654,0.0,-0.36035883,-0.82803977,1,[np.float32(5.184434)],[np.float32(0.00026673783)],0.00026673783,5.184434,fixed,fixed
262180,89,7.5358305,0.0,-0.2969284,-0.76556486,1,[np.float32(5.184434)],[np.float32(0.0001333867)],0.0001333867,5.0934668,fixed,fixed
262180,90,5.4253707,0.0,-0.44001442,-0.48704076,1,[np.float32(5.184434)],[np.float32(0.00026673783)],0.00026673783,5.184434,fixed,fixed
262180,93,7.5358305,0.0,-0.29673502,-1.1180909,1,[np.float32(7.5358305)],[np.float32(6.66978e-05)],6.66978e-05,5.786329,fixed,fixed
262180,97,6.214031,0.0,-0.48053843,-0.501205,1,[np.float32(5.184434)],[np.float32(0.0001333867)],0.0001333867,5.0934668,fixed,fixed
262180,114,8.228977,0.0,-0.18164444,-0.90419424,1,[np.float32(5.184434)],[np.float32(0.0001333867)],0.0001333867,5.184434,fixed,fixed
262180,115,7.5358305,0.0,-0.29681233,-1.1180909,1,[np.float32(7.5358305)],[np.float32(6.66978e-05)],6.66978e-05,4.411208,fixed,fixed
262180,116,6.214031,0.0,-0.48052308,-0.853731,1,[np.float32(7.5358305)],[np.float32(6.66978e-05)],6.66978e-05,5.0934668,fixed,fixed
262180,118,6.842684,0.0,-0.40314642,-1.148921,1,[np.float32(7.5358305)],[np.float32(0.0001333867)],0.0001333867,5.877573,fixed,fixed
262180,119,8.228977,0.0,-0.18147309,-1.2567202,1,[np.float32(7.5358305)],[np.float32(6.66978e-05)],6.66978e-05,5.877573,fixed,fixed
262180,122,5.877573,0.0,-0.47567627,-0.7864393,2,"[np.float32(5.184434), np.float32(7.5358305)]","[np.float32(0.0001333867), np.float32(6.66978e-05)]",0.0001333867,6.7248263,fixed,fixed
262180,176,6.088874,0.0,-0.48100263,-0.8152388,1,[np.float32(6.088874)],[np.float32(0.00026673783)],0.00026673783,5.284512,fixed,fixed
262180,195,6.7248263,0.0,-0.42031616,-0.9220419,1,[np.float32(5.184434)],[np.float32(0.00060000445)],0.00060000445,5.184434,fixed,fixed
262180,196,5.625983,0.0,-0.45880923,-0.3835954,1,[np.float32(5.184434)],[np.float32(0.0001333867)],0.0001333867,5.184434,fixed,fixed
262180,201,5.877573,0.0,-0.47551346,-0.726369,1,[np.float32(5.184434)],[np.float32(0.00053333334)],0.00053333334,5.184434,fixed,fixed
262180,205,5.184434,0.0,-0.41436973,-0.58774126,1,[np.float32(5.184434)],[np.float32(0.00053333334)],0.00053333334,5.877573,fixed,fixed
262180,207,7.1303654,0.0,-0.36035863,-0.82803977,1,[np.float32(5.184434)],[np.float32(0.00026673783)],0.00026673783,5.184434,fixed,fixed
262180,232,8.228977,0.0,-0.18164434,-0.90419424,1,[np.float32(5.184434)],[np.float32(0.0001333867)],0.0001333867,5.184434,fixed,fixed
269384,105,6.088874,0.0,-0.48097622,-0.8152388,1,[np.float32(6.088874)],[np.float32(0.00026673783)],0.00026673783,4.5525913,fixed,fixed
269384,107,5.284512,0.0,-0.42523423,-0.9614452,2,"[np.float32(6.088874), np.float32(5.284512)]","[np.float32(0.0008664222), np.float32(0.00053333334)]",0.0008664222,6.088874,fixed,fixed
269384,165,5.0934668,0.0,-0.40473327,-0.44162473,2,"[np.float32(5.284512), np.float32(5.877573)]","[np.float32(0.00026673783), np.float32(0.0001333867)]",0.00026673783,6.214031,fixed,fixed
269384,180,5.0934668,0.0,-0.40478095,-0.49886718,1,[np.float32(5.5545464)],[np.float32(0.00026673783)],0.00026673783,6.214031,fixed,fixed
269384,218,6.214031,0.0,-0.4805098,-0.75246465,1,[np.float32(5.284512)],[np.float32(0.00040005337)],0.00040005337,5.284512,fixed,fixed
269384,221,5.0934668,0.0,-0.40481856,-0.61615735,2,"[np.float32(6.088874), np.float32(5.284512)]","[np.float32(0.00026673783), np.float32(0.00026673783)]",0.00026673783,6.214031,fixed,fixed
269384,224,6.088874,1.0,-0.9974663,-0.79076695,1,[np.float32(5.284512)],[np.float32(0.00053333334)],0.00053333334,5.284512,fixed,fixed
269384,226,5.284512,1.0,-0.99785453,-0.8216146,1,[np.float32(6.088874)],[np.float32(0.00053333334)],0.00053333334,6.088874,fixed,fixed
269384,227,6.088501,0.0,-0.4809984,-0.49652252,1,[np.float32(5.284512)],[np.float32(0.0001333867)],0.0001333867,5.284512,fixed,fixed
269384,228,7.5358305,0.0,-0.29697898,-0.93009746,1,[np.float32(5.284512)],[np.float32(0.00026673783)],0.00026673783,5.284512,fixed,fixed
269384,249,6.842684,0.0,-0.4031463,-0.8561001,1,[np.float32(5.877573)],[np.float32(0.0002000667)],0.0002000667,5.877573,fixed,fixed
269384,252,5.877573,0.0,-0.47571552,-0.43335372,1,[np.float32(5.877573)],[np.float32(6.66978e-05)],6.66978e-05,6.7248263,fixed,fixed
269384,253,5.786329,0.0,-0.46992558,-0.4360881,1,[np.float32(5.284512)],[np.float32(0.0001333867)],0.0001333867,5.0934668,fixed,fixed
269384,254,8.228977,0.0,-0.18147406,-0.90363455,1,[np.float32(5.877573)],[np.float32(6.66978e-05)],6.66978e-05,5.786329,fixed,fixed
269384,267,6.214031,0.0,-0.48051235,-0.52105373,1,[np.float32(5.977319)],[np.float32(6.66978e-05)],6.66978e-05,5.0934668,fixed,fixed
269384,268,6.842684,0.0,-0.4031463,-0.64678425,1,[np.float32(5.977319)],[np.float32(6.66978e-05)],6.66978e-05,5.877573,fixed,fixed
269384,269,7.5358305,0.0,-0.29678696,-0.7854136,1,[np.float32(5.977319)],[np.float32(6.66978e-05)],6.66978e-05,5.0934668,fixed,fixed
269384,271,5.877573,0.0,-0.4757208,-0.43335372,1,[np.float32(5.877573)],[np.float32(6.66978e-05)],6.66978e-05,6.7248263,fixed,fixed
269384,278,5.5545464,0.0,-0.45273206,-0.51231617,1,[np.float32(5.877573)],[np.float32(0.0001333867)],0.0001333867,5.877573,fixed,fixed
269384,281,5.0934668,0.0,-0.40474123,-0.42010027,1,[np.float32(5.877573)],[np.float32(0.0001333867)],0.0001333867,6.214031,fixed,fixed
269384,291,5.877573,0.0,-0.4757189,-0.5978693,1,[np.float32(5.977319)],[np.float32(0.0001333867)],0.0001333867,6.7248263,fixed,fixed
269384,295,5.877573,0.0,-0.47572637,-0.56743723,1,[np.float32(5.4253707)],[np.float32(0.0002000667)],0.0002000667,6.7248263,fixed,fixed
269384,298,5.877573,0.0,-0.4756979,-0.43335372,1,[np.float32(5.877573)],[np.float32(6.66978e-05)],6.66978e-05,6.7248263,fixed,fixed
269384,330,6.214031,0.0,-0.48069474,-0.8885271,1,[np.float32(5.284512)],[np.float32(0.0007332311)],0.0007332311,5.284512,fixed,fixed
269384,333,5.0934668,0.0,-0.40470392,-0.44162473,1,[np.float32(5.284512)],[np.float32(0.00026673783)],0.00026673783,4.5525913,fixed,fixed
269384,336,6.088874,0.0,-0.4810712,-0.90315497,2,"[np.float32(6.088874), np.float32(5.284512)]","[np.float32(0.00026673783), np.float32(0.0008664222)]",0.0008664222,5.284512,fixed,fixed
269384,338,4.5525913,0.0,-0.34425476,-0.48351043,1,[np.float32(5.284512)],[np.float32(0.00053333334)],0.00053333334,6.088874,fixed,fixed
269384,356,6.842684,0.0,-0.40314636,-0.534488,1,[np.float32(5.4253707)],[np.float32(6.66978e-05)],6.66978e-05,5.877573,fixed,fixed
269384,357,6.7248263,0.0,-0.42025742,-1.0856797,1,[np.float32(5.877573)],[np.float32(0.00060000445)],0.00060000445,5.877573,fixed,fixed
269384,359,5.4253707,0.0,-0.44008118,-0.57263744,1,[np.float32(5.877573)],[np.float32(0.0002000667)],0.0002000667,5.877573,fixed,fixed
269384,360,7.5358305,0.0,-0.29677817,-0.76500523,1,[np.float32(5.877573)],[np.float32(6.66978e-05)],6.66978e-05,6.842684,fixed,fixed
269384,361,6.842684,0.0,-0.40322462,-0.8561001,1,[np.float32(5.877573)],[np.float32(0.0002000667)],0.0002000667,5.877573,fixed,fixed
269384,362,7.5358305,0.0,-0.29676342,-0.76500523,1,[np.float32(5.877573)],[np.float32(6.66978e-05)],6.66978e-05,5.786329,fixed,fixed
269384,373,7.5358305,0.0,-0.29673478,-0.8148468,1,[np.float32(5.4253707)],[np.float32(0.0001333867)],0.0001333867,5.4253707,fixed,fixed
269384,374,6.842684,0.0,-0.4031463,-0.534488,1,[np.float32(5.4253707)],[np.float32(6.66978e-05)],6.66978e-05,5.877573,fixed,fixed
269384,376,5.877573,0.0,-0.47569847,-0.56743723,1,[np.float32(5.4253707)],[np.float32(0.0002000667)],0.0002000667,6.9761195,fixed,fixed
286734,11,5.901499,0.0,-0.4767239,-0.56677854,1,[np.float32(4.411208)],[np.float32(0.00053333334)],0.00053333334,4.411208,fixed,fixed
286734,14,7.1303654,0.0,-0.36031094,-0.669377,1,[np.float32(4.411208)],[np.float32(0.00026673783)],0.00026673783,4.411208,fixed,fixed
286734,15,5.786329,0.0,-0.4698009,-0.48392254,1,[np.float32(4.411208)],[np.float32(0.00040005337)],0.00040005337,4.411208,fixed,fixed
286734,16,7.5358305,0.0,-0.2968406,-0.6096061,1,[np.float32(4.411208)],[np.float32(0.0001333867)],0.0001333867,4.411208,fixed,fixed
286734,18,4.8111362,0.0,-0.37338153,-0.34870607,1,[np.float32(4.411208)],[np.float32(0.00053333334)],0.00053333334,4.411208,fixed,fixed
286734,20,6.842684,0.0,-0.4032967,-0.47097674,1,[np.float32(4.411208)],[np.float32(0.0001333867)],0.0001333867,4.8111362,fixed,fixed
286734,22,7.5358305,0.0,-0.29702216,-0.75047004,1,[np.float32(4.411208)],[np.float32(0.00026673783)],0.00026673783,4.411208,fixed,fixed
286734,23,5.786329,0.0,-0.4699092,-0.25970572,1,[np.float32(4.411208)],[np.float32(0.0001333867)],0.0001333867,4.8111362,fixed,fixed
286734,24,7.5358305,0.0,-0.29702216,-0.75047004,1,[np.float32(4.411208)],[np.float32(0.00026673783)],0.00026673783,4.411208,fixed,fixed
286734,27,4.8111362,0.0,-0.3735145,-0.20553121,1,[np.float32(4.411208)],[np.float32(0.00026673783)],0.00026673783,5.901499,fixed,fixed
286734,57,4.45615,0.0,-0.33315057,-0.29263693,1,[np.float32(5.877573)],[np.float32(0.0001333867)],0.0001333867,6.214031,fixed,fixed
286734,78,6.214031,0.0,-0.48074996,-0.7322286,1,[np.float32(4.411208)],[np.float32(0.0008664222)],0.0008664222,4.411208,fixed,fixed
286734,80,5.977319,0.0,-0.47901767,-0.29790372,1,[np.float32(4.411208)],[np.float32(0.0001333867)],0.0001333867,4.411208,fixed,fixed
286734,81,5.877573,0.0,-0.4755725,-0.41881856,1,[np.float32(4.411208)],[np.float32(0.00026673783)],0.00026673783,5.184434,fixed,fixed
286734,82,7.5358305,0.0,-0.29699942,-0.75047004,1,[np.float32(4.411208)],[np.float32(0.00026673783)],0.00026673783,4.411208,fixed,fixed
286734,110,6.7248263,0.0,-0.4203813,-0.7561689,1,[np.float32(4.411208)],[np.float32(0.00060000445)],0.00060000445,4.411208,fixed,fixed
286734,111,5.977319,0.0,-0.47900593,-0.43876773,1,[np.float32(4.411208)],[np.float32(0.00026673783)],0.00026673783,4.411208,fixed,fixed
286734,113,5.877573,0.0,-0.47549367,-0.5619934,1,[np.float32(4.411208)],[np.float32(0.00053333334)],0.00053333334,4.411208,fixed,fixed
286734,115,7.5358305,0.0,-0.29684076,-0.6096061,1,[np.float32(4.411208)],[np.float32(0.0001333867)],0.0001333867,4.411208,fixed,fixed
286734,116,6.214031,0.0,-0.48060718,-0.569463,1,[np.float32(4.411208)],[np.float32(0.00040005337)],0.00040005337,5.0934668,fixed,fixed
286734,120,5.0934668,0.0,-0.40454265,-0.40517217,1,[np.float32(4.411208)],[np.float32(0.00053333334)],0.00053333334,6.214031,fixed,fixed
286734,125,5.877573,0.0,-0.47564813,-0.8824607,1,[np.float32(6.842684)],[np.float32(0.0002000667)],0.0002000667,6.9761195,fixed,fixed
286734,132,6.842684,1.0,-0.9968369,-0.8561001,1,[np.float32(5.877573)],[np.float32(0.0002000667)],0.0002000667,5.877573,fixed,fixed
286734,135,5.877573,0.0,-0.47571552,-0.43335372,1,[np.float32(5.877573)],[np.float32(6.66978e-05)],6.66978e-05,6.7248263,fixed,fixed
286734,136,5.786329,0.0,-0.46993855,-0.61586916,1,[np.float32(6.842684)],[np.float32(6.66978e-05)],6.66978e-05,4.45615,fixed,fixed
286734,137,8.228977,0.0,-0.18147406,-0.90363455,1,[np.float32(5.877573)],[np.float32(6.66978e-05)],6.66978e-05,5.786329,fixed,fixed
286734,138,7.5358305,0.0,-0.29681432,-1.1181976,1,[np.float32(6.842684)],[np.float32(0.0001333867)],0.0001333867,6.842684,fixed,fixed
286734,139,6.214031,0.0,-0.48056373,-0.34524623,1,[np.float32(4.411208)],[np.float32(0.0001333867)],0.0001333867,4.5525913,fixed,fixed
286734,141,7.1303654,0.0,-0.36039367,-0.669377,1,[np.float32(4.411208)],[np.float32(0.00026673783)],0.00026673783,4.411208,fixed,fixed
286734,155,5.877573,0.0,-0.4757208,-0.43335372,1,[np.float32(5.877573)],[np.float32(6.66978e-05)],6.66978e-05,6.7248263,fixed,fixed
286734,156,5.786329,0.0,-0.46999204,-0.61586916,1,[np.float32(6.842684)],[np.float32(6.66978e-05)],6.66978e-05,6.088874,fixed,fixed
286734,161,5.877573,1.0,-0.9976191,-0.8824607,1,[np.float32(6.842684)],[np.float32(0.0002000667)],0.0002000667,6.7248263,fixed,fixed
286734,162,5.5545464,0.0,-0.45273206,-0.51231617,1,[np.float32(5.877573)],[np.float32(0.0001333867)],0.0001333867,5.877573,fixed,fixed
286734,165,5.0934668,0.0,-0.4046794,-0.42010027,1,[np.float32(5.877573)],[np.float32(0.0001333867)],0.0001333867,6.214031,fixed,fixed
286734,185,5.877573,0.0,-0.4756979,-0.43335372,1,[np.float32(5.877573)],[np.float32(6.66978e-05)],6.66978e-05,6.7248263,fixed,fixed
286734,245,6.7248263,0.0,-0.42025742,-1.0856797,1,[np.float32(5.877573)],[np.float32(0.00060000445)],0.00060000445,5.877573,fixed,fixed
286734,247,5.4253707,0.0,-0.44008118,-0.57263744,1,[np.float32(5.877573)],[np.float32(0.0002000667)],0.0002000667,5.877573,fixed,fixed
286734,248,7.5358305,0.0,-0.29677817,-0.76500523,1,[np.float32(5.877573)],[np.float32(6.66978e-05)],6.66978e-05,6.842684,fixed,fixed
286734,249,6.842684,0.0,-0.40322462,-0.8561001,1,[np.float32(5.877573)],[np.float32(0.0002000667)],0.0002000667,5.877573,fixed,fixed
286734,250,7.5358305,0.0,-0.29676342,-0.76500523,1,[np.float32(5.877573)],[np.float32(6.66978e-05)],6.66978e-05,5.786329,fixed,fixed
286734,338,4.5525913,0.0,-0.34447664,-0.85726804,1,[np.float32(6.214031)],[np.float32(0.0008664222)],0.0008664222,6.088874,fixed,fixed
286734,389,5.877573,0.0,-0.47571856,-1.1755139,1,[np.float32(6.9761195)],[np.float32(0.00046674226)],0.00046674226,4.411208,fixed,fixed
286734,393,4.411208,0.0,-0.3279832,-0.35482073,2,"[np.float32(6.214031), np.float32(5.786329)]","[np.float32(0.0001333867), np.float32(0.0001333867)]",0.0001333867,6.214031,fixed,fixed
286734,405,5.0934668,0.0,-0.40477806,-0.61004305,1,[np.float32(5.366584)],[np.float32(0.00053333334)],0.00053333334,6.5241694,fixed,fixed
286734,410,6.088874,0.0,-0.48099455,-0.60011613,1,[np.float32(5.786329)],[np.float32(0.0001333867)],0.0001333867,6.7248263,fixed,fixed
286734,416,5.184434,0.0,-0.41460726,-0.47710562,1,[np.float32(5.366584)],[np.float32(0.00026673783)],0.00026673783,4.8615465,fixed,fixed
286734,428,4.8111362,0.0,-0.37364107,-0.43480635,1,[np.float32(6.214031)],[np.float32(0.0001333867)],0.0001333867,4.5525913,fixed,fixed
286734,452,4.8111362,0.0,-0.37362254,-0.49249902,2,"[np.float32(5.786329), np.float32(5.366584)]","[np.float32(0.00026673783), np.float32(0.00026673783)]",0.00026673783,4.411208,fixed,fixed
286734,463,5.0301485,0.0,-0.39776978,-0.7636324,1,[np.float32(5.366584)],[np.float32(0.0010660978)],0.0010660978,5.366584,fixed,fixed
286734,480,6.5241694,0.0,-0.44788107,-0.7450527,1,[np.float32(5.366584)],[np.float32(0.00026673783)],0.00026673783,5.0934668,fixed,fixed
289833,75,5.0934668,0.0,-0.4047962,-0.7418235,1,[np.float32(6.214031)],[np.float32(0.00040005337)],0.00040005337,6.5241694,fixed,fixed
289833,86,5.184434,0.0,-0.41458565,-0.5094659,1,[np.float32(6.214031)],[np.float32(0.0001333867)],0.0001333867,5.877573,fixed,fixed
289833,95,5.977319,0.0,-0.4790306,-0.5223955,1,[np.float32(6.214031)],[np.float32(6.66978e-05)],6.66978e-05,6.088874,fixed,fixed
289833,98,7.5358305,0.0,-0.29678965,-0.83409786,1,[np.float32(6.214031)],[np.float32(6.66978e-05)],6.66978e-05,6.842684,fixed,fixed
289833,102,5.0934668,0.0,-0.40450427,-0.90978986,1,[np.float32(6.214031)],[np.float32(0.0007332311)],0.0007332311,6.214031,fixed,fixed
289833,129,5.877573,0.0,-0.47570693,-0.5024463,1,[np.float32(6.214031)],[np.float32(6.66978e-05)],6.66978e-05,6.7248263,fixed,fixed
289833,135,5.877573,0.0,-0.47571552,-1.1755139,1,[np.float32(6.7248263)],[np.float32(0.00060000445)],0.00060000445,6.7248263,fixed,fixed
289833,180,5.0934668,0.0,-0.40478095,-0.5496383,1,[np.float32(5.0934668)],[np.float32(0.00053333334)],0.00053333334,6.214031,fixed,fixed
289833,192,5.184434,0.0,-0.41455448,-0.41989845,1,[np.float32(5.0934668)],[np.float32(0.00026673783)],0.00026673783,5.877573,fixed,fixed
289833,267,6.214031,0.0,-0.48051235,-0.71150875,1,[np.float32(5.0934668)],[np.float32(0.00040005337)],0.00040005337,5.0934668,fixed,fixed
289833,269,7.5358305,0.0,-0.29678696,-0.7470538,1,[np.float32(5.0934668)],[np.float32(0.0001333867)],0.0001333867,5.0934668,fixed,fixed
289833,291,5.877573,0.0,-0.4757189,-0.7864393,2,"[np.float32(5.0934668), np.float32(7.5358305)]","[np.float32(0.0001333867), np.float32(6.66978e-05)]",0.0001333867,6.7248263,fixed,fixed
289833,297,5.4253707,0.0,-0.44006652,-0.32496184,1,[np.float32(5.0934668)],[np.float32(0.0001333867)],0.0001333867,5.184434,fixed,fixed
289833,300,7.1303654,0.0,-0.36036596,-0.8090847,1,[np.float32(5.0934668)],[np.float32(0.00026673783)],0.00026673783,5.0934668,fixed,fixed
289833,301,7.5358305,0.0,-0.29698518,-0.8901777,1,[np.float32(5.0934668)],[np.float32(0.00026673783)],0.00026673783,5.0934668,fixed,fixed
289833,302,5.5545464,0.0,-0.4526419,-0.49392095,1,[np.float32(5.0934668)],[np.float32(0.00026673783)],0.00026673783,5.0934668,fixed,fixed
289833,360,7.5358305,0.0,-0.29674977,-1.1180909,1,[np.float32(7.5358305)],[np.float32(6.66978e-05)],6.66978e-05,6.842684,fixed,fixed
289833,368,5.284512,0.0,-0.4252271,-0.43991408,1,[np.float32(5.0934668)],[np.float32(0.00026673783)],0.00026673783,6.088874,fixed,fixed
289833,377,5.4253707,0.0,-0.44010708,-0.86545837,1,[np.float32(7.5358305)],[np.float32(0.0001333867)],0.0001333867,5.877573,fixed,fixed
289833,378,7.5358305,0.0,-0.29677817,-1.1180909,1,[np.float32(7.5358305)],[np.float32(6.66978e-05)],6.66978e-05,6.842684,fixed,fixed
289833,379,6.214031,0.0,-0.48069736,-0.84472907,1,[np.float32(5.0934668)],[np.float32(0.0007332311)],0.0007332311,5.0934668,fixed,fixed
289833,381,7.5358305,0.0,-0.29684383,-0.7470538,1,[np.float32(5.0934668)],[np.float32(0.0001333867)],0.0001333867,5.0934668,fixed,fixed
289833,383,6.088874,0.0,-0.4810005,-0.82869947,1,[np.float32(7.5358305)],[np.float32(6.66978e-05)],6.66978e-05,6.7248263,fixed,fixed
289833,393,4.411208,0.0,-0.3279832,-0.8289914,2,"[np.float32(5.786329), np.float32(6.214031)]","[np.float32(0.00040005337), np.float32(0.0008664222)]",0.0008664222,6.214031,fixed,fixed
289833,398,6.7248263,0.0,-0.4203238,-0.90187836,1,[np.float32(5.0934668)],[np.float32(0.00060000445)],0.00060000445,5.0934668,fixed,fixed
289833,401,5.5545464,0.0,-0.45272678,-0.350797,1,[np.float32(5.0934668)],[np.float32(0.0001333867)],0.0001333867,5.0934668,fixed,fixed
289833,402,6.088874,0.0,-0.48100662,-0.60078645,1,[np.float32(5.0934668)],[np.float32(0.00026673783)],0.00026673783,4.5525913,fixed,fixed
289833,403,6.088874,0.0,-0.48100504,-0.4576625,1,[np.float32(5.0934668)],[np.float32(0.0001333867)],0.0001333867,6.7248263,fixed,fixed
289833,405,5.0934668,0.0,-0.4045627,-0.5496383,1,[np.float32(5.0934668)],[np.float32(0.00053333334)],0.00053333334,6.5241694,fixed,fixed
289833,412,7.1303654,0.0,-0.36036596,-0.8090847,1,[np.float32(5.0934668)],[np.float32(0.00026673783)],0.00026673783,5.0934668,fixed,fixed
289833,445,4.5525913,0.0,-0.3445296,-0.29352993,1,[np.float32(5.0934668)],[np.float32(0.00026673783)],0.00026673783,6.088874,fixed,fixed
289833,452,4.8111362,0.0,-0.37362254,-0.43480635,1,[np.float32(6.214031)],[np.float32(0.0001333867)],0.0001333867,4.411208,fixed,fixed
289833,470,4.8615465,0.0,-0.3792249,-0.4448884,1,[np.float32(6.214031)],[np.float32(0.0001333867)],0.0001333867,5.184434,fixed,fixed
293108,8,4.8615465,0.0,-0.37919745,-0.75370705,1,[np.float32(5.184434)],[np.float32(0.0013988314)],0.0013988314,5.184434,fixed,fixed
293108,10,5.2083592,0.0,-0.41704214,-0.5925263,1,[np.float32(5.184434)],[np.float32(0.00053333334)],0.00053333334,4.8615465,fixed,fixed
293108,12,4.411208,0.0,-0.32775834,-0.35482073,1,[np.float32(6.214031)],[np.float32(0.0001333867)],0.0001333867,6.214031,fixed,fixed
293108,18,4.8111362,0.0,-0.3736032,-0.51308167,1,[np.float32(5.184434)],[np.float32(0.00053333334)],0.00053333334,4.411208,fixed,fixed
293108,21,6.088874,0.0,-0.48099405,-0.47617355,1,[np.float32(5.184434)],[np.float32(0.0001333867)],0.0001333867,6.7248263,fixed,fixed
293108,27,4.8111362,0.0,-0.3736254,-0.43480635,1,[np.float32(6.214031)],[np.float32(0.0001333867)],0.0001333867,5.901499,fixed,fixed
293108,30,4.5525913,0.0,-0.34430584,-0.85726804,2,"[np.float32(6.214031), np.float32(6.088874)]","[np.float32(0.0008664222), np.float32(0.00053333334)]",0.0008664222,6.214031,fixed,fixed
293108,36,5.0301485,0.0,-0.39777696,-0.40799633,1,[np.float32(5.184434)],[np.float32(0.00026673783)],0.00026673783,5.1152887,fixed,fixed
293108,38,5.1152887,0.0,-0.40702605,-0.42502436,1,[np.float32(5.184434)],[np.float32(0.00026673783)],0.00026673783,5.0301485,fixed,fixed
293108,71,6.9761195,0.0,-0.38337436,-0.91677856,1,[np.float32(5.184434)],[np.float32(0.00046674226)],0.00046674226,5.184434,fixed,fixed
293108,73,5.625983,0.0,-0.4588093,-0.3835954,1,[np.float32(5.184434)],[np.float32(0.0001333867)],0.0001333867,5.184434,fixed,fixed
293108,81,5.877573,0.0,-0.47549087,-0.726369,1,[np.float32(5.184434)],[np.float32(0.00053333334)],0.00053333334,5.184434,fixed,fixed
293108,86,5.184434,0.0,-0.41437265,-0.58774126,1,[np.float32(5.184434)],[np.float32(0.00053333334)],0.00053333334,5.877573,fixed,fixed
293108,88,7.1303654,0.0,-0.36035872,-0.82803977,1,[np.float32(5.184434)],[np.float32(0.00026673783)],0.00026673783,5.184434,fixed,fixed
293108,113,5.877573,0.0,-0.47565743,-0.8824607,1,[np.float32(6.842684)],[np.float32(0.0002000667)],0.0002000667,4.411208,fixed,fixed
293108,114,8.228977,0.0,-0.18164442,-0.90419424,1,[np.float32(5.184434)],[np.float32(0.0001333867)],0.0001333867,5.184434,fixed,fixed
293108,123,5.786329,0.0,-0.469992,-0.61586916,1,[np.float32(6.842684)],[np.float32(6.66978e-05)],6.66978e-05,6.088874,fixed,fixed
293108,124,7.5358305,0.0,-0.29681432,-1.1181976,1,[np.float32(6.842684)],[np.float32(0.0001333867)],0.0001333867,6.842684,fixed,fixed
293108,142,5.786329,0.0,-0.46995744,-0.61586916,1,[np.float32(6.842684)],[np.float32(6.66978e-05)],6.66978e-05,5.0934668,fixed,fixed
293108,148,5.877573,0.0,-0.47565955,-0.8824607,1,[np.float32(6.842684)],[np.float32(0.0002000667)],0.0002000667,6.7248263,fixed,fixed
293108,169,6.088874,0.0,-0.48097715,-0.8152388,1,[np.float32(6.088874)],[np.float32(0.00026673783)],0.00026673783,4.5525913,fixed,fixed
293108,172,5.0934668,0.0,-0.40483937,-0.61615735,1,[np.float32(6.088874)],[np.float32(0.00026673783)],0.00026673783,4.5525913,fixed,fixed
293108,256,5.284512,0.0,-0.42496666,-0.9614452,1,[np.float32(6.088874)],[np.float32(0.0008664222)],0.0008664222,6.088874,fixed,fixed
293108,290,6.088874,0.0,-0.48100662,-0.8152388,1,[np.float32(6.088874)],[np.float32(0.00026673783)],0.00026673783,5.284512,fixed,fixed
306648,40,4.8111362,0.0,-0.3736254,-0.60442805,1,[np.float32(5.877573)],[np.float32(0.00040005337)],0.00040005337,4.8111362,fixed,fixed
306648,43,6.088874,0.0,-0.48099405,-0.4756139,1,[np.float32(5.877573)],[np.float32(6.66978e-05)],6.66978e-05,6.7248263,fixed,fixed
306648,48,4.5525913,0.0,-0.34430754,-0.48351043,2,"[np.float32(5.284512), np.float32(5.877573)]","[np.float32(0.00053333334), np.float32(0.0001333867)]",0.00053333334,6.088874,fixed,fixed
306648,57,4.45615,0.0,-0.33315057,-0.6717211,3,"[np.float32(6.842684), np.float32(5.284512), np.float32(5.877573)]","[np.float32(0.00026673783), np.float32(0.00026673783), np.float32(0.00040005337)]",0.00040005337,6.214031,fixed,fixed
306648,59,6.088874,0.0,-0.48100436,-0.8288062,2,"[np.float32(6.842684), np.float32(5.877573)]","[np.float32(0.0001333867), np.float32(6.66978e-05)]",0.0001333867,6.7248263,fixed,fixed
306648,60,4.951692,0.0,-0.38912544,-0.60136986,1,[np.float32(6.842684)],[np.float32(0.0001333867)],0.0001333867,5.2083592,fixed,fixed
306648,99,6.214031,0.0,-0.48052198,-0.75246465,1,[np.float32(5.284512)],[np.float32(0.00040005337)],0.00040005337,4.5525913,fixed,fixed
306648,102,5.0934668,0.0,-0.40480036,-0.44162473,1,[np.float32(5.284512)],[np.float32(0.00026673783)],0.00026673783,6.214031,fixed,fixed
306648,105,6.088874,0.0,-0.48097622,-0.79076695,1,[np.float32(5.284512)],[np.float32(0.00053333334)],0.00053333334,4.5525913,fixed,fixed
306648,108,6.088501,0.0,-0.4809984,-0.49652252,1,[np.float32(5.284512)],[np.float32(0.0001333867)],0.0001333867,5.284512,fixed,fixed
306648,109,7.5358305,0.0,-0.29699254,-0.93009746,1,[np.float32(5.284512)],[np.float32(0.00026673783)],0.00026673783,5.284512,fixed,fixed
306648,128,6.9761195,0.0,-0.38363707,-1.0739117,1,[np.float32(5.877573)],[np.float32(0.00046674226)],0.00046674226,5.877573,fixed,fixed
306648,130,5.4253707,0.0,-0.44008118,-0.57263744,1,[np.float32(5.877573)],[np.float32(0.0002000667)],0.0002000667,5.877573,fixed,fixed
306648,131,7.5358305,0.0,-0.29677817,-0.76500523,1,[np.float32(5.877573)],[np.float32(6.66978e-05)],6.66978e-05,6.842684,fixed,fixed
306648,132,6.842684,0.0,-0.4032246,-0.8561001,1,[np.float32(5.877573)],[np.float32(0.0002000667)],0.0002000667,5.877573,fixed,fixed
306648,133,7.5358305,0.0,-0.29676345,-0.76500523,1,[np.float32(5.877573)],[np.float32(6.66978e-05)],6.66978e-05,5.786329,fixed,fixed
306648,136,5.786329,0.0,-0.469914,-0.4360881,1,[np.float32(5.284512)],[np.float32(0.0001333867)],0.0001333867,4.45615,fixed,fixed
306648,218,6.214031,0.0,-0.48069474,-0.8885271,1,[np.float32(5.284512)],[np.float32(0.0007332311)],0.0007332311,5.284512,fixed,fixed
306648,221,5.0934668,0.0,-0.40471092,-0.44162473,1,[np.float32(5.284512)],[np.float32(0.00026673783)],0.00026673783,6.214031,fixed,fixed
306648,224,6.088874,0.0,-0.48105046,-0.90315497,1,[np.float32(5.284512)],[np.float32(0.0008664222)],0.0008664222,5.284512,fixed,fixed
306648,226,5.284512,0.0,-0.4250828,-0.6298946,1,[np.float32(5.284512)],[np.float32(0.00053333334)],0.00053333334,6.088874,fixed,fixed
332515,102,5.0934668,0.0,-0.40480036,-1.0186926,1,[np.float32(6.7248263)],[np.float32(0.00060000445)],0.00060000445,6.214031,fixed,fixed
332515,129,5.877573,0.0,-0.47572747,-0.8824607,1,[np.float32(6.842684)],[np.float32(0.0002000667)],0.0002000667,6.7248263,fixed,fixed
332515,214,5.977319,0.0,-0.4790271,-0.65406716,1,[np.float32(6.842684)],[np.float32(6.66978e-05)],6.66978e-05,5.877573,fixed,fixed
332515,217,7.5358305,0.0,-0.2968204,-1.1181976,1,[np.float32(6.842684)],[np.float32(0.0001333867)],0.0001333867,6.842684,fixed,fixed
332515,241,5.786329,0.0,-0.46998912,-0.61586916,1,[np.float32(6.842684)],[np.float32(6.66978e-05)],6.66978e-05,5.877573,fixed,fixed
332515,246,5.877573,0.0,-0.47566596,-0.8824607,1,[np.float32(6.842684)],[np.float32(0.0002000667)],0.0002000667,6.7248263,fixed,fixed
332515,271,5.877573,0.0,-0.4757208,-1.1755139,1,[np.float32(6.7248263)],[np.float32(0.00060000445)],0.00060000445,6.7248263,fixed,fixed
332515,362,7.5358305,0.0,-0.29673496,-1.1180909,1,[np.float32(7.5358305)],[np.float32(6.66978e-05)],6.66978e-05,5.786329,fixed,fixed
332515,379,6.214031,0.0,-0.48051235,-0.853731,1,[np.float32(7.5358305)],[np.float32(6.66978e-05)],6.66978e-05,5.0934668,fixed,fixed
332515,380,6.842684,0.0,-0.4031463,-1.148921,1,[np.float32(7.5358305)],[np.float32(0.0001333867)],0.0001333867,5.877573,fixed,fixed
332515,381,7.5358305,0.0,-0.29678696,-1.1180909,1,[np.float32(7.5358305)],[np.float32(6.66978e-05)],6.66978e-05,5.0934668,fixed,fixed
332515,383,6.088874,0.0,-0.48099533,-0.82869947,1,[np.float32(7.5358305)],[np.float32(6.66978e-05)],6.66978e-05,6.7248263,fixed,fixed
358969,12,4.411208,0.0,-0.32755774,-0.59932476,1,[np.float32(5.901499)],[np.float32(0.00053333334)],0.00053333334,6.214031,fixed,fixed
358969,18,4.8111362,0.0,-0.3733814,-0.6793104,2,"[np.float32(5.901499), np.float32(5.0301485)]","[np.float32(0.00053333334), np.float32(0.00053333334)]",0.00053333334,4.411208,fixed,fixed
358969,25,5.2083592,0.0,-0.41708148,-0.57261676,1,[np.float32(5.0934668)],[np.float32(0.00053333334)],0.00053333334,4.5525913,fixed,fixed
358969,27,4.8111362,0.0,-0.3736254,-0.34523892,1,[np.float32(5.0934668)],[np.float32(0.00026673783)],0.00026673783,5.901499,fixed,fixed
358969,30,4.5525913,0.0,-0.34430584,-0.532314,1,[np.float32(5.0934668)],[np.float32(0.00079978665)],0.00079978665,6.214031,fixed,fixed
358969,35,5.977319,0.0,-0.47902435,-0.42249498,1,[np.float32(5.0301485)],[np.float32(0.0001333867)],0.0001333867,4.8111362,fixed,fixed
358969,37,7.5358305,0.0,-0.29694366,-0.7341973,1,[np.float32(5.0301485)],[np.float32(0.0001333867)],0.0001333867,4.8111362,fixed,fixed
358969,38,5.1152887,0.0,-0.40659633,-0.6974976,1,[np.float32(5.0301485)],[np.float32(0.0010660978)],0.0010660978,5.0301485,fixed,fixed
358969,48,4.5525913,0.0,-0.34419632,-0.28038898,1,[np.float32(5.0301485)],[np.float32(0.00026673783)],0.00026673783,6.088874,fixed,fixed
358969,55,5.2083592,0.0,-0.41708148,-0.4246835,1,[np.float32(5.0934668)],[np.float32(0.00026673783)],0.00026673783,4.951692,fixed,fixed
358969,60,4.951692,0.0,-0.3891801,-0.5212833,1,[np.float32(5.0934668)],[np.float32(0.00053333334)],0.00053333334,5.2083592,fixed,fixed
358969,72,5.184434,0.0,-0.41443524,-0.4067575,1,[np.float32(5.0301485)],[np.float32(0.00026673783)],0.00026673783,4.8615465,fixed,fixed
358969,75,5.0934668,0.0,-0.40458086,-0.535889,1,[np.float32(5.0301485)],[np.float32(0.00053333334)],0.00053333334,6.5241694,fixed,fixed
358969,83,5.877573,0.0,-0.4756087,-0.40254584,1,[np.float32(5.0301485)],[np.float32(0.0001333867)],0.0001333867,6.9761195,fixed,fixed
358969,151,6.357125,0.0,-0.46888548,-0.828338,1,[np.float32(5.0934668)],[np.float32(0.00060000445)],0.00060000445,5.0934668,fixed,fixed
358969,153,7.5358305,0.0,-0.29673502,-0.7470538,1,[np.float32(5.0934668)],[np.float32(0.0001333867)],0.0001333867,5.0934668,fixed,fixed
358969,171,6.9761195,0.0,-0.38337436,-0.8971163,1,[np.float32(5.0934668)],[np.float32(0.00046674226)],0.00046674226,5.0934668,fixed,fixed
358969,175,5.5545464,0.0,-0.45272678,-0.350797,1,[np.float32(5.0934668)],[np.float32(0.0001333867)],0.0001333867,5.0934668,fixed,fixed
358969,176,6.088874,0.0,-0.48100266,-0.60078645,1,[np.float32(5.0934668)],[np.float32(0.00026673783)],0.00026673783,5.284512,fixed,fixed
358969,177,5.877573,0.0,-0.475678,-0.41540232,1,[np.float32(5.0934668)],[np.float32(0.0001333867)],0.0001333867,6.7248263,fixed,fixed
358969,180,5.0934668,0.0,-0.4045658,-0.5496383,1,[np.float32(5.0934668)],[np.float32(0.00053333334)],0.00053333334,6.214031,fixed,fixed
358969,187,5.4253707,0.0,-0.43982694,-0.61601907,1,[np.float32(5.0934668)],[np.float32(0.00053333334)],0.00053333334,5.0934668,fixed,fixed
358969,188,7.1303654,0.0,-0.36036605,-0.8090847,1,[np.float32(5.0934668)],[np.float32(0.00026673783)],0.00026673783,5.0934668,fixed,fixed
358969,256,5.284512,0.0,-0.42520392,-0.43991408,1,[np.float32(5.0934668)],[np.float32(0.00026673783)],0.00026673783,6.088874,fixed,fixed
358969,298,5.877573,0.0,-0.47571838,-0.8824607,1,[np.float32(6.842684)],[np.float32(0.0002000667)],0.0002000667,6.7248263,fixed,fixed
358969,304,5.184434,0.0,-0.41460422,-0.48954505,1,[np.float32(5.4253707)],[np.float32(0.00026673783)],0.00026673783,5.877573,fixed,fixed
358969,388,6.842684,1.0,-0.9968369,-0.534488,1,[np.float32(5.4253707)],[np.float32(6.66978e-05)],6.66978e-05,5.877573,fixed,fixed
358969,390,5.5545464,0.0,-0.45275778,-0.5695127,1,[np.float32(6.842684)],[np.float32(6.66978e-05)],6.66978e-05,5.877573,fixed,fixed
358969,391,7.5358305,0.0,-0.29680303,-1.1181976,1,[np.float32(6.842684)],[np.float32(0.0001333867)],0.0001333867,6.842684,fixed,fixed
358969,405,5.0934668,0.0,-0.40477806,-0.32637405,1,[np.float32(5.4253707)],[np.float32(0.0001333867)],0.0001333867,6.5241694,fixed,fixed
358969,407,5.877573,0.0,-0.4757271,-0.56743723,1,[np.float32(5.4253707)],[np.float32(0.0002000667)],0.0002000667,6.9761195,fixed,fixed
358969,408,8.228977,0.0,-0.18145421,-0.8117467,1,[np.float32(5.4253707)],[np.float32(6.66978e-05)],6.66978e-05,7.5358305,fixed,fixed
358969,409,5.4253707,1.0,-0.99784833,-0.54367757,1,[np.float32(6.842684)],[np.float32(6.66978e-05)],6.66978e-05,5.184434,fixed,fixed
358969,410,6.088874,0.0,-0.48101014,-0.9247209,1,[np.float32(6.842684)],[np.float32(0.0002000667)],0.0002000667,6.7248263,fixed,fixed
407794,180,5.0934668,0.0,-0.40478095,-0.3529664,1,[np.float32(5.5545464)],[np.float32(0.0001333867)],0.0001333867,6.214031,fixed,fixed
407794,262,6.842684,0.0,-0.4031463,-0.56064147,1,[np.float32(5.5545464)],[np.float32(6.66978e-05)],6.66978e-05,5.877573,fixed,fixed
407794,287,8.228977,0.0,-0.18145421,-0.83790016,1,[np.float32(5.5545464)],[np.float32(6.66978e-05)],6.66978e-05,7.5358305,fixed,fixed
407794,288,6.214031,0.0,-0.48050138,-0.43491095,1,[np.float32(5.5545464)],[np.float32(6.66978e-05)],6.66978e-05,5.284512,fixed,fixed
407794,293,5.0934668,0.0,-0.40477505,-0.5496383,1,[np.float32(5.0934668)],[np.float32(0.00053333334)],0.00053333334,6.214031,fixed,fixed
407794,304,5.184434,0.0,-0.41460422,-0.48281413,2,"[np.float32(5.0934668), np.float32(6.088874)]","[np.float32(0.00026673783), np.float32(0.0001333867)]",0.00026673783,5.877573,fixed,fixed
407794,316,6.842684,0.0,-0.4031463,-0.9019066,1,[np.float32(6.088874)],[np.float32(0.0002000667)],0.0002000667,5.877573,fixed,fixed
407794,317,5.184434,0.0,-0.4144973,-0.65575325,1,[np.float32(5.487917)],[np.float32(0.00053333334)],0.00053333334,5.0099363,fixed,fixed
407794,333,5.0934668,0.0,-0.40481156,-0.4846421,1,[np.float32(5.487917)],[np.float32(0.00026673783)],0.00026673783,4.5525913,fixed,fixed
407794,345,7.5358305,0.0,-0.29676932,-0.8083099,1,[np.float32(6.088874)],[np.float32(6.66978e-05)],6.66978e-05,5.0934668,fixed,fixed
407794,346,6.214031,0.0,-0.48050308,-0.5439501,1,[np.float32(6.088874)],[np.float32(6.66978e-05)],6.66978e-05,4.45615,fixed,fixed
407794,350,4.45615,0.0,-0.33330822,-0.35717875,1,[np.float32(5.487917)],[np.float32(0.00026673783)],0.00026673783,6.214031,fixed,fixed
407794,353,5.786329,0.0,-0.46994287,-0.69063556,1,[np.float32(6.088874)],[np.float32(0.0002000667)],0.0002000667,5.877573,fixed,fixed
407794,354,7.5358305,0.0,-0.29678586,-0.8083099,1,[np.float32(6.088874)],[np.float32(6.66978e-05)],6.66978e-05,6.842684,fixed,fixed
407794,376,5.877573,0.0,-0.475678,-0.47665843,1,[np.float32(6.088874)],[np.float32(6.66978e-05)],6.66978e-05,6.9761195,fixed,fixed
407794,379,6.214031,0.0,-0.48051235,-0.71150875,1,[np.float32(5.0934668)],[np.float32(0.00040005337)],0.00040005337,5.0934668,fixed,fixed
407794,381,7.5358305,0.0,-0.29678696,-0.7470538,1,[np.float32(5.0934668)],[np.float32(0.0001333867)],0.0001333867,5.0934668,fixed,fixed
407794,383,6.088874,0.0,-0.48099533,-0.60011613,1,[np.float32(5.786329)],[np.float32(0.0001333867)],0.0001333867,6.7248263,fixed,fixed
407794,388,6.842684,0.0,-0.4031463,-0.9019066,1,[np.float32(6.088874)],[np.float32(0.0002000667)],0.0002000667,5.877573,fixed,fixed
407794,403,6.088874,0.0,-0.48099464,-0.4576625,1,[np.float32(5.0934668)],[np.float32(0.0001333867)],0.0001333867,6.7248263,fixed,fixed
407794,407,5.877573,0.0,-0.4757271,-0.47665843,1,[np.float32(6.088874)],[np.float32(6.66978e-05)],6.66978e-05,6.9761195,fixed,fixed
407794,408,8.228977,0.0,-0.18145421,-0.9469393,1,[np.float32(6.088874)],[np.float32(6.66978e-05)],6.66978e-05,7.5358305,fixed,fixed
407794,409,5.4253707,0.0,-0.44006652,-0.32496184,1,[np.float32(5.0934668)],[np.float32(0.0001333867)],0.0001333867,5.184434,fixed,fixed
407794,411,5.977319,0.0,-0.47901732,-0.6413911,1,[np.float32(6.088874)],[np.float32(0.0001333867)],0.0001333867,5.877573,fixed,fixed
407794,412,7.1303654,0.0,-0.36036596,-0.8090847,1,[np.float32(5.0934668)],[np.float32(0.00026673783)],0.00026673783,5.0934668,fixed,fixed
407794,413,7.5358305,0.0,-0.29698518,-0.8901777,1,[np.float32(5.0934668)],[np.float32(0.00026673783)],0.00026673783,5.0934668,fixed,fixed
407794,414,5.5545464,0.0,-0.4526419,-0.49392095,1,[np.float32(5.0934668)],[np.float32(0.00026673783)],0.00026673783,5.0934668,fixed,fixed
407794,416,5.184434,0.0,-0.41455388,-0.48281413,1,[np.float32(6.088874)],[np.float32(0.0001333867)],0.0001333867,4.8615465,fixed,fixed
407794,420,4.951692,0.0,-0.38919824,-0.705686,1,[np.float32(5.487917)],[np.float32(0.00079978665)],0.00079978665,5.487917,fixed,fixed
407794,423,6.7248263,0.0,-0.4202395,-1.141098,1,[np.float32(6.088874)],[np.float32(0.00060000445)],0.00060000445,6.088874,fixed,fixed
407794,425,5.977319,0.0,-0.47901788,-0.6413911,1,[np.float32(6.088874)],[np.float32(0.0001333867)],0.0001333867,4.45615,fixed,fixed
407794,426,6.842684,0.0,-0.40331465,-0.8144641,1,[np.float32(6.088874)],[np.float32(0.0001333867)],0.0001333867,4.45615,fixed,fixed
407794,428,4.8111362,0.0,-0.37364107,-0.34456858,1,[np.float32(5.786329)],[np.float32(0.0001333867)],0.0001333867,4.5525913,fixed,fixed
407794,430,4.8111362,0.0,-0.37367702,-0.49249902,1,[np.float32(5.786329)],[np.float32(0.00026673783)],0.00026673783,4.8111362,fixed,fixed
407794,445,4.5525913,0.0,-0.3444187,-0.44146317,1,[np.float32(5.0934668)],[np.float32(0.00053333334)],0.00053333334,6.088874,fixed,fixed
407794,463,5.0301485,0.0,-0.39755303,-0.5369746,1,[np.float32(5.0934668)],[np.float32(0.00053333334)],0.00053333334,5.366584,fixed,fixed
407794,464,6.7248263,0.0,-0.42023954,-1.141098,1,[np.float32(6.088874)],[np.float32(0.00060000445)],0.00060000445,6.088874,fixed,fixed
407794,467,5.786329,0.0,-0.46990916,-0.6031931,1,[np.float32(6.088874)],[np.float32(0.0001333867)],0.0001333867,4.8111362,fixed,fixed
407794,468,6.842684,0.0,-0.40331137,-0.8144641,1,[np.float32(6.088874)],[np.float32(0.0001333867)],0.0001333867,4.8111362,fixed,fixed
407794,476,6.9761195,0.0,-0.38369176,-0.8971163,1,[np.float32(5.0934668)],[np.float32(0.00046674226)],0.00046674226,5.0934668,fixed,fixed
407794,477,6.18106,0.0,-0.4811795,-0.61922365,1,[np.float32(5.0934668)],[np.float32(0.00026673783)],0.00026673783,4.5525913,fixed,fixed
407794,480,6.5241694,0.0,-0.44815502,-0.9067567,1,[np.float32(5.0934668)],[np.float32(0.0007332311)],0.0007332311,5.0934668,fixed,fixed
407794,481,5.366584,0.0,-0.43366313,-0.6042617,1,[np.float32(5.0934668)],[np.float32(0.00053333334)],0.00053333334,5.0301485,fixed,fixed
418499,18,4.8111362,0.0,-0.3736032,-0.3845819,1,[np.float32(5.977319)],[np.float32(0.0001333867)],0.0001333867,4.411208,fixed,fixed
418499,27,4.8111362,0.0,-0.37329265,-0.6793104,2,"[np.float32(5.2083592), np.float32(5.901499)]","[np.float32(0.00026673783), np.float32(0.00053333334)]",0.00053333334,5.901499,fixed,fixed
418499,30,4.5525913,0.0,-0.34397233,-0.55884635,1,[np.float32(5.2083592)],[np.float32(0.00079978665)],0.00079978665,6.214031,fixed,fixed
418499,36,5.0301485,0.0,-0.39772272,-0.42838436,1,[np.float32(5.977319)],[np.float32(0.0001333867)],0.0001333867,5.1152887,fixed,fixed
418499,75,5.0934668,0.0,-0.40479615,-0.49886718,1,[np.float32(5.5545464)],[np.float32(0.00026673783)],0.00026673783,6.5241694,fixed,fixed
418499,169,6.088874,0.0,-0.48099792,-0.6247424,1,[np.float32(5.2083592)],[np.float32(0.00026673783)],0.00026673783,4.5525913,fixed,fixed
418499,172,5.0934668,0.0,-0.40462402,-0.5748169,1,[np.float32(5.2083592)],[np.float32(0.00053333334)],0.00053333334,4.5525913,fixed,fixed
429627,11,5.901499,0.0,-0.4767239,-0.56677854,1,[np.float32(4.411208)],[np.float32(0.00053333334)],0.00053333334,4.411208,fixed,fixed
429627,14,7.1303654,0.0,-0.36031094,-0.669377,1,[np.float32(4.411208)],[np.float32(0.00026673783)],0.00026673783,4.411208,fixed,fixed
429627,15,5.786329,0.0,-0.4698009,-0.48392254,1,[np.float32(4.411208)],[np.float32(0.00040005337)],0.00040005337,4.411208,fixed,fixed
429627,16,7.5358305,0.0,-0.2968406,-0.6096061,1,[np.float32(4.411208)],[np.float32(0.0001333867)],0.0001333867,4.411208,fixed,fixed
429627,18,4.8111362,0.0,-0.37338153,-0.34870607,1,[np.float32(4.411208)],[np.float32(0.00053333334)],0.00053333334,4.411208,fixed,fixed
429627,20,6.842684,0.0,-0.4032967,-0.47097674,1,[np.float32(4.411208)],[np.float32(0.0001333867)],0.0001333867,4.8111362,fixed,fixed
429627,22,7.5358305,0.0,-0.29702216,-0.75047004,1,[np.float32(4.411208)],[np.float32(0.00026673783)],0.00026673783,4.411208,fixed,fixed
429627,23,5.786329,0.0,-0.4699092,-0.25970572,1,[np.float32(4.411208)],[np.float32(0.0001333867)],0.0001333867,4.8111362,fixed,fixed
429627,24,7.5358305,0.0,-0.29702216,-0.75047004,1,[np.float32(4.411208)],[np.float32(0.00026673783)],0.00026673783,4.411208,fixed,fixed
429627,27,4.8111362,0.0,-0.3735145,-0.20553121,1,[np.float32(4.411208)],[np.float32(0.00026673783)],0.00026673783,5.901499,fixed,fixed
429627,78,6.214031,0.0,-0.48074996,-0.7322286,1,[np.float32(4.411208)],[np.float32(0.0008664222)],0.0008664222,4.411208,fixed,fixed
429627,80,5.977319,0.0,-0.47901767,-0.29790372,1,[np.float32(4.411208)],[np.float32(0.0001333867)],0.0001333867,4.411208,fixed,fixed
429627,81,5.877573,0.0,-0.4755725,-0.41881856,1,[np.float32(4.411208)],[np.float32(0.00026673783)],0.00026673783,5.184434,fixed,fixed
429627,82,7.5358305,0.0,-0.29699942,-0.75047004,1,[np.float32(4.411208)],[np.float32(0.00026673783)],0.00026673783,4.411208,fixed,fixed
429627,86,5.184434,0.0,-0.41458565,-0.89841735,1,[np.float32(7.1303654)],[np.float32(0.00026673783)],0.00026673783,5.877573,fixed,fixed
429627,110,6.7248263,0.0,-0.4203813,-0.7561689,1,[np.float32(4.411208)],[np.float32(0.00060000445)],0.00060000445,4.411208,fixed,fixed
429627,111,5.977319,0.0,-0.47900593,-0.43876773,1,[np.float32(4.411208)],[np.float32(0.00026673783)],0.00026673783,4.411208,fixed,fixed
429627,113,5.877573,0.0,-0.47549367,-0.5619934,1,[np.float32(4.411208)],[np.float32(0.00053333334)],0.00053333334,4.411208,fixed,fixed
429627,115,7.5358305,0.0,-0.29684076,-0.6096061,1,[np.float32(4.411208)],[np.float32(0.0001333867)],0.0001333867,4.411208,fixed,fixed
429627,116,6.214031,0.0,-0.48060718,-0.569463,1,[np.float32(4.411208)],[np.float32(0.00040005337)],0.00040005337,5.0934668,fixed,fixed
429627,120,5.0934668,0.0,-0.40454265,-0.40517217,1,[np.float32(4.411208)],[np.float32(0.00053333334)],0.00053333334,6.214031,fixed,fixed
429627,139,6.214031,0.0,-0.48056373,-0.34524623,1,[np.float32(4.411208)],[np.float32(0.0001333867)],0.0001333867,4.5525913,fixed,fixed
429627,141,7.1303654,0.0,-0.36039367,-0.669377,1,[np.float32(4.411208)],[np.float32(0.00026673783)],0.00026673783,4.411208,fixed,fixed
429627,180,5.0934668,0.0,-0.40478095,-0.5496383,1,[np.float32(5.0934668)],[np.float32(0.00053333334)],0.00053333334,6.214031,fixed,fixed
429627,192,5.184434,0.0,-0.41455448,-0.41989845,1,[np.float32(5.0934668)],[np.float32(0.00026673783)],0.00026673783,5.877573,fixed,fixed
429627,205,5.184434,0.0,-0.41458294,-0.89841735,1,[np.float32(7.1303654)],[np.float32(0.00026673783)],0.00026673783,5.877573,fixed,fixed
429627,238,5.0934668,0.0,-0.40481293,-0.441048,1,[np.float32(5.977319)],[np.float32(0.0001333867)],0.0001333867,6.214031,fixed,fixed
429627,240,5.877573,0.0,-0.47571725,-0.5978693,1,[np.float32(5.977319)],[np.float32(0.0001333867)],0.0001333867,6.7248263,fixed,fixed
429627,267,6.214031,0.0,-0.48051235,-0.71150875,1,[np.float32(5.0934668)],[np.float32(0.00040005337)],0.00040005337,5.0934668,fixed,fixed
429627,269,7.5358305,0.0,-0.29678696,-0.7470538,1,[np.float32(5.0934668)],[np.float32(0.0001333867)],0.0001333867,5.0934668,fixed,fixed
429627,291,5.877573,0.0,-0.4757189,-0.41540232,1,[np.float32(5.0934668)],[np.float32(0.0001333867)],0.0001333867,6.7248263,fixed,fixed
429627,295,5.877573,0.0,-0.47572637,-0.56743723,1,[np.float32(5.4253707)],[np.float32(0.0002000667)],0.0002000667,6.7248263,fixed,fixed
429627,297,5.4253707,0.0,-0.44006652,-0.32496184,1,[np.float32(5.0934668)],[np.float32(0.0001333867)],0.0001333867,5.184434,fixed,fixed
429627,300,7.1303654,0.0,-0.36036596,-0.8090847,1,[np.float32(5.0934668)],[np.float32(0.00026673783)],0.00026673783,5.0934668,fixed,fixed
429627,301,7.5358305,0.0,-0.29698518,-0.8901777,1,[np.float32(5.0934668)],[np.float32(0.00026673783)],0.00026673783,5.0934668,fixed,fixed
429627,302,5.5545464,0.0,-0.4526419,-0.49392095,1,[np.float32(5.0934668)],[np.float32(0.00026673783)],0.00026673783,5.0934668,fixed,fixed
429627,313,5.0099363,0.0,-0.39556122,-0.42434192,1,[np.float32(5.977319)],[np.float32(0.0001333867)],0.0001333867,5.184434,fixed,fixed
429627,350,4.45615,0.0,-0.33330822,-0.8912293,1,[np.float32(6.7248263)],[np.float32(0.00060000445)],0.00060000445,6.214031,fixed,fixed
429627,356,6.842684,0.0,-0.40314636,-0.534488,1,[np.float32(5.4253707)],[np.float32(6.66978e-05)],6.66978e-05,5.877573,fixed,fixed
429627,368,5.284512,0.0,-0.4252271,-0.43991408,1,[np.float32(5.0934668)],[np.float32(0.00026673783)],0.00026673783,6.088874,fixed,fixed
429627,373,7.5358305,0.0,-0.29673478,-0.8148468,1,[np.float32(5.4253707)],[np.float32(0.0001333867)],0.0001333867,5.4253707,fixed,fixed
429627,374,6.842684,0.0,-0.4031463,-0.534488,1,[np.float32(5.4253707)],[np.float32(6.66978e-05)],6.66978e-05,5.877573,fixed,fixed
429627,376,5.877573,0.0,-0.47569847,-0.56743723,1,[np.float32(5.4253707)],[np.float32(0.0002000667)],0.0002000667,6.9761195,fixed,fixed
429627,379,6.214031,0.0,-0.48069736,-0.84472907,1,[np.float32(5.0934668)],[np.float32(0.0007332311)],0.0007332311,5.0934668,fixed,fixed
429627,381,7.5358305,0.0,-0.29684383,-0.7470538,1,[np.float32(5.0934668)],[np.float32(0.0001333867)],0.0001333867,5.0934668,fixed,fixed
429627,398,6.7248263,0.0,-0.4203238,-0.90187836,1,[np.float32(5.0934668)],[np.float32(0.00060000445)],0.00060000445,5.0934668,fixed,fixed
429627,401,5.5545464,0.0,-0.45272678,-0.350797,1,[np.float32(5.0934668)],[np.float32(0.0001333867)],0.0001333867,5.0934668,fixed,fixed
429627,402,6.088874,0.0,-0.48100662,-0.60078645,1,[np.float32(5.0934668)],[np.float32(0.00026673783)],0.00026673783,4.5525913,fixed,fixed
429627,403,6.088874,0.0,-0.48100504,-0.4576625,1,[np.float32(5.0934668)],[np.float32(0.0001333867)],0.0001333867,6.7248263,fixed,fixed
429627,405,5.0934668,0.0,-0.4045627,-0.5496383,1,[np.float32(5.0934668)],[np.float32(0.00053333334)],0.00053333334,6.5241694,fixed,fixed
429627,412,7.1303654,0.0,-0.36036596,-0.8090847,1,[np.float32(5.0934668)],[np.float32(0.00026673783)],0.00026673783,5.0934668,fixed,fixed
429627,445,4.5525913,0.0,-0.3445296,-0.29352993,1,[np.float32(5.0934668)],[np.float32(0.00026673783)],0.00026673783,6.088874,fixed,fixed
459252,246,5.877573,0.0,-0.47572747,-0.7864393,1,[np.float32(7.5358305)],[np.float32(6.66978e-05)],6.66978e-05,6.7248263,broken,broken
459252,271,5.877573,0.0,-0.4757208,-0.7864393,1,[np.float32(7.5358305)],[np.float32(6.66978e-05)],6.66978e-05,6.7248263,broken,broken
459252,291,5.877573,0.0,-0.4757189,-0.8824607,1,[np.float32(6.842684)],[np.float32(0.0002000667)],0.0002000667,6.7248263,broken,broken
459252,315,8.228977,0.0,-0.18147296,-1.2567202,1,[np.float32(7.5358305)],[np.float32(6.66978e-05)],6.66978e-05,5.877573,broken,broken
459252,316,6.842684,0.0,-0.4031463,-1.148921,1,[np.float32(7.5358305)],[np.float32(0.0001333867)],0.0001333867,5.877573,broken,broken
459252,323,6.842684,0.0,-0.4031463,-1.148921,1,[np.float32(7.5358305)],[np.float32(0.0001333867)],0.0001333867,5.877573,broken,broken
459252,324,7.5358305,0.0,-0.29673493,-1.1180909,1,[np.float32(7.5358305)],[np.float32(6.66978e-05)],6.66978e-05,5.786329,broken,broken
459252,327,7.5358305,0.0,-0.29678592,-1.1180909,1,[np.float32(7.5358305)],[np.float32(6.66978e-05)],6.66978e-05,5.0934668,broken,broken
459252,328,6.357125,0.0,-0.46895987,-0.88234967,1,[np.float32(7.5358305)],[np.float32(6.66978e-05)],6.66978e-05,5.0934668,broken,broken
459252,345,7.5358305,0.0,-0.2967978,-1.1180909,1,[np.float32(7.5358305)],[np.float32(6.66978e-05)],6.66978e-05,5.0934668,broken,broken
459252,346,6.214031,0.0,-0.48051995,-0.853731,1,[np.float32(7.5358305)],[np.float32(6.66978e-05)],6.66978e-05,4.45615,broken,broken
459252,376,5.877573,0.0,-0.47569847,-1.1755139,1,[np.float32(6.9761195)],[np.float32(0.00046674226)],0.00046674226,6.9761195,broken,broken
459252,377,5.4253707,0.0,-0.44013306,-0.54367757,1,[np.float32(6.842684)],[np.float32(6.66978e-05)],6.66978e-05,5.877573,broken,broken
459252,378,7.5358305,0.0,-0.29680657,-1.1181976,1,[np.float32(6.842684)],[np.float32(0.0001333867)],0.0001333867,6.842684,broken,broken
459252,401,5.5545464,0.0,-0.45275253,-0.5695127,1,[np.float32(6.842684)],[np.float32(6.66978e-05)],6.66978e-05,5.0934668,broken,broken
459252,403,6.088874,0.0,-0.48101023,-0.9247209,1,[np.float32(6.842684)],[np.float32(0.0002000667)],0.0002000667,6.7248263,broken,broken
474273,36,5.0301485,0.0,-0.39777696,-0.5369746,1,[np.float32(5.0934668)],[np.float32(0.00053333334)],0.00053333334,5.1152887,fixed,fixed
474273,38,5.1152887,0.0,-0.40702605,-0.55400264,1,[np.float32(5.0934668)],[np.float32(0.00053333334)],0.00053333334,5.0301485,fixed,fixed
474273,42,6.842684,0.0,-0.40323675,-0.8144641,1,[np.float32(6.088874)],[np.float32(0.0001333867)],0.0001333867,4.8111362,fixed,fixed
474273,45,5.786329,0.0,-0.46991277,-0.6031931,1,[np.float32(6.088874)],[np.float32(0.0001333867)],0.0001333867,4.8111362,fixed,fixed
474273,48,4.5525913,0.0,-0.34430754,-0.44146317,1,[np.float32(5.0934668)],[np.float32(0.00053333334)],0.00053333334,6.088874,fixed,fixed
474273,51,6.088874,0.0,-0.48099405,-0.4576625,1,[np.float32(5.0934668)],[np.float32(0.0001333867)],0.0001333867,6.7248263,fixed,fixed
474273,59,6.088874,0.0,-0.48099405,-1.217774,1,[np.float32(6.7248263)],[np.float32(0.00060000445)],0.00060000445,6.7248263,fixed,fixed
474273,66,5.901499,0.0,-0.47669613,-0.56331146,1,[np.float32(5.0934668)],[np.float32(0.00026673783)],0.00026673783,4.5525913,fixed,fixed
474273,74,6.5241694,0.0,-0.44778967,-0.9067567,1,[np.float32(5.0934668)],[np.float32(0.0007332311)],0.0007332311,5.0934668,fixed,fixed
474273,76,6.9761195,0.0,-0.38369182,-0.8971163,1,[np.float32(5.0934668)],[np.float32(0.00046674226)],0.00046674226,5.0934668,fixed,fixed
474273,77,5.5545464,0.0,-0.4526419,-0.49392095,1,[np.float32(5.0934668)],[np.float32(0.00026673783)],0.00026673783,5.0934668,fixed,fixed
474273,83,5.877573,0.0,-0.47562915,-0.47665843,1,[np.float32(6.088874)],[np.float32(6.66978e-05)],6.66978e-05,6.9761195,fixed,fixed
474273,85,6.842684,0.0,-0.40314013,-0.56064147,1,[np.float32(5.5545464)],[np.float32(6.66978e-05)],6.66978e-05,6.088874,fixed,fixed
474273,86,5.184434,0.0,-0.41447908,-0.41989845,1,[np.float32(5.0934668)],[np.float32(0.00026673783)],0.00026673783,5.877573,fixed,fixed
474273,89,7.5358305,0.0,-0.29698524,-0.8901777,1,[np.float32(5.0934668)],[np.float32(0.00026673783)],0.00026673783,5.0934668,fixed,fixed
474273,90,5.4253707,0.0,-0.44006646,-0.32496184,1,[np.float32(5.0934668)],[np.float32(0.0001333867)],0.0001333867,5.184434,fixed,fixed
474273,96,7.5358305,0.0,-0.29684278,-0.7470538,1,[np.float32(5.0934668)],[np.float32(0.0001333867)],0.0001333867,5.0934668,fixed,fixed
474273,97,6.214031,0.0,-0.48060563,-0.71150875,1,[np.float32(5.0934668)],[np.float32(0.00040005337)],0.00040005337,5.0934668,fixed,fixed
474273,98,7.5358305,0.0,-0.29678965,-0.8083099,1,[np.float32(6.088874)],[np.float32(6.66978e-05)],6.66978e-05,6.842684,fixed,fixed
474273,102,5.0934668,0.0,-0.4045852,-0.5496383,1,[np.float32(5.0934668)],[np.float32(0.00053333334)],0.00053333334,6.214031,fixed,fixed
474273,103,7.1303654,0.0,-0.36036602,-0.8090847,1,[np.float32(5.0934668)],[np.float32(0.00026673783)],0.00026673783,5.0934668,fixed,fixed
474273,113,5.877573,0.0,-0.47565743,-0.5097877,1,[np.float32(5.5545464)],[np.float32(0.0001333867)],0.0001333867,4.411208,fixed,fixed
474273,115,7.5358305,0.0,-0.29678378,-0.69927084,1,[np.float32(5.5545464)],[np.float32(6.66978e-05)],6.66978e-05,4.411208,fixed,fixed
474273,116,6.214031,0.0,-0.48050624,-0.43491095,1,[np.float32(5.5545464)],[np.float32(6.66978e-05)],6.66978e-05,5.0934668,fixed,fixed
474273,121,6.7248263,0.0,-0.42023948,-1.141098,1,[np.float32(6.088874)],[np.float32(0.00060000445)],0.00060000445,6.088874,fixed,fixed
474273,123,5.786329,0.0,-0.46994287,-0.69063556,1,[np.float32(6.088874)],[np.float32(0.0002000667)],0.0002000667,6.088874,fixed,fixed
474273,125,5.877573,0.0,-0.47562766,-0.47665843,1,[np.float32(6.088874)],[np.float32(6.66978e-05)],6.66978e-05,6.9761195,fixed,fixed
474273,126,7.5358305,0.0,-0.296761,-0.8083099,1,[np.float32(6.088874)],[np.float32(6.66978e-05)],6.66978e-05,5.4253707,fixed,fixed
474273,127,6.842684,0.0,-0.4032184,-0.9019066,1,[np.float32(6.088874)],[np.float32(0.0002000667)],0.0002000667,6.088874,fixed,fixed
474273,180,5.0934668,0.0,-0.40478095,-0.88022393,1,[np.float32(7.1303654)],[np.float32(0.00026673783)],0.00026673783,6.214031,fixed,fixed
474273,279,7.5358305,0.0,-0.29674616,-1.2874969,1,[np.float32(8.228977)],[np.float32(6.66978e-05)],6.66978e-05,6.842684,fixed,fixed
474273,293,5.0934668,0.0,-0.40477505,-0.88022393,1,[np.float32(7.1303654)],[np.float32(0.00026673783)],0.00026673783,6.214031,fixed,fixed
474273,297,5.4253707,0.0,-0.44009247,-0.8654049,1,[np.float32(8.228977)],[np.float32(6.66978e-05)],6.66978e-05,5.184434,fixed,fixed
474273,298,5.877573,0.0,-0.4756979,-0.9558455,1,[np.float32(8.228977)],[np.float32(6.66978e-05)],6.66978e-05,6.7248263,fixed,fixed
485537,12,4.411208,0.0,-0.32775834,-0.26458296,1,[np.float32(5.786329)],[np.float32(0.0001333867)],0.0001333867,6.214031,fixed,fixed
485537,18,4.8111362,0.0,-0.3736032,-0.49249902,1,[np.float32(5.786329)],[np.float32(0.00026673783)],0.00026673783,4.411208,fixed,fixed
485537,21,6.088874,0.0,-0.48099405,-0.60011613,1,[np.float32(5.786329)],[np.float32(0.0001333867)],0.0001333867,6.7248263,fixed,fixed
485537,102,5.0934668,0.0,-0.40480036,-0.7418235,1,[np.float32(6.214031)],[np.float32(0.00040005337)],0.00040005337,6.214031,fixed,fixed
485537,164,5.0099363,0.0,-0.39557934,-0.7823715,2,"[np.float32(7.5358305), np.float32(5.877573)]","[np.float32(0.0001333867), np.float32(0.00026673783)]",0.00026673783,5.184434,fixed,fixed
485537,165,5.0934668,0.0,-0.40473327,-1.0186926,1,[np.float32(7.5358305)],[np.float32(0.00026673783)],0.00026673783,6.214031,fixed,fixed
485537,192,5.184434,0.0,-0.41455448,-0.87698334,1,[np.float32(5.877573)],[np.float32(0.0008664222)],0.0008664222,5.877573,fixed,fixed
485537,205,5.184434,0.0,-0.41458294,-0.5094659,1,[np.float32(6.214031)],[np.float32(0.0001333867)],0.0001333867,5.877573,fixed,fixed
485537,214,5.977319,0.0,-0.47902986,-0.5223955,1,[np.float32(6.214031)],[np.float32(6.66978e-05)],6.66978e-05,5.877573,fixed,fixed
485537,217,7.5358305,0.0,-0.29679188,-0.83409786,1,[np.float32(6.214031)],[np.float32(6.66978e-05)],6.66978e-05,6.842684,fixed,fixed
485537,221,5.0934668,0.0,-0.40452245,-0.90978986,1,[np.float32(6.214031)],[np.float32(0.0007332311)],0.0007332311,6.214031,fixed,fixed
485537,246,5.877573,0.0,-0.47570693,-0.5024463,1,[np.float32(6.214031)],[np.float32(6.66978e-05)],6.66978e-05,6.7248263,fixed,fixed
485537,252,5.877573,0.0,-0.47571552,-1.1755139,1,[np.float32(6.7248263)],[np.float32(0.00060000445)],0.00060000445,6.7248263,fixed,fixed
485537,274,6.214031,0.0,-0.4805096,-0.64421314,1,[np.float32(5.877573)],[np.float32(0.0001333867)],0.0001333867,5.0934668,fixed,fixed
485537,281,5.0934668,0.0,-0.40468743,-1.0186926,2,"[np.float32(5.877573), np.float32(6.7248263)]","[np.float32(0.00026673783), np.float32(0.00060000445)]",0.00060000445,6.214031,fixed,fixed
485537,284,7.5358305,0.0,-0.29691353,-0.908573,1,[np.float32(5.877573)],[np.float32(0.0001333867)],0.0001333867,5.0934668,fixed,fixed
485537,299,5.977319,0.0,-0.47901917,-0.59687066,1,[np.float32(5.877573)],[np.float32(0.0001333867)],0.0001333867,5.877573,fixed,fixed
485537,304,5.184434,0.0,-0.41439098,-0.7480553,1,[np.float32(5.877573)],[np.float32(0.00053333334)],0.00053333334,5.877573,fixed,fixed
485537,392,5.877573,0.0,-0.4755958,-0.7258093,1,[np.float32(5.877573)],[np.float32(0.00026673783)],0.00026673783,5.184434,fixed,fixed
486030,40,4.8111362,0.0,-0.3736254,-0.5732587,2,"[np.float32(6.842684), np.float32(4.45615)]","[np.float32(0.0001333867), np.float32(0.00026673783)]",0.00026673783,4.8111362,broken,unchanged
486030,48,4.5525913,0.0,-0.34430754,-0.69100934,1,[np.float32(6.842684)],[np.float32(0.00026673783)],0.00026673783,6.088874,broken,unchanged
486030,51,6.088874,0.0,-0.48100436,-0.8288062,1,[np.float32(6.842684)],[np.float32(0.0001333867)],0.0001333867,6.7248263,broken,unchanged
486030,55,5.2083592,0.0,-0.41708148,-0.29406542,1,[np.float32(4.45615)],[np.float32(0.00026673783)],0.00026673783,4.951692,broken,unchanged
486030,56,5.901499,0.0,-0.4767239,-0.57608455,1,[np.float32(4.45615)],[np.float32(0.00053333334)],0.00053333334,4.45615,broken,unchanged
486030,58,6.842684,0.0,-0.40331545,-0.6209303,1,[np.float32(4.45615)],[np.float32(0.00026673783)],0.00026673783,4.45615,broken,unchanged
486030,60,4.951692,0.0,-0.38896155,-0.38612324,1,[np.float32(4.45615)],[np.float32(0.00053333334)],0.00053333334,5.2083592,broken,unchanged
486030,61,8.228977,0.0,-0.18166615,-0.75722057,1,[np.float32(4.45615)],[np.float32(0.0001333867)],0.0001333867,4.45615,broken,unchanged
486030,62,5.977319,0.0,-0.47901782,-0.30688888,1,[np.float32(4.45615)],[np.float32(0.0001333867)],0.0001333867,4.45615,broken,unchanged
486030,67,7.1303654,0.0,-0.36030918,-0.6784667,1,[np.float32(4.45615)],[np.float32(0.00026673783)],0.00026673783,4.45615,broken,unchanged
486030,68,7.5358305,0.0,-0.2969624,-0.7595597,1,[np.float32(4.45615)],[np.float32(0.00026673783)],0.00026673783,4.45615,broken,unchanged
486030,69,5.977319,0.0,-0.47900635,-0.44785732,1,[np.float32(4.45615)],[np.float32(0.00026673783)],0.00026673783,4.45615,broken,unchanged
486030,70,7.5358305,0.0,-0.2969624,-0.7595597,1,[np.float32(4.45615)],[np.float32(0.00026673783)],0.00026673783,4.45615,broken,unchanged
486030,99,6.214031,0.0,-0.4805556,-0.35423136,1,[np.float32(4.45615)],[np.float32(0.0001333867)],0.0001333867,4.5525913,broken,unchanged
486030,107,5.284512,0.0,-0.42512876,-0.30929598,1,[np.float32(4.45615)],[np.float32(0.00026673783)],0.00026673783,6.088874,broken,unchanged
486030,109,7.5358305,0.0,-0.29693574,-0.6185912,1,[np.float32(4.45615)],[np.float32(0.0001333867)],0.0001333867,5.284512,broken,unchanged
486030,125,5.877573,0.0,-0.47552532,-0.5113679,1,[np.float32(4.45615)],[np.float32(0.00040005337)],0.00040005337,6.9761195,broken,unchanged
486030,134,6.7248263,0.0,-0.42037758,-0.7655307,1,[np.float32(4.45615)],[np.float32(0.00060000445)],0.00060000445,4.45615,broken,unchanged
486030,136,5.786329,0.0,-0.46986485,-0.40965933,1,[np.float32(4.45615)],[np.float32(0.00026673783)],0.00026673783,4.45615,broken,unchanged
486030,144,5.877573,0.0,-0.47560868,-0.2869397,1,[np.float32(4.45615)],[np.float32(0.0001333867)],0.0001333867,6.9761195,broken,unchanged
486030,158,6.214031,0.0,-0.4807037,-0.705942,1,[np.float32(4.45615)],[np.float32(0.0007332311)],0.0007332311,4.45615,broken,unchanged
486030,159,7.5358305,0.0,-0.29685518,-0.6185912,1,[np.float32(4.45615)],[np.float32(0.0001333867)],0.0001333867,4.45615,broken,unchanged
486030,161,5.877573,0.0,-0.4756726,-0.2869397,1,[np.float32(4.45615)],[np.float32(0.0001333867)],0.0001333867,6.7248263,broken,unchanged
486030,165,5.0934668,0.0,-0.4045179,-0.41447815,1,[np.float32(4.45615)],[np.float32(0.00053333334)],0.00053333334,6.214031,broken,unchanged
486030,166,7.1303654,0.0,-0.3603918,-0.6784667,1,[np.float32(4.45615)],[np.float32(0.00026673783)],0.00026673783,4.45615,broken,unchanged
486030,179,5.184434,0.0,-0.4143684,-0.28928035,1,[np.float32(4.45615)],[np.float32(0.00026673783)],0.00026673783,5.0099363,broken,unchanged
505928,48,4.5525913,0.0,-0.34430754,-0.29352993,1,[np.float32(5.0934668)],[np.float32(0.00026673783)],0.00026673783,6.088874,fixed,fixed
505928,51,6.088874,0.0,-0.48099405,-0.4576625,1,[np.float32(5.0934668)],[np.float32(0.0001333867)],0.0001333867,6.7248263,fixed,fixed
505928,75,5.0934668,0.0,-0.4047962,-0.5496383,1,[np.float32(5.0934668)],[np.float32(0.00053333334)],0.00053333334,6.5241694,fixed,fixed
505928,96,7.5358305,0.0,-0.29678598,-0.7470538,1,[np.float32(5.0934668)],[np.float32(0.0001333867)],0.0001333867,5.0934668,fixed,fixed
505928,97,6.214031,0.0,-0.48050475,-0.84472907,1,[np.float32(5.0934668)],[np.float32(0.0007332311)],0.0007332311,5.0934668,fixed,fixed
505928,101,6.842684,0.0,-0.40314013,-0.8561001,1,[np.float32(5.877573)],[np.float32(0.0002000667)],0.0002000667,6.088874,fixed,fixed
505928,102,5.0934668,1.0,-0.99784946,-0.42010027,1,[np.float32(5.877573)],[np.float32(0.0001333867)],0.0001333867,6.214031,fixed,fixed
505928,103,7.1303654,0.0,-0.36036608,-0.8090847,1,[np.float32(5.0934668)],[np.float32(0.00026673783)],0.00026673783,5.0934668,fixed,fixed
505928,104,5.5545464,0.0,-0.45272678,-0.350797,1,[np.float32(5.0934668)],[np.float32(0.0001333867)],0.0001333867,5.0934668,fixed,fixed
505928,105,6.088874,0.0,-0.480997,-0.60078645,1,[np.float32(5.0934668)],[np.float32(0.00026673783)],0.00026673783,4.5525913,fixed,fixed
505928,107,5.284512,0.0,-0.42512876,-0.43991408,1,[np.float32(5.0934668)],[np.float32(0.00026673783)],0.00026673783,6.088874,fixed,fixed
505928,126,7.5358305,0.0,-0.29673246,-0.76500523,1,[np.float32(5.877573)],[np.float32(6.66978e-05)],6.66978e-05,5.4253707,fixed,fixed
505928,129,5.877573,0.0,-0.47572747,-0.43335372,1,[np.float32(5.877573)],[np.float32(6.66978e-05)],6.66978e-05,6.7248263,fixed,fixed
505928,135,5.877573,1.0,-0.9976191,-0.41540232,1,[np.float32(5.0934668)],[np.float32(0.0001333867)],0.0001333867,6.7248263,fixed,fixed
505928,136,5.786329,0.0,-0.4698893,-0.6448291,1,[np.float32(5.877573)],[np.float32(0.0002000667)],0.0002000667,4.45615,fixed,fixed
505928,138,7.5358305,0.0,-0.29678586,-0.76500523,1,[np.float32(5.877573)],[np.float32(6.66978e-05)],6.66978e-05,6.842684,fixed,fixed
505928,161,5.877573,0.0,-0.47569308,-0.43335372,1,[np.float32(5.877573)],[np.float32(6.66978e-05)],6.66978e-05,6.7248263,fixed,fixed
505928,165,5.0934668,0.0,-0.40473327,-0.5496383,2,"[np.float32(5.786329), np.float32(5.0934668)]","[np.float32(0.00026673783), np.float32(0.00053333334)]",0.00053333334,6.214031,fixed,fixed
505928,197,6.7248263,0.0,-0.42032382,-0.90187836,1,[np.float32(5.0934668)],[np.float32(0.00060000445)],0.00060000445,5.0934668,fixed,fixed
505928,198,5.5545464,0.0,-0.4526419,-0.49392095,1,[np.float32(5.0934668)],[np.float32(0.00026673783)],0.00026673783,5.0934668,fixed,fixed
505928,205,5.184434,0.0,-0.41447636,-0.41989845,1,[np.float32(5.0934668)],[np.float32(0.00026673783)],0.00026673783,5.877573,fixed,fixed
505928,208,7.5358305,0.0,-0.2969852,-0.8901777,1,[np.float32(5.0934668)],[np.float32(0.00026673783)],0.00026673783,5.0934668,fixed,fixed
505928,209,5.4253707,0.0,-0.44006646,-0.32496184,1,[np.float32(5.0934668)],[np.float32(0.0001333867)],0.0001333867,5.184434,fixed,fixed
505928,213,6.7248263,0.0,-0.42025742,-1.0856797,1,[np.float32(5.877573)],[np.float32(0.00060000445)],0.00060000445,5.877573,fixed,fixed
505928,214,5.977319,0.0,-0.47902435,-0.59687066,1,[np.float32(5.877573)],[np.float32(0.0001333867)],0.0001333867,5.877573,fixed,fixed
505928,215,7.5358305,0.0,-0.29684278,-0.7470538,1,[np.float32(5.0934668)],[np.float32(0.0001333867)],0.0001333867,5.0934668,fixed,fixed
505928,216,6.214031,0.0,-0.4806057,-0.71150875,1,[np.float32(5.0934668)],[np.float32(0.00040005337)],0.00040005337,5.0934668,fixed,fixed
505928,218,6.214031,0.0,-0.4805266,-0.50064534,1,[np.float32(5.877573)],[np.float32(6.66978e-05)],6.66978e-05,5.284512,fixed,fixed
505928,219,8.228977,0.0,-0.18150285,-0.90363455,1,[np.float32(5.877573)],[np.float32(6.66978e-05)],6.66978e-05,5.877573,fixed,fixed
505928,220,6.842684,0.0,-0.40322456,-0.8561001,1,[np.float32(5.877573)],[np.float32(0.0002000667)],0.0002000667,5.877573,fixed,fixed
505928,221,5.0934668,0.0,-0.40454942,-0.5496383,2,"[np.float32(5.0934668), np.float32(5.877573)]","[np.float32(0.00053333334), np.float32(0.0001333867)]",0.00053333334,6.214031,fixed,fixed
505928,222,7.1303654,0.0,-0.36036602,-0.8090847,1,[np.float32(5.0934668)],[np.float32(0.00026673783)],0.00026673783,5.0934668,fixed,fixed
505928,226,5.284512,0.0,-0.42529365,-0.43924373,1,[np.float32(5.786329)],[np.float32(0.0001333867)],0.0001333867,6.088874,fixed,fixed
505928,249,6.842684,0.0,-0.4031463,-0.6077555,1,[np.float32(5.786329)],[np.float32(6.66978e-05)],6.66978e-05,5.877573,fixed,fixed
505928,252,5.877573,0.0,-0.47571552,-0.6435454,1,[np.float32(5.786329)],[np.float32(0.0002000667)],0.0002000667,6.7248263,fixed,fixed
505928,254,8.228977,0.0,-0.18150386,-0.8850142,1,[np.float32(5.786329)],[np.float32(6.66978e-05)],6.66978e-05,5.786329,fixed,fixed
505928,274,6.214031,0.0,-0.4805096,-0.71150875,1,[np.float32(5.0934668)],[np.float32(0.00040005337)],0.00040005337,5.0934668,fixed,fixed
505928,275,7.5358305,0.0,-0.296787,-0.7470538,1,[np.float32(5.0934668)],[np.float32(0.0001333867)],0.0001333867,5.0934668,fixed,fixed
505928,277,5.877573,0.0,-0.47571778,-0.41540232,1,[np.float32(5.0934668)],[np.float32(0.0001333867)],0.0001333867,6.7248263,fixed,fixed
505928,280,5.877573,0.0,-0.47566614,-0.5585263,1,[np.float32(5.0934668)],[np.float32(0.00026673783)],0.00026673783,5.184434,fixed,fixed
505928,282,7.1303654,0.0,-0.36036596,-0.8090847,1,[np.float32(5.0934668)],[np.float32(0.00026673783)],0.00026673783,5.0934668,fixed,fixed
505928,283,5.977319,0.0,-0.47901094,-0.5784754,1,[np.float32(5.0934668)],[np.float32(0.00026673783)],0.00026673783,5.0934668,fixed,fixed
505928,284,7.5358305,0.0,-0.29697034,-0.8901777,1,[np.float32(5.0934668)],[np.float32(0.00026673783)],0.00026673783,5.0934668,fixed,fixed
505928,299,5.977319,0.0,-0.4790191,-0.43535146,1,[np.float32(5.0934668)],[np.float32(0.0001333867)],0.0001333867,5.877573,fixed,fixed
505928,330,6.214031,0.0,-0.48054346,-0.48269397,1,[np.float32(5.0934668)],[np.float32(0.0001333867)],0.0001333867,5.284512,fixed,fixed
505928,338,4.5525913,0.0,-0.34436566,-0.29352993,1,[np.float32(5.0934668)],[np.float32(0.00026673783)],0.00026673783,6.088874,fixed,fixed
505928,340,7.5358305,0.0,-0.29695338,-0.7470538,1,[np.float32(5.0934668)],[np.float32(0.0001333867)],0.0001333867,4.5525913,fixed,fixed
505928,363,6.7248263,0.0,-0.4203238,-0.90187836,1,[np.float32(5.0934668)],[np.float32(0.00060000445)],0.00060000445,5.0934668,fixed,fixed
505928,365,5.786329,0.0,-0.4698726,-0.5402774,1,[np.float32(5.0934668)],[np.float32(0.00026673783)],0.00026673783,5.0934668,fixed,fixed
505928,386,6.214031,0.0,-0.4806946,-0.84472907,1,[np.float32(5.0934668)],[np.float32(0.0007332311)],0.0007332311,5.0934668,fixed,fixed
505928,387,7.5358305,0.0,-0.29684383,-0.7470538,1,[np.float32(5.0934668)],[np.float32(0.0001333867)],0.0001333867,5.0934668,fixed,fixed
505928,389,5.877573,0.0,-0.47567758,-0.41540232,1,[np.float32(5.0934668)],[np.float32(0.0001333867)],0.0001333867,4.411208,fixed,fixed
505928,392,5.877573,0.0,-0.4756777,-0.9558989,1,[np.float32(7.5358305)],[np.float32(0.0001333867)],0.0001333867,5.184434,fixed,fixed
505928,393,4.411208,0.0,-0.327783,-0.8822409,2,"[np.float32(5.0934668), np.float32(7.5358305)]","[np.float32(0.00053333334), np.float32(0.00026673783)]",0.00053333334,6.214031,fixed,fixed
505928,394,7.1303654,0.0,-0.36039367,-0.8090847,1,[np.float32(5.0934668)],[np.float32(0.00026673783)],0.00026673783,5.0934668,fixed,fixed
505928,416,5.184434,0.0,-0.41460726,-0.38592348,1,[np.float32(5.625983)],[np.float32(0.0001333867)],0.0001333867,4.8615465,fixed,fixed
550449,107,5.284512,0.0,-0.42523423,-0.6298946,1,[np.float32(5.284512)],[np.float32(0.00053333334)],0.00053333334,6.088874,broken,broken
550449,135,5.877573,0.0,-0.47571552,-0.8824607,1,[np.float32(6.842684)],[np.float32(0.0002000667)],0.0002000667,6.7248263,broken,broken
550449,165,5.0934668,0.0,-0.40473327,-0.44162473,1,[np.float32(5.284512)],[np.float32(0.00026673783)],0.00026673783,6.214031,broken,broken
550449,192,5.184434,0.0,-0.41455448,-0.48954505,1,[np.float32(5.4253707)],[np.float32(0.00026673783)],0.00026673783,5.877573,broken,broken
550449,218,6.214031,0.0,-0.4805098,-0.75246465,1,[np.float32(5.284512)],[np.float32(0.00040005337)],0.00040005337,5.284512,broken,broken
550449,221,5.0934668,0.0,-0.40481856,-0.44162473,1,[np.float32(5.284512)],[np.float32(0.00026673783)],0.00026673783,6.214031,broken,broken
550449,223,5.5545464,0.0,-0.45275247,-0.5695127,1,[np.float32(6.842684)],[np.float32(6.66978e-05)],6.66978e-05,5.0934668,broken,broken
550449,224,6.088874,0.0,-0.48098314,-0.79076695,1,[np.float32(5.284512)],[np.float32(0.00053333334)],0.00053333334,5.284512,broken,broken
550449,225,7.5358305,0.0,-0.29679564,-1.1181976,1,[np.float32(6.842684)],[np.float32(0.0001333867)],0.0001333867,6.842684,broken,broken
550449,227,6.088501,0.0,-0.4809984,-0.49652252,1,[np.float32(5.284512)],[np.float32(0.0001333867)],0.0001333867,5.284512,broken,broken
550449,228,7.5358305,0.0,-0.29697898,-0.93009746,1,[np.float32(5.284512)],[np.float32(0.00026673783)],0.00026673783,5.284512,broken,broken
550449,247,5.4253707,0.0,-0.44013306,-0.54367757,1,[np.float32(6.842684)],[np.float32(6.66978e-05)],6.66978e-05,5.877573,broken,broken
550449,250,7.5358305,0.0,-0.29673496,-1.1180909,1,[np.float32(7.5358305)],[np.float32(6.66978e-05)],6.66978e-05,5.786329,broken,broken
550449,252,5.877573,0.0,-0.475654,-0.8824607,1,[np.float32(6.842684)],[np.float32(0.0002000667)],0.0002000667,6.7248263,broken,broken
550449,253,5.786329,0.0,-0.46992558,-0.4360881,1,[np.float32(5.284512)],[np.float32(0.0001333867)],0.0001333867,5.0934668,broken,broken
550449,267,6.214031,0.0,-0.48051235,-0.853731,1,[np.float32(7.5358305)],[np.float32(6.66978e-05)],6.66978e-05,5.0934668,broken,broken
550449,268,6.842684,0.0,-0.4031463,-1.148921,1,[np.float32(7.5358305)],[np.float32(0.0001333867)],0.0001333867,5.877573,broken,broken
550449,269,7.5358305,0.0,-0.29678696,-1.1180909,1,[np.float32(7.5358305)],[np.float32(6.66978e-05)],6.66978e-05,5.0934668,broken,broken
550449,271,5.877573,0.0,-0.4757208,-0.7864393,1,[np.float32(7.5358305)],[np.float32(6.66978e-05)],6.66978e-05,6.7248263,broken,broken
550449,276,6.842684,0.0,-0.4031463,-0.534488,1,[np.float32(5.4253707)],[np.float32(6.66978e-05)],6.66978e-05,5.877573,broken,broken
550449,293,5.0934668,0.0,-0.40477505,-0.32637405,1,[np.float32(5.4253707)],[np.float32(0.0001333867)],0.0001333867,6.214031,broken,broken
550449,295,5.877573,0.0,-0.47572637,-0.8824607,2,"[np.float32(5.4253707), np.float32(6.842684)]","[np.float32(0.0002000667), np.float32(0.0002000667)]",0.0002000667,6.7248263,broken,broken
550449,296,8.228977,0.0,-0.18145421,-0.8117467,1,[np.float32(5.4253707)],[np.float32(6.66978e-05)],6.66978e-05,7.5358305,broken,broken
550449,330,6.214031,0.0,-0.48069474,-0.8885271,1,[np.float32(5.284512)],[np.float32(0.0007332311)],0.0007332311,5.284512,broken,broken
550449,333,5.0934668,0.0,-0.40470392,-0.44162473,1,[np.float32(5.284512)],[np.float32(0.00026673783)],0.00026673783,4.5525913,broken,broken
550449,336,6.088874,0.0,-0.48105046,-0.90315497,1,[np.float32(5.284512)],[np.float32(0.0008664222)],0.0008664222,5.284512,broken,broken
550449,338,4.5525913,0.0,-0.34425476,-0.48351043,1,[np.float32(5.284512)],[np.float32(0.00053333334)],0.00053333334,6.088874,broken,broken
550449,384,5.786329,0.0,-0.469992,-0.61586916,1,[np.float32(6.842684)],[np.float32(6.66978e-05)],6.66978e-05,5.877573,broken,broken
550449,385,7.5358305,0.0,-0.29681817,-1.1181976,1,[np.float32(6.842684)],[np.float32(0.0001333867)],0.0001333867,6.842684,broken,broken
550449,404,5.977319,0.0,-0.4790312,-0.65406716,1,[np.float32(6.842684)],[np.float32(6.66978e-05)],6.66978e-05,6.088874,broken,broken
550449,407,5.877573,0.0,-0.47566557,-0.8824607,1,[np.float32(6.842684)],[np.float32(0.0002000667)],0.0002000667,6.9761195,broken,broken
550449,416,5.184434,0.0,-0.41460726,-0.65575325,1,[np.float32(5.487917)],[np.float32(0.00053333334)],0.00053333334,4.8615465,broken,broken
550449,470,4.8615465,0.0,-0.37928,-0.7618648,1,[np.float32(5.487917)],[np.float32(0.0010660978)],0.0010660978,5.184434,broken,broken
558512,48,4.5525913,0.0,-0.34430754,-0.29352993,1,[np.float32(5.0934668)],[np.float32(0.00026673783)],0.00026673783,6.088874,fixed,fixed
558512,51,6.088874,0.0,-0.48099405,-0.4576625,1,[np.float32(5.0934668)],[np.float32(0.0001333867)],0.0001333867,6.7248263,fixed,fixed
558512,57,4.45615,0.0,-0.33315057,-0.6717211,2,"[np.float32(6.842684), np.float32(5.786329)]","[np.float32(0.00026673783), np.float32(0.00026673783)]",0.00026673783,6.214031,fixed,fixed
558512,59,6.088874,0.0,-0.48100436,-0.8288062,1,[np.float32(6.842684)],[np.float32(0.0001333867)],0.0001333867,6.7248263,fixed,fixed
558512,60,4.951692,0.0,-0.38912544,-0.60136986,1,[np.float32(6.842684)],[np.float32(0.0001333867)],0.0001333867,5.2083592,fixed,fixed
558512,75,5.0934668,0.0,-0.4047962,-0.5496383,1,[np.float32(5.0934668)],[np.float32(0.00053333334)],0.00053333334,6.5241694,fixed,fixed
558512,96,7.5358305,0.0,-0.29678598,-0.7470538,1,[np.float32(5.0934668)],[np.float32(0.0001333867)],0.0001333867,5.0934668,fixed,fixed
558512,97,6.214031,0.0,-0.48050475,-0.84472907,1,[np.float32(5.0934668)],[np.float32(0.0007332311)],0.0007332311,5.0934668,fixed,fixed
558512,103,7.1303654,0.0,-0.36036608,-0.8090847,1,[np.float32(5.0934668)],[np.float32(0.00026673783)],0.00026673783,5.0934668,fixed,fixed
558512,104,5.5545464,0.0,-0.45272678,-0.350797,1,[np.float32(5.0934668)],[np.float32(0.0001333867)],0.0001333867,5.0934668,fixed,fixed
558512,105,6.088874,0.0,-0.480997,-0.60078645,1,[np.float32(5.0934668)],[np.float32(0.00026673783)],0.00026673783,4.5525913,fixed,fixed
558512,107,5.284512,0.0,-0.42512876,-0.43991408,2,"[np.float32(5.0934668), np.float32(5.786329)]","[np.float32(0.00026673783), np.float32(0.0001333867)]",0.00026673783,6.088874,fixed,fixed
558512,125,5.877573,0.0,-0.47564813,-1.1755139,1,[np.float32(6.9761195)],[np.float32(0.00046674226)],0.00046674226,6.9761195,fixed,fixed
558512,132,6.842684,0.0,-0.4031464,-0.6077555,1,[np.float32(5.786329)],[np.float32(6.66978e-05)],6.66978e-05,5.877573,fixed,fixed
558512,135,5.877573,0.0,-0.47567457,-0.6435454,2,"[np.float32(5.0934668), np.float32(5.786329)]","[np.float32(0.0001333867), np.float32(0.0002000667)]",0.0002000667,6.7248263,fixed,fixed
558512,137,8.228977,0.0,-0.18150386,-0.8850142,1,[np.float32(5.786329)],[np.float32(6.66978e-05)],6.66978e-05,5.786329,fixed,fixed
558512,197,6.7248263,0.0,-0.42032382,-0.90187836,1,[np.float32(5.0934668)],[np.float32(0.00060000445)],0.00060000445,5.0934668,fixed,fixed
558512,198,5.5545464,0.0,-0.4526419,-0.49392095,1,[np.float32(5.0934668)],[np.float32(0.00026673783)],0.00026673783,5.0934668,fixed,fixed
558512,205,5.184434,0.0,-0.41447636,-0.41989845,1,[np.float32(5.0934668)],[np.float32(0.00026673783)],0.00026673783,5.877573,fixed,fixed
558512,208,7.5358305,0.0,-0.2969852,-0.8901777,1,[np.float32(5.0934668)],[np.float32(0.00026673783)],0.00026673783,5.0934668,fixed,fixed
558512,209,5.4253707,0.0,-0.44006646,-0.32496184,1,[np.float32(5.0934668)],[np.float32(0.0001333867)],0.0001333867,5.184434,fixed,fixed
558512,215,7.5358305,0.0,-0.29684278,-0.7470538,1,[np.float32(5.0934668)],[np.float32(0.0001333867)],0.0001333867,5.0934668,fixed,fixed
558512,216,6.214031,0.0,-0.4806057,-0.71150875,1,[np.float32(5.0934668)],[np.float32(0.00040005337)],0.00040005337,5.0934668,fixed,fixed
558512,221,5.0934668,0.0,-0.40460333,-0.5496383,1,[np.float32(5.0934668)],[np.float32(0.00053333334)],0.00053333334,6.214031,fixed,fixed
558512,222,7.1303654,0.0,-0.36036602,-0.8090847,1,[np.float32(5.0934668)],[np.float32(0.00026673783)],0.00026673783,5.0934668,fixed,fixed
558512,383,6.088874,0.0,-0.48099533,-0.60011613,1,[np.float32(5.786329)],[np.float32(0.0001333867)],0.0001333867,6.7248263,fixed,fixed
558512,428,4.8111362,0.0,-0.37364107,-0.34456858,1,[np.float32(5.786329)],[np.float32(0.0001333867)],0.0001333867,4.5525913,fixed,fixed
558512,430,4.8111362,0.0,-0.37367702,-0.49249902,1,[np.float32(5.786329)],[np.float32(0.00026673783)],0.00026673783,4.8111362,fixed,fixed
581578,25,5.2083592,0.0,-0.41708148,-0.57261676,1,[np.float32(5.0934668)],[np.float32(0.00053333334)],0.00053333334,4.5525913,fixed,fixed
581578,27,4.8111362,0.0,-0.3736254,-0.34523892,1,[np.float32(5.0934668)],[np.float32(0.00026673783)],0.00026673783,5.901499,fixed,fixed
581578,30,4.5525913,0.0,-0.34430584,-0.532314,1,[np.float32(5.0934668)],[np.float32(0.00079978665)],0.00079978665,6.214031,fixed,fixed
581578,40,4.8111362,0.0,-0.3736254,-0.60442805,1,[np.float32(5.877573)],[np.float32(0.00040005337)],0.00040005337,4.8111362,fixed,fixed
581578,43,6.088874,0.0,-0.48099405,-0.4756139,1,[np.float32(5.877573)],[np.float32(6.66978e-05)],6.66978e-05,6.7248263,fixed,fixed
581578,48,4.5525913,0.0,-0.34430754,-0.31192517,1,[np.float32(5.877573)],[np.float32(0.0001333867)],0.0001333867,6.088874,fixed,fixed
581578,55,5.2083592,0.0,-0.41708148,-0.4246835,1,[np.float32(5.0934668)],[np.float32(0.00026673783)],0.00026673783,4.951692,fixed,fixed
581578,57,4.45615,0.0,-0.33315057,-0.5334308,1,[np.float32(5.877573)],[np.float32(0.00040005337)],0.00040005337,6.214031,fixed,fixed
581578,59,6.088874,0.0,-0.48099405,-0.4756139,1,[np.float32(5.877573)],[np.float32(6.66978e-05)],6.66978e-05,6.7248263,fixed,fixed
581578,60,4.951692,0.0,-0.3891801,-0.5212833,1,[np.float32(5.0934668)],[np.float32(0.00053333334)],0.00053333334,5.2083592,fixed,fixed
581578,107,5.284512,0.0,-0.42523423,-0.6298946,2,"[np.float32(6.088501), np.float32(5.284512)]","[np.float32(0.0001333867), np.float32(0.00053333334)]",0.00053333334,6.088874,fixed,fixed
581578,128,6.9761195,0.0,-0.38363707,-1.0739117,1,[np.float32(5.877573)],[np.float32(0.00046674226)],0.00046674226,5.877573,fixed,fixed
581578,130,5.4253707,0.0,-0.44008118,-0.57263744,1,[np.float32(5.877573)],[np.float32(0.0002000667)],0.0002000667,5.877573,fixed,fixed
581578,131,7.5358305,0.0,-0.29677817,-0.76500523,1,[np.float32(5.877573)],[np.float32(6.66978e-05)],6.66978e-05,6.842684,fixed,fixed
581578,132,6.842684,0.0,-0.4032246,-0.8561001,1,[np.float32(5.877573)],[np.float32(0.0002000667)],0.0002000667,5.877573,fixed,fixed
581578,133,7.5358305,0.0,-0.29676345,-0.76500523,1,[np.float32(5.877573)],[np.float32(6.66978e-05)],6.66978e-05,5.786329,fixed,fixed
581578,151,6.357125,0.0,-0.46888548,-0.828338,1,[np.float32(5.0934668)],[np.float32(0.00060000445)],0.00060000445,5.0934668,fixed,fixed
581578,153,7.5358305,0.0,-0.29673502,-0.7470538,1,[np.float32(5.0934668)],[np.float32(0.0001333867)],0.0001333867,5.0934668,fixed,fixed
581578,165,5.0934668,0.0,-0.40473327,-0.44162473,1,[np.float32(5.284512)],[np.float32(0.00026673783)],0.00026673783,6.214031,fixed,fixed
581578,171,6.9761195,0.0,-0.38337436,-0.8971163,1,[np.float32(5.0934668)],[np.float32(0.00046674226)],0.00046674226,5.0934668,fixed,fixed
581578,175,5.5545464,0.0,-0.45272678,-0.350797,1,[np.float32(5.0934668)],[np.float32(0.0001333867)],0.0001333867,5.0934668,fixed,fixed
581578,176,6.088874,0.0,-0.48100266,-0.60078645,1,[np.float32(5.0934668)],[np.float32(0.00026673783)],0.00026673783,5.284512,fixed,fixed
581578,177,5.877573,0.0,-0.475678,-0.41540232,1,[np.float32(5.0934668)],[np.float32(0.0001333867)],0.0001333867,6.7248263,fixed,fixed
581578,180,5.0934668,0.0,-0.4045658,-0.5496383,1,[np.float32(5.0934668)],[np.float32(0.00053333334)],0.00053333334,6.214031,fixed,fixed
581578,187,5.4253707,0.0,-0.43982694,-0.61601907,1,[np.float32(5.0934668)],[np.float32(0.00053333334)],0.00053333334,5.0934668,fixed,fixed
581578,188,7.1303654,0.0,-0.36036605,-0.8090847,1,[np.float32(5.0934668)],[np.float32(0.00026673783)],0.00026673783,5.0934668,fixed,fixed
581578,218,6.214031,0.0,-0.4805098,-0.75246465,1,[np.float32(5.284512)],[np.float32(0.00040005337)],0.00040005337,5.284512,fixed,fixed
581578,221,5.0934668,0.0,-0.40481856,-0.44162473,1,[np.float32(5.284512)],[np.float32(0.00026673783)],0.00026673783,6.214031,fixed,fixed
581578,224,6.088874,0.0,-0.48098314,-0.79076695,1,[np.float32(5.284512)],[np.float32(0.00053333334)],0.00053333334,5.284512,fixed,fixed
581578,227,6.088501,0.0,-0.4809984,-0.49652252,1,[np.float32(5.284512)],[np.float32(0.0001333867)],0.0001333867,5.284512,fixed,fixed
581578,228,7.5358305,0.0,-0.29697898,-0.93009746,1,[np.float32(5.284512)],[np.float32(0.00026673783)],0.00026673783,5.284512,fixed,fixed
581578,253,5.786329,0.0,-0.46992558,-0.4360881,1,[np.float32(5.284512)],[np.float32(0.0001333867)],0.0001333867,5.0934668,fixed,fixed
581578,256,5.284512,0.0,-0.42520392,-0.43991408,1,[np.float32(5.0934668)],[np.float32(0.00026673783)],0.00026673783,6.088874,fixed,fixed
581578,330,6.214031,0.0,-0.48069474,-0.8885271,1,[np.float32(5.284512)],[np.float32(0.0007332311)],0.0007332311,5.284512,fixed,fixed
581578,333,5.0934668,0.0,-0.40470392,-0.44162473,1,[np.float32(5.284512)],[np.float32(0.00026673783)],0.00026673783,4.5525913,fixed,fixed
581578,336,6.088874,0.0,-0.48105046,-0.90315497,1,[np.float32(5.284512)],[np.float32(0.0008664222)],0.0008664222,5.284512,fixed,fixed
581578,338,4.5525913,0.0,-0.34425476,-0.48351043,1,[np.float32(5.284512)],[np.float32(0.00053333334)],0.00053333334,6.088874,fixed,fixed
581578,392,5.877573,0.0,-0.4756777,-0.5105874,1,[np.float32(4.8615465)],[np.float32(0.00026673783)],0.00026673783,5.184434,fixed,fixed
581578,405,5.0934668,0.0,-0.40477806,-0.535889,1,[np.float32(5.0301485)],[np.float32(0.00053333334)],0.00053333334,6.5241694,fixed,fixed
581578,407,5.877573,0.0,-0.4757271,-0.40254584,1,[np.float32(5.0301485)],[np.float32(0.0001333867)],0.0001333867,6.9761195,fixed,fixed
581578,416,5.184434,0.0,-0.41460726,-0.7365322,2,"[np.float32(5.0301485), np.float32(4.8615465)]","[np.float32(0.00026673783), np.float32(0.0013988314)]",0.0013988314,4.8615465,fixed,fixed
581578,445,4.5525913,0.0,-0.34464058,-0.28038898,1,[np.float32(5.0301485)],[np.float32(0.00026673783)],0.00026673783,6.088874,fixed,fixed
581578,452,4.8111362,0.0,-0.37362254,-0.47942296,2,"[np.float32(5.0301485), np.float32(4.8615465)]","[np.float32(0.00053333334), np.float32(0.00026673783)]",0.00053333334,4.411208,fixed,fixed
581578,466,7.5358305,0.0,-0.2969437,-0.7341973,1,[np.float32(5.0301485)],[np.float32(0.0001333867)],0.0001333867,4.8111362,fixed,fixed
581578,469,6.214031,0.0,-0.4805277,-0.43571025,1,[np.float32(4.8615465)],[np.float32(0.0001333867)],0.0001333867,4.411208,fixed,fixed
581578,473,7.5358305,0.0,-0.29683107,-0.7000701,1,[np.float32(4.8615465)],[np.float32(0.0001333867)],0.0001333867,4.8615465,fixed,fixed
581578,479,5.977319,0.0,-0.47901526,-0.42249498,1,[np.float32(5.0301485)],[np.float32(0.0001333867)],0.0001333867,4.8111362,fixed,fixed
581578,481,5.366584,0.0,-0.43345445,-0.7477566,1,[np.float32(5.0301485)],[np.float32(0.0010660978)],0.0010660978,5.0301485,fixed,fixed
581578,484,5.977319,0.0,-0.479019,-0.38836774,1,[np.float32(4.8615465)],[np.float32(0.0001333867)],0.0001333867,4.8615465,fixed,fixed
581578,485,5.487917,0.0,-0.44612026,-0.7325774,1,[np.float32(4.8615465)],[np.float32(0.0010660978)],0.0010660978,4.8615465,fixed,fixed
585324,57,4.45615,0.0,-0.33315057,-0.6716143,1,[np.float32(7.5358305)],[np.float32(0.0001333867)],0.0001333867,6.214031,fixed,fixed
585324,107,5.284512,0.0,-0.42523423,-1.0569017,1,[np.float32(7.5358305)],[np.float32(0.00026673783)],0.00026673783,6.088874,fixed,fixed
585324,164,5.0099363,0.0,-0.39557934,-0.552282,1,[np.float32(5.877573)],[np.float32(0.00026673783)],0.00026673783,5.184434,fixed,fixed
585324,165,5.0934668,0.0,-0.40473327,-1.0186926,1,[np.float32(6.7248263)],[np.float32(0.00060000445)],0.00060000445,6.214031,fixed,fixed
585324,192,5.184434,0.0,-0.41455448,-0.87698334,1,[np.float32(5.877573)],[np.float32(0.0008664222)],0.0008664222,5.877573,fixed,fixed
585324,271,5.877573,0.0,-0.4757208,-0.8824607,1,[np.float32(6.842684)],[np.float32(0.0002000667)],0.0002000667,6.7248263,fixed,fixed
585324,274,6.214031,0.0,-0.4805096,-0.64421314,1,[np.float32(5.877573)],[np.float32(0.0001333867)],0.0001333867,5.0934668,fixed,fixed
585324,277,5.877573,0.0,-0.47571778,-0.7864393,1,[np.float32(7.5358305)],[np.float32(6.66978e-05)],6.66978e-05,6.7248263,fixed,fixed
585324,281,5.0934668,0.0,-0.40468743,-0.568988,1,[np.float32(5.877573)],[np.float32(0.00026673783)],0.00026673783,6.214031,fixed,fixed
585324,284,7.5358305,0.0,-0.29691353,-0.908573,1,[np.float32(5.877573)],[np.float32(0.0001333867)],0.0001333867,5.0934668,fixed,fixed
585324,299,5.977319,0.0,-0.4790191,-0.59687066,1,[np.float32(5.877573)],[np.float32(0.0001333867)],0.0001333867,5.877573,fixed,fixed
585324,304,5.184434,0.0,-0.41439095,-0.7480553,1,[np.float32(5.877573)],[np.float32(0.00053333334)],0.00053333334,5.877573,fixed,fixed
585324,355,7.5358305,0.0,-0.29673478,-1.1180909,1,[np.float32(7.5358305)],[np.float32(6.66978e-05)],6.66978e-05,5.4253707,fixed,fixed
585324,356,6.842684,1.0,-0.9968369,-1.148921,1,[np.float32(7.5358305)],[np.float32(0.0001333867)],0.0001333867,5.877573,fixed,fixed
585324,359,5.4253707,0.0,-0.44013312,-0.54367757,1,[np.float32(6.842684)],[np.float32(6.66978e-05)],6.66978e-05,5.877573,fixed,fixed
585324,360,7.5358305,1.0,-0.99616814,-1.1181976,1,[np.float32(6.842684)],[np.float32(0.0001333867)],0.0001333867,6.842684,fixed,fixed
585324,373,7.5358305,0.0,-0.29676327,-1.1180909,1,[np.float32(7.5358305)],[np.float32(6.66978e-05)],6.66978e-05,5.4253707,fixed,fixed
585324,376,5.877573,0.0,-0.475678,-0.7864393,1,[np.float32(7.5358305)],[np.float32(6.66978e-05)],6.66978e-05,6.9761195,fixed,fixed
585324,377,5.4253707,0.0,-0.44013306,-0.54367757,1,[np.float32(6.842684)],[np.float32(6.66978e-05)],6.66978e-05,5.877573,fixed,fixed
585324,383,6.088874,0.0,-0.4810109,-0.9247209,1,[np.float32(6.842684)],[np.float32(0.0002000667)],0.0002000667,6.7248263,fixed,fixed
585324,392,5.877573,0.0,-0.4755958,-0.7258093,1,[np.float32(5.877573)],[np.float32(0.00026673783)],0.00026673783,5.184434,fixed,fixed
654596,29,6.088874,0.0,-0.48099405,-0.68580556,1,[np.float32(5.786329)],[np.float32(0.0002000667)],0.0002000667,6.7248263,fixed,fixed
654596,30,4.5525913,0.0,-0.34430584,-0.2928596,1,[np.float32(5.786329)],[np.float32(0.0001333867)],0.0001333867,6.214031,fixed,fixed
654596,36,5.0301485,0.0,-0.39777696,-0.5369746,1,[np.float32(5.0934668)],[np.float32(0.00053333334)],0.00053333334,5.1152887,fixed,fixed
654596,38,5.1152887,0.0,-0.40702605,-0.55400264,1,[np.float32(5.0934668)],[np.float32(0.00053333334)],0.00053333334,5.0301485,fixed,fixed
654596,48,4.5525913,0.0,-0.34430754,-0.44146317,1,[np.float32(5.0934668)],[np.float32(0.00053333334)],0.00053333334,6.088874,fixed,fixed
654596,51,6.088874,0.0,-0.48099405,-0.4576625,1,[np.float32(5.0934668)],[np.float32(0.0001333867)],0.0001333867,6.7248263,fixed,fixed
654596,66,5.901499,0.0,-0.47669613,-0.56331146,1,[np.float32(5.0934668)],[np.float32(0.00026673783)],0.00026673783,4.5525913,fixed,fixed
654596,74,6.5241694,0.0,-0.44778967,-0.9067567,1,[np.float32(5.0934668)],[np.float32(0.0007332311)],0.0007332311,5.0934668,fixed,fixed
654596,76,6.9761195,0.0,-0.38369182,-0.8971163,1,[np.float32(5.0934668)],[np.float32(0.00046674226)],0.00046674226,5.0934668,fixed,fixed
654596,77,5.5545464,0.0,-0.4526419,-0.49392095,1,[np.float32(5.0934668)],[np.float32(0.00026673783)],0.00026673783,5.0934668,fixed,fixed
654596,83,5.877573,0.0,-0.47564963,-1.1755139,1,[np.float32(6.9761195)],[np.float32(0.00046674226)],0.00046674226,6.9761195,fixed,fixed
654596,86,5.184434,0.0,-0.41447908,-0.41989845,1,[np.float32(5.0934668)],[np.float32(0.00026673783)],0.00026673783,5.877573,fixed,fixed
654596,89,7.5358305,0.0,-0.29698524,-0.8901777,1,[np.float32(5.0934668)],[np.float32(0.00026673783)],0.00026673783,5.0934668,fixed,fixed
654596,90,5.4253707,0.0,-0.44006646,-0.32496184,1,[np.float32(5.0934668)],[np.float32(0.0001333867)],0.0001333867,5.184434,fixed,fixed
654596,96,7.5358305,0.0,-0.29684278,-0.7470538,1,[np.float32(5.0934668)],[np.float32(0.0001333867)],0.0001333867,5.0934668,fixed,fixed
654596,97,6.214031,0.0,-0.48060563,-0.71150875,1,[np.float32(5.0934668)],[np.float32(0.00040005337)],0.00040005337,5.0934668,fixed,fixed
654596,102,5.0934668,0.0,-0.4045852,-0.5496383,1,[np.float32(5.0934668)],[np.float32(0.00053333334)],0.00053333334,6.214031,fixed,fixed
654596,103,7.1303654,0.0,-0.36036602,-0.8090847,1,[np.float32(5.0934668)],[np.float32(0.00026673783)],0.00026673783,5.0934668,fixed,fixed
654596,118,6.842684,0.0,-0.40314642,-0.6077555,1,[np.float32(5.786329)],[np.float32(6.66978e-05)],6.66978e-05,5.877573,fixed,fixed
654596,119,8.228977,0.0,-0.18147309,-0.8850142,1,[np.float32(5.786329)],[np.float32(6.66978e-05)],6.66978e-05,5.877573,fixed,fixed
654596,120,5.0934668,0.0,-0.40475807,-0.5489651,1,[np.float32(5.786329)],[np.float32(0.00026673783)],0.00026673783,6.214031,fixed,fixed
654596,176,6.088874,0.0,-0.48098192,-0.8152388,1,[np.float32(6.088874)],[np.float32(0.00026673783)],0.00026673783,5.284512,fixed,fixed
654596,180,5.0934668,0.0,-0.40478095,-0.61615735,1,[np.float32(6.088874)],[np.float32(0.00026673783)],0.00026673783,6.214031,fixed,fixed
654596,256,5.284512,0.0,-0.42530918,-0.8216146,1,[np.float32(6.088874)],[np.float32(0.00053333334)],0.00053333334,6.088874,fixed,fixed
654596,368,5.284512,0.0,-0.42498997,-0.9614452,1,[np.float32(6.088874)],[np.float32(0.0008664222)],0.0008664222,6.088874,fixed,fixed
654596,402,6.088874,0.0,-0.48100662,-0.8152388,1,[np.float32(6.088874)],[np.float32(0.00026673783)],0.00026673783,4.5525913,fixed,fixed
716149,389,5.877573,0.0,-0.47571856,-0.35824347,1,[np.float32(4.8111362)],[np.float32(0.0001333867)],0.0001333867,4.411208,fixed,unchanged
716149,393,4.411208,0.0,-0.3279832,-0.3524868,1,[np.float32(4.8111362)],[np.float32(0.00053333334)],0.00053333334,6.214031,fixed,unchanged
716149,407,5.877573,0.0,-0.4757271,-0.58474547,1,[np.float32(4.8111362)],[np.float32(0.00040005337)],0.00040005337,6.9761195,fixed,unchanged
716149,416,5.184434,0.0,-0.41460726,-0.50713193,1,[np.float32(4.8111362)],[np.float32(0.00053333334)],0.00053333334,4.8615465,fixed,unchanged
716149,428,4.8111362,0.0,-0.37364107,-0.9622265,1,[np.float32(7.5358305)],[np.float32(0.00026673783)],0.00026673783,4.5525913,fixed,unchanged
716149,430,4.8111362,0.0,-0.37367702,-0.7426115,2,"[np.float32(7.5358305), np.float32(4.8111362)]","[np.float32(0.0001333867), np.float32(0.00026673783)]",0.00026673783,4.8111362,fixed,unchanged
716149,455,7.5358305,0.0,-0.29696542,-0.689895,1,[np.float32(4.8111362)],[np.float32(0.0001333867)],0.0001333867,4.411208,fixed,unchanged
716149,463,5.0301485,0.0,-0.39755315,-0.47627488,1,[np.float32(4.8111362)],[np.float32(0.00053333334)],0.00053333334,5.366584,fixed,unchanged
716149,466,7.5358305,0.0,-0.2970005,-0.8318855,1,[np.float32(4.8111362)],[np.float32(0.00026673783)],0.00026673783,4.8111362,fixed,unchanged
716149,467,5.786329,0.0,-0.4698601,-0.48198515,1,[np.float32(4.8111362)],[np.float32(0.00026673783)],0.00026673783,4.8111362,fixed,unchanged
716149,468,6.842684,0.0,-0.40336344,-0.69325614,1,[np.float32(4.8111362)],[np.float32(0.00026673783)],0.00026673783,4.8111362,fixed,unchanged
716149,469,6.214031,0.0,-0.4805614,-0.4255351,1,[np.float32(4.8111362)],[np.float32(0.0001333867)],0.0001333867,4.411208,fixed,unchanged
716149,470,4.8615465,0.0,-0.37916976,-0.2970287,1,[np.float32(4.8111362)],[np.float32(0.00026673783)],0.00026673783,5.184434,fixed,unchanged
716149,471,7.5358305,0.0,-0.29696542,-0.689895,1,[np.float32(4.8111362)],[np.float32(0.0001333867)],0.0001333867,4.411208,fixed,unchanged
716149,479,5.977319,0.0,-0.4790153,-0.3781926,1,[np.float32(4.8111362)],[np.float32(0.0001333867)],0.0001333867,4.8111362,fixed,unchanged
716149,481,5.366584,0.0,-0.43376762,-0.39803615,1,[np.float32(4.8111362)],[np.float32(0.00026673783)],0.00026673783,5.0301485,fixed,unchanged
716149,483,8.228977,0.0,-0.18158337,-0.8285243,1,[np.float32(4.8111362)],[np.float32(0.0001333867)],0.0001333867,4.8111362,fixed,unchanged
716149,494,6.18106,0.0,-0.48122662,-0.70645714,1,[np.float32(4.8111362)],[np.float32(0.00053333334)],0.00053333334,4.8111362,fixed,unchanged
725597,333,5.0934668,0.0,-0.40481156,-1.0186926,1,[np.float32(6.9761195)],[np.float32(0.00046674226)],0.00046674226,4.5525913,fixed,fixed
725597,364,6.088874,0.0,-0.48099533,-1.217774,1,[np.float32(6.7248263)],[np.float32(0.00060000445)],0.00060000445,6.7248263,fixed,fixed
725597,389,5.877573,0.0,-0.47571856,-1.1755139,1,[np.float32(6.9761195)],[np.float32(0.00046674226)],0.00046674226,4.411208,fixed,fixed
725597,452,4.8111362,0.0,-0.37362254,-0.9622265,1,[np.float32(7.5358305)],[np.float32(0.00026673783)],0.00026673783,4.411208,fixed,fixed
725597,463,5.0301485,0.0,-0.39776984,-0.78641397,1,[np.float32(7.5358305)],[np.float32(0.0001333867)],0.0001333867,5.366584,fixed,fixed
819771,18,4.8111362,0.0,-0.3736032,-0.60442805,1,[np.float32(5.877573)],[np.float32(0.00040005337)],0.00040005337,4.411208,fixed,fixed
819771,21,6.088874,0.0,-0.48099405,-0.4756139,1,[np.float32(5.877573)],[np.float32(6.66978e-05)],6.66978e-05,6.7248263,fixed,fixed
819771,36,5.0301485,0.0,-0.39777696,-0.4074366,1,[np.float32(5.877573)],[np.float32(0.0001333867)],0.0001333867,5.1152887,fixed,fixed
819771,40,4.8111362,0.0,-0.3736254,-0.60442805,1,[np.float32(5.877573)],[np.float32(0.00040005337)],0.00040005337,4.8111362,fixed,fixed
819771,43,6.088874,0.0,-0.48099405,-0.4756139,1,[np.float32(5.877573)],[np.float32(6.66978e-05)],6.66978e-05,6.7248263,fixed,fixed
819771,48,4.5525913,0.0,-0.34430754,-0.31192517,1,[np.float32(5.877573)],[np.float32(0.0001333867)],0.0001333867,6.088874,fixed,fixed
819771,75,5.0934668,0.0,-0.4047962,-1.0186926,1,[np.float32(6.9761195)],[np.float32(0.00046674226)],0.00046674226,6.5241694,fixed,fixed
819771,87,6.9761195,0.0,-0.38363704,-1.0739117,1,[np.float32(5.877573)],[np.float32(0.00046674226)],0.00046674226,5.877573,fixed,fixed
819771,90,5.4253707,0.0,-0.4400404,-0.57263744,1,[np.float32(5.877573)],[np.float32(0.0002000667)],0.0002000667,5.184434,fixed,fixed
819771,91,7.5358305,0.0,-0.29677078,-0.76500523,1,[np.float32(5.877573)],[np.float32(6.66978e-05)],6.66978e-05,6.842684,fixed,fixed
819771,92,6.842684,0.0,-0.40322462,-0.8561001,1,[np.float32(5.877573)],[np.float32(0.0002000667)],0.0002000667,5.877573,fixed,fixed
819771,93,7.5358305,0.0,-0.29676345,-0.76500523,1,[np.float32(5.877573)],[np.float32(6.66978e-05)],6.66978e-05,5.786329,fixed,fixed
819771,133,7.5358305,0.0,-0.29673502,-0.76500523,1,[np.float32(5.877573)],[np.float32(6.66978e-05)],6.66978e-05,5.786329,fixed,fixed
819771,151,6.357125,0.0,-0.46888548,-0.74012744,1,[np.float32(5.0934668)],[np.float32(0.00040005337)],0.00040005337,5.0934668,fixed,fixed
819771,152,6.842684,0.0,-0.40314642,-0.8561001,1,[np.float32(5.877573)],[np.float32(0.0002000667)],0.0002000667,5.877573,fixed,fixed
819771,153,7.5358305,0.0,-0.29673502,-0.7470538,1,[np.float32(5.0934668)],[np.float32(0.0001333867)],0.0001333867,5.0934668,fixed,fixed
819771,155,5.877573,0.0,-0.4757208,-0.43335372,1,[np.float32(5.877573)],[np.float32(6.66978e-05)],6.66978e-05,6.7248263,fixed,fixed
819771,163,7.5358305,0.0,-0.29674616,-0.76500523,1,[np.float32(5.877573)],[np.float32(6.66978e-05)],6.66978e-05,6.842684,fixed,fixed
819771,172,5.0934668,0.0,-0.40483937,-0.5496383,1,[np.float32(5.0934668)],[np.float32(0.00053333334)],0.00053333334,4.5525913,fixed,fixed
819771,177,5.877573,0.0,-0.47571895,-0.43335372,2,"[np.float32(5.0934668), np.float32(5.877573)]","[np.float32(0.0001333867), np.float32(6.66978e-05)]",0.0001333867,6.7248263,fixed,fixed
819771,179,5.184434,0.0,-0.41447502,-0.41989845,1,[np.float32(5.0934668)],[np.float32(0.00026673783)],0.00026673783,5.0099363,fixed,fixed
819771,184,5.4253707,0.0,-0.4399884,-0.57263744,2,"[np.float32(5.0934668), np.float32(5.877573)]","[np.float32(0.0001333867), np.float32(0.0002000667)]",0.0002000667,5.184434,fixed,fixed
819771,185,5.877573,0.0,-0.47569796,-0.43335372,1,[np.float32(5.877573)],[np.float32(6.66978e-05)],6.66978e-05,6.7248263,fixed,fixed
819771,188,7.1303654,0.0,-0.3603662,-0.8090847,1,[np.float32(5.0934668)],[np.float32(0.00026673783)],0.00026673783,5.0934668,fixed,fixed
819771,189,7.5358305,0.0,-0.29698518,-0.8901777,1,[np.float32(5.0934668)],[np.float32(0.00026673783)],0.00026673783,5.0934668,fixed,fixed
819771,190,5.5545464,0.0,-0.4526419,-0.49392095,1,[np.float32(5.0934668)],[np.float32(0.00026673783)],0.00026673783,5.0934668,fixed,fixed
819771,238,5.0934668,0.0,-0.40481293,-0.41447815,1,[np.float32(4.45615)],[np.float32(0.00053333334)],0.00053333334,6.214031,fixed,fixed
819771,256,5.284512,0.0,-0.4252038,-0.43991408,1,[np.float32(5.0934668)],[np.float32(0.00026673783)],0.00026673783,6.088874,fixed,fixed
819771,263,6.7248263,0.0,-0.42025742,-1.0856797,1,[np.float32(5.877573)],[np.float32(0.00060000445)],0.00060000445,5.877573,fixed,fixed
819771,264,5.877573,0.0,-0.47572106,-0.2869397,1,[np.float32(4.45615)],[np.float32(0.0001333867)],0.0001333867,6.7248263,fixed,fixed
819771,265,5.4253707,0.0,-0.44008118,-0.57263744,1,[np.float32(5.877573)],[np.float32(0.0002000667)],0.0002000667,5.877573,fixed,fixed
819771,266,7.5358305,0.0,-0.29677814,-0.76500523,1,[np.float32(5.877573)],[np.float32(6.66978e-05)],6.66978e-05,6.842684,fixed,fixed
819771,267,6.214031,0.0,-0.4807142,-0.84472907,2,"[np.float32(5.0934668), np.float32(5.877573)]","[np.float32(0.0007332311), np.float32(6.66978e-05)]",0.0007332311,5.0934668,fixed,fixed
819771,268,6.842684,0.0,-0.40322456,-0.8561001,1,[np.float32(5.877573)],[np.float32(0.0002000667)],0.0002000667,5.877573,fixed,fixed
819771,269,7.5358305,0.0,-0.29687226,-0.76500523,2,"[np.float32(5.0934668), np.float32(5.877573)]","[np.float32(0.0001333867), np.float32(6.66978e-05)]",0.0001333867,5.0934668,fixed,fixed
819771,286,6.7248263,0.0,-0.4203238,-0.90187836,1,[np.float32(5.0934668)],[np.float32(0.00060000445)],0.00060000445,5.0934668,fixed,fixed
819771,289,5.5545464,0.0,-0.45272678,-0.350797,1,[np.float32(5.0934668)],[np.float32(0.0001333867)],0.0001333867,5.0934668,fixed,fixed
819771,290,6.088874,0.0,-0.48100662,-0.60078645,1,[np.float32(5.0934668)],[np.float32(0.00026673783)],0.00026673783,5.284512,fixed,fixed
819771,291,5.877573,0.0,-0.475678,-0.41540232,1,[np.float32(5.0934668)],[np.float32(0.0001333867)],0.0001333867,6.7248263,fixed,fixed
819771,293,5.0934668,0.0,-0.4045597,-0.5496383,1,[np.float32(5.0934668)],[np.float32(0.00053333334)],0.00053333334,6.214031,fixed,fixed
819771,300,7.1303654,0.0,-0.36036596,-0.8090847,1,[np.float32(5.0934668)],[np.float32(0.00026673783)],0.00026673783,5.0934668,fixed,fixed
819771,317,5.184434,0.0,-0.4144973,-0.28928035,1,[np.float32(4.45615)],[np.float32(0.00026673783)],0.00026673783,5.0099363,fixed,fixed
819771,345,7.5358305,0.0,-0.29676932,-0.6185912,1,[np.float32(4.45615)],[np.float32(0.0001333867)],0.0001333867,5.0934668,fixed,fixed
819771,346,6.214031,0.0,-0.48050308,-0.705942,1,[np.float32(4.45615)],[np.float32(0.0007332311)],0.0007332311,4.45615,fixed,fixed
819771,358,5.877573,0.0,-0.4756775,-0.2869397,1,[np.float32(4.45615)],[np.float32(0.0001333867)],0.0001333867,6.9761195,fixed,fixed
819771,368,5.284512,0.0,-0.4251217,-0.43991408,2,"[np.float32(5.0934668), np.float32(4.45615)]","[np.float32(0.00026673783), np.float32(0.00026673783)]",0.00026673783,6.088874,fixed,fixed
819771,370,7.1303654,0.0,-0.36039183,-0.6784667,1,[np.float32(4.45615)],[np.float32(0.00026673783)],0.00026673783,5.0934668,fixed,fixed
819771,371,5.786329,0.0,-0.4698759,-0.40965933,1,[np.float32(4.45615)],[np.float32(0.00026673783)],0.00026673783,4.45615,fixed,fixed
819771,372,7.5358305,0.0,-0.29693586,-0.6185912,1,[np.float32(4.45615)],[np.float32(0.0001333867)],0.0001333867,5.284512,fixed,fixed
819771,376,5.877573,0.0,-0.4755757,-0.5113679,1,[np.float32(4.45615)],[np.float32(0.00040005337)],0.00040005337,6.9761195,fixed,fixed
819771,400,6.214031,0.0,-0.4805367,-0.35423136,1,[np.float32(4.45615)],[np.float32(0.0001333867)],0.0001333867,4.5525913,fixed,fixed
819771,420,4.951692,0.0,-0.38897988,-0.38612324,1,[np.float32(4.45615)],[np.float32(0.00053333334)],0.00053333334,5.487917,fixed,fixed
819771,424,7.5358305,0.0,-0.29696247,-0.7595597,1,[np.float32(4.45615)],[np.float32(0.00026673783)],0.00026673783,4.45615,fixed,fixed
819771,425,5.977319,0.0,-0.47901782,-0.30688888,1,[np.float32(4.45615)],[np.float32(0.0001333867)],0.0001333867,4.45615,fixed,fixed
819771,426,6.842684,0.0,-0.40336677,-0.6209303,1,[np.float32(4.45615)],[np.float32(0.00026673783)],0.00026673783,4.45615,fixed,fixed
819771,429,5.487917,0.0,-0.44641465,-0.34997696,1,[np.float32(4.45615)],[np.float32(0.00026673783)],0.00026673783,4.951692,fixed,fixed
819771,430,4.8111362,0.0,-0.37356624,-0.21462083,1,[np.float32(4.45615)],[np.float32(0.00026673783)],0.00026673783,4.8111362,fixed,fixed
819771,432,8.228977,0.0,-0.18166618,-0.75722057,1,[np.float32(4.45615)],[np.float32(0.0001333867)],0.0001333867,4.45615,fixed,fixed
819771,442,6.7248263,0.0,-0.42037764,-0.7655307,1,[np.float32(4.45615)],[np.float32(0.00060000445)],0.00060000445,4.45615,fixed,fixed
819771,443,5.977319,0.0,-0.47900626,-0.44785732,1,[np.float32(4.45615)],[np.float32(0.00026673783)],0.00026673783,4.45615,fixed,fixed
819771,447,7.5358305,0.0,-0.29696247,-0.7595597,1,[np.float32(4.45615)],[np.float32(0.00026673783)],0.00026673783,4.45615,fixed,fixed
819771,458,7.1303654,0.0,-0.36030924,-0.6784667,1,[np.float32(4.45615)],[np.float32(0.00026673783)],0.00026673783,4.45615,fixed,fixed
819771,486,6.18106,0.0,-0.48122868,-0.63199675,1,[np.float32(4.45615)],[np.float32(0.00053333334)],0.00053333334,4.45615,fixed,fixed
826654,43,6.088874,0.0,-0.48099405,-0.68580556,1,[np.float32(5.786329)],[np.float32(0.0002000667)],0.0002000667,6.7248263,fixed,fixed
826654,48,4.5525913,0.0,-0.34430754,-0.29352993,1,[np.float32(5.0934668)],[np.float32(0.00026673783)],0.00026673783,6.088874,fixed,fixed
826654,51,6.088874,0.0,-0.48099405,-0.4576625,1,[np.float32(5.0934668)],[np.float32(0.0001333867)],0.0001333867,6.7248263,fixed,fixed
826654,59,6.088874,0.0,-0.48099405,-1.217774,1,[np.float32(6.7248263)],[np.float32(0.00060000445)],0.00060000445,6.7248263,fixed,fixed
826654,75,5.0934668,0.0,-0.4047962,-0.5496383,1,[np.float32(5.0934668)],[np.float32(0.00053333334)],0.00053333334,6.5241694,fixed,fixed
826654,92,6.842684,0.0,-0.40314642,-0.6077555,1,[np.float32(5.786329)],[np.float32(6.66978e-05)],6.66978e-05,5.877573,fixed,fixed
826654,93,7.5358305,0.0,-0.29673502,-0.8895075,1,[np.float32(5.786329)],[np.float32(0.0001333867)],0.0001333867,5.786329,fixed,fixed
826654,96,7.5358305,0.0,-0.29678598,-0.7470538,1,[np.float32(5.0934668)],[np.float32(0.0001333867)],0.0001333867,5.0934668,fixed,fixed
826654,97,6.214031,0.0,-0.48050475,-0.84472907,1,[np.float32(5.0934668)],[np.float32(0.0007332311)],0.0007332311,5.0934668,fixed,fixed
826654,101,6.842684,0.0,-0.40314013,-0.534488,1,[np.float32(5.4253707)],[np.float32(6.66978e-05)],6.66978e-05,6.088874,fixed,fixed
826654,103,7.1303654,0.0,-0.36036608,-0.8090847,1,[np.float32(5.0934668)],[np.float32(0.00026673783)],0.00026673783,5.0934668,fixed,fixed
826654,104,5.5545464,0.0,-0.45272678,-0.350797,1,[np.float32(5.0934668)],[np.float32(0.0001333867)],0.0001333867,5.0934668,fixed,fixed
826654,105,6.088874,0.0,-0.480997,-0.60078645,1,[np.float32(5.0934668)],[np.float32(0.00026673783)],0.00026673783,4.5525913,fixed,fixed
826654,107,5.284512,0.0,-0.42512876,-0.43991408,1,[np.float32(5.0934668)],[np.float32(0.00026673783)],0.00026673783,6.088874,fixed,fixed
826654,118,6.842684,0.0,-0.40314642,-0.6077555,1,[np.float32(5.786329)],[np.float32(6.66978e-05)],6.66978e-05,5.877573,fixed,fixed
826654,122,5.877573,0.0,-0.47571725,-0.6435454,1,[np.float32(5.786329)],[np.float32(0.0002000667)],0.0002000667,6.7248263,fixed,fixed
826654,125,5.877573,0.0,-0.47564813,-0.56743723,1,[np.float32(5.4253707)],[np.float32(0.0002000667)],0.0002000667,6.9761195,fixed,fixed
826654,126,7.5358305,0.0,-0.29673246,-0.8148468,1,[np.float32(5.4253707)],[np.float32(0.0001333867)],0.0001333867,5.4253707,fixed,fixed
826654,127,6.842684,0.0,-0.40314013,-0.534488,1,[np.float32(5.4253707)],[np.float32(6.66978e-05)],6.66978e-05,6.088874,fixed,fixed
826654,129,5.877573,0.0,-0.47572747,-0.56743723,1,[np.float32(5.4253707)],[np.float32(0.0002000667)],0.0002000667,6.7248263,fixed,fixed
826654,135,5.877573,0.0,-0.47567457,-0.41540232,1,[np.float32(5.0934668)],[np.float32(0.0001333867)],0.0001333867,6.7248263,fixed,fixed
826654,197,6.7248263,0.0,-0.42032382,-0.90187836,1,[np.float32(5.0934668)],[np.float32(0.00060000445)],0.00060000445,5.0934668,fixed,fixed
826654,198,5.5545464,0.0,-0.4526419,-0.49392095,1,[np.float32(5.0934668)],[np.float32(0.00026673783)],0.00026673783,5.0934668,fixed,fixed
826654,205,5.184434,0.0,-0.41447636,-0.41989845,1,[np.float32(5.0934668)],[np.float32(0.00026673783)],0.00026673783,5.877573,fixed,fixed
826654,208,7.5358305,0.0,-0.2969852,-0.8901777,1,[np.float32(5.0934668)],[np.float32(0.00026673783)],0.00026673783,5.0934668,fixed,fixed
826654,209,5.4253707,0.0,-0.44006646,-0.32496184,1,[np.float32(5.0934668)],[np.float32(0.0001333867)],0.0001333867,5.184434,fixed,fixed
826654,215,7.5358305,0.0,-0.29684278,-0.7470538,1,[np.float32(5.0934668)],[np.float32(0.0001333867)],0.0001333867,5.0934668,fixed,fixed
826654,216,6.214031,0.0,-0.4806057,-0.71150875,1,[np.float32(5.0934668)],[np.float32(0.00040005337)],0.00040005337,5.0934668,fixed,fixed
826654,221,5.0934668,0.0,-0.4046033,-0.5496383,1,[np.float32(5.0934668)],[np.float32(0.00053333334)],0.00053333334,6.214031,fixed,fixed
826654,222,7.1303654,0.0,-0.360366,-0.8090847,1,[np.float32(5.0934668)],[np.float32(0.00026673783)],0.00026673783,5.0934668,fixed,fixed
837349,57,4.45615,0.0,-0.33315057,-0.42217493,1,[np.float32(5.0934668)],[np.float32(0.00053333334)],0.00053333334,6.214031,broken,broken
837349,158,6.214031,0.0,-0.48051864,-0.71150875,1,[np.float32(5.0934668)],[np.float32(0.00040005337)],0.00040005337,4.45615,broken,broken
837349,159,7.5358305,0.0,-0.2967983,-0.7470538,1,[np.float32(5.0934668)],[np.float32(0.0001333867)],0.0001333867,4.45615,broken,broken
837349,161,5.877573,0.0,-0.4757135,-0.41540232,1,[np.float32(5.0934668)],[np.float32(0.0001333867)],0.0001333867,6.7248263,broken,broken
837349,164,5.0099363,0.0,-0.39557934,-0.5528417,2,"[np.float32(5.0934668), np.float32(5.184434)]","[np.float32(0.00026673783), np.float32(0.00053333334)]",0.00053333334,5.184434,broken,broken
837349,166,7.1303654,0.0,-0.3603918,-0.8090847,1,[np.float32(5.0934668)],[np.float32(0.00026673783)],0.00026673783,4.45615,broken,broken
837349,167,5.977319,0.0,-0.47901094,-0.5784754,1,[np.float32(5.0934668)],[np.float32(0.00026673783)],0.00026673783,5.0934668,broken,broken
837349,168,7.5358305,0.0,-0.29698884,-0.8901777,1,[np.float32(5.0934668)],[np.float32(0.00026673783)],0.00026673783,5.0934668,broken,broken
837349,179,5.184434,0.0,-0.41447502,-0.58774126,1,[np.float32(5.184434)],[np.float32(0.00053333334)],0.00053333334,5.0099363,broken,broken
837349,185,5.877573,0.0,-0.47571835,-0.43391338,1,[np.float32(5.184434)],[np.float32(0.0001333867)],0.0001333867,6.7248263,broken,broken
837349,186,5.977319,0.0,-0.4790159,-0.43535146,1,[np.float32(5.0934668)],[np.float32(0.0001333867)],0.0001333867,5.0099363,broken,broken
837349,191,8.228977,0.0,-0.18151537,-0.90419424,1,[np.float32(5.184434)],[np.float32(0.0001333867)],0.0001333867,5.184434,broken,broken
837349,193,7.1303654,0.0,-0.36035872,-0.82803977,1,[np.float32(5.184434)],[np.float32(0.00026673783)],0.00026673783,5.184434,broken,broken
837349,194,5.625983,0.0,-0.45880923,-0.3835954,1,[np.float32(5.184434)],[np.float32(0.0001333867)],0.0001333867,5.184434,broken,broken
837349,218,6.214031,0.0,-0.48054346,-0.48269397,1,[np.float32(5.0934668)],[np.float32(0.0001333867)],0.0001333867,5.284512,broken,broken
837349,226,5.284512,0.0,-0.42518815,-0.9479989,2,"[np.float32(5.0934668), np.float32(6.214031)]","[np.float32(0.00026673783), np.float32(0.0007332311)]",0.0007332311,6.088874,broken,broken
837349,228,7.5358305,0.0,-0.2969222,-0.7470538,1,[np.float32(5.0934668)],[np.float32(0.0001333867)],0.0001333867,5.284512,broken,broken
837349,251,6.7248263,0.0,-0.4203238,-0.90187836,1,[np.float32(5.0934668)],[np.float32(0.00060000445)],0.00060000445,5.0934668,broken,broken
837349,252,5.877573,0.0,-0.47571552,-0.5024463,1,[np.float32(6.214031)],[np.float32(6.66978e-05)],6.66978e-05,6.7248263,broken,broken
837349,253,5.786329,0.0,-0.46987632,-0.5402774,1,[np.float32(5.0934668)],[np.float32(0.00026673783)],0.00026673783,5.0934668,broken,broken
837349,267,6.214031,0.0,-0.480546,-0.501205,1,[np.float32(5.184434)],[np.float32(0.0001333867)],0.0001333867,5.0934668,broken,broken
837349,274,6.214031,0.0,-0.4806946,-0.84472907,1,[np.float32(5.0934668)],[np.float32(0.0007332311)],0.0007332311,5.0934668,broken,broken
837349,275,7.5358305,0.0,-0.29684383,-0.7470538,1,[np.float32(5.0934668)],[np.float32(0.0001333867)],0.0001333867,5.0934668,broken,broken
837349,277,5.877573,0.0,-0.47567677,-0.41540232,1,[np.float32(5.0934668)],[np.float32(0.0001333867)],0.0001333867,6.7248263,broken,broken
837349,280,5.877573,0.0,-0.4754001,-0.83709306,1,[np.float32(5.184434)],[np.float32(0.0008664222)],0.0008664222,5.184434,broken,broken
837349,281,5.0934668,0.0,-0.4045798,-1.0186926,3,"[np.float32(5.0934668), np.float32(6.214031), np.float32(6.7248263)]","[np.float32(0.00053333334), np.float32(0.0001333867), np.float32(0.00060000445)]",0.00060000445,6.214031,broken,broken
837349,282,7.1303654,0.0,-0.36036596,-0.8090847,1,[np.float32(5.0934668)],[np.float32(0.00026673783)],0.00026673783,5.0934668,broken,broken
837349,293,5.0934668,0.0,-0.4046673,-0.42065996,1,[np.float32(5.184434)],[np.float32(0.00026673783)],0.00026673783,6.214031,broken,broken
837349,294,6.7248263,0.0,-0.42031604,-0.9220419,1,[np.float32(5.184434)],[np.float32(0.00060000445)],0.00060000445,5.184434,broken,broken
837349,297,5.4253707,0.0,-0.4400145,-0.48704076,1,[np.float32(5.184434)],[np.float32(0.00026673783)],0.00026673783,5.184434,broken,broken
837349,298,5.877573,0.0,-0.47567743,-0.43391338,1,[np.float32(5.184434)],[np.float32(0.0001333867)],0.0001333867,6.7248263,broken,broken
837349,301,7.5358305,0.0,-0.29692832,-0.76556486,1,[np.float32(5.184434)],[np.float32(0.0001333867)],0.0001333867,5.0934668,broken,broken
837349,303,8.228977,0.0,-0.18157482,-0.90419424,1,[np.float32(5.184434)],[np.float32(0.0001333867)],0.0001333867,5.184434,broken,broken
837349,304,5.184434,0.0,-0.41439098,-0.58774126,1,[np.float32(5.184434)],[np.float32(0.00053333334)],0.00053333334,5.877573,broken,broken
837349,305,7.1303654,0.0,-0.36035857,-0.82803977,1,[np.float32(5.184434)],[np.float32(0.00026673783)],0.00026673783,5.184434,broken,broken
837349,335,5.5545464,0.0,-0.45275256,-0.437841,1,[np.float32(6.214031)],[np.float32(6.66978e-05)],6.66978e-05,5.0934668,broken,broken
837349,337,7.5358305,0.0,-0.29676718,-0.83409786,1,[np.float32(6.214031)],[np.float32(6.66978e-05)],6.66978e-05,6.842684,broken,broken
837349,338,4.5525913,0.0,-0.34431005,-0.6336484,1,[np.float32(6.214031)],[np.float32(0.00040005337)],0.00040005337,6.088874,broken,broken
839459,48,4.5525913,0.0,-0.34430754,-0.29352993,1,[np.float32(5.0934668)],[np.float32(0.00026673783)],0.00026673783,6.088874,fixed,fixed
839459,51,6.088874,0.0,-0.48099405,-0.4576625,1,[np.float32(5.0934668)],[np.float32(0.0001333867)],0.0001333867,6.7248263,fixed,fixed
839459,55,5.2083592,0.0,-0.41708148,-0.5925263,1,[np.float32(5.184434)],[np.float32(0.00053333334)],0.00053333334,4.951692,fixed,fixed
839459,57,4.45615,0.0,-0.33315057,-0.6716143,2,"[np.float32(7.5358305), np.float32(5.184434)]","[np.float32(0.0001333867), np.float32(0.00026673783)]",0.00026673783,6.214031,fixed,fixed
839459,59,6.088874,0.0,-0.48099405,-0.82869947,1,[np.float32(7.5358305)],[np.float32(6.66978e-05)],6.66978e-05,6.7248263,fixed,fixed
839459,60,4.951692,0.0,-0.3891801,-0.5411929,1,[np.float32(5.184434)],[np.float32(0.00053333334)],0.00053333334,5.2083592,fixed,fixed
839459,75,5.0934668,0.0,-0.4047962,-0.5496383,1,[np.float32(5.0934668)],[np.float32(0.00053333334)],0.00053333334,6.5241694,fixed,fixed
839459,96,7.5358305,0.0,-0.29678598,-0.7470538,1,[np.float32(5.0934668)],[np.float32(0.0001333867)],0.0001333867,5.0934668,fixed,fixed
839459,97,6.214031,0.0,-0.48050475,-0.84472907,1,[np.float32(5.0934668)],[np.float32(0.0007332311)],0.0007332311,5.0934668,fixed,fixed
839459,103,7.1303654,0.0,-0.36036608,-0.8090847,1,[np.float32(5.0934668)],[np.float32(0.00026673783)],0.00026673783,5.0934668,fixed,fixed
839459,104,5.5545464,0.0,-0.45272678,-0.350797,1,[np.float32(5.0934668)],[np.float32(0.0001333867)],0.0001333867,5.0934668,fixed,fixed
839459,105,6.088874,0.0,-0.480997,-0.60078645,1,[np.float32(5.0934668)],[np.float32(0.00026673783)],0.00026673783,4.5525913,fixed,fixed
839459,107,5.284512,0.0,-0.42512876,-0.43991408,1,[np.float32(5.0934668)],[np.float32(0.00026673783)],0.00026673783,6.088874,fixed,fixed
839459,129,5.877573,0.0,-0.47572747,-0.8824607,1,[np.float32(6.842684)],[np.float32(0.0002000667)],0.0002000667,6.7248263,fixed,fixed
839459,135,5.877573,0.0,-0.47567457,-0.41540232,1,[np.float32(5.0934668)],[np.float32(0.0001333867)],0.0001333867,6.7248263,fixed,fixed
839459,151,6.357125,0.0,-0.46888548,-0.5298237,1,[np.float32(5.184434)],[np.float32(0.0001333867)],0.0001333867,5.0934668,fixed,fixed
839459,162,5.5545464,0.0,-0.45275778,-0.721834,1,[np.float32(7.5358305)],[np.float32(6.66978e-05)],6.66978e-05,5.877573,fixed,fixed
839459,163,7.5358305,0.0,-0.29677463,-1.1180909,1,[np.float32(7.5358305)],[np.float32(6.66978e-05)],6.66978e-05,6.842684,fixed,fixed
839459,164,5.0099363,0.0,-0.39557934,-0.72881335,1,[np.float32(5.184434)],[np.float32(0.0011326978)],0.0011326978,5.184434,fixed,fixed
839459,165,5.0934668,0.0,-0.4046794,-0.79907763,1,[np.float32(7.5358305)],[np.float32(0.0001333867)],0.0001333867,6.214031,fixed,fixed
839459,180,5.0934668,0.0,-0.40467337,-0.42065996,1,[np.float32(5.184434)],[np.float32(0.00026673783)],0.00026673783,6.214031,fixed,fixed
839459,181,6.9761195,0.0,-0.3836855,-0.91677856,1,[np.float32(5.184434)],[np.float32(0.00046674226)],0.00046674226,5.184434,fixed,fixed
839459,184,5.4253707,0.0,-0.4400145,-0.48704076,1,[np.float32(5.184434)],[np.float32(0.00026673783)],0.00026673783,5.184434,fixed,fixed
839459,185,5.877573,0.0,-0.4756775,-0.43391338,1,[np.float32(5.184434)],[np.float32(0.0001333867)],0.0001333867,6.7248263,fixed,fixed
839459,189,7.5358305,0.0,-0.29692832,-0.76556486,1,[np.float32(5.184434)],[np.float32(0.0001333867)],0.0001333867,5.0934668,fixed,fixed
839459,191,8.228977,0.0,-0.18157491,-0.90419424,1,[np.float32(5.184434)],[np.float32(0.0001333867)],0.0001333867,5.184434,fixed,fixed
839459,192,5.184434,0.0,-0.41434133,-0.58774126,1,[np.float32(5.184434)],[np.float32(0.00053333334)],0.00053333334,5.877573,fixed,fixed
839459,193,7.1303654,0.0,-0.36035866,-0.82803977,1,[np.float32(5.184434)],[np.float32(0.00026673783)],0.00026673783,5.184434,fixed,fixed
839459,197,6.7248263,0.0,-0.42032382,-0.90187836,1,[np.float32(5.0934668)],[np.float32(0.00060000445)],0.00060000445,5.0934668,fixed,fixed
839459,198,5.5545464,0.0,-0.4526419,-0.49392095,1,[np.float32(5.0934668)],[np.float32(0.00026673783)],0.00026673783,5.0934668,fixed,fixed
839459,205,5.184434,0.0,-0.41447636,-0.41989845,1,[np.float32(5.0934668)],[np.float32(0.00026673783)],0.00026673783,5.877573,fixed,fixed
839459,208,7.5358305,0.0,-0.2969852,-0.8901777,1,[np.float32(5.0934668)],[np.float32(0.00026673783)],0.00026673783,5.0934668,fixed,fixed
839459,209,5.4253707,0.0,-0.44006646,-0.32496184,1,[np.float32(5.0934668)],[np.float32(0.0001333867)],0.0001333867,5.184434,fixed,fixed
839459,214,5.977319,0.0,-0.4790271,-0.65406716,1,[np.float32(6.842684)],[np.float32(6.66978e-05)],6.66978e-05,5.877573,fixed,fixed
839459,215,7.5358305,0.0,-0.29684278,-0.7470538,1,[np.float32(5.0934668)],[np.float32(0.0001333867)],0.0001333867,5.0934668,fixed,fixed
839459,216,6.214031,0.0,-0.4806057,-0.71150875,1,[np.float32(5.0934668)],[np.float32(0.00040005337)],0.00040005337,5.0934668,fixed,fixed
839459,217,7.5358305,0.0,-0.2968204,-1.1181976,1,[np.float32(6.842684)],[np.float32(0.0001333867)],0.0001333867,6.842684,fixed,fixed
839459,221,5.0934668,0.0,-0.40460333,-0.5496383,1,[np.float32(5.0934668)],[np.float32(0.00053333334)],0.00053333334,6.214031,fixed,fixed
839459,222,7.1303654,0.0,-0.36036602,-0.8090847,1,[np.float32(5.0934668)],[np.float32(0.00026673783)],0.00026673783,5.0934668,fixed,fixed
839459,226,5.284512,0.0,-0.42529365,-0.47274256,1,[np.float32(4.5525913)],[np.float32(0.00053333334)],0.00053333334,6.088874,fixed,fixed
839459,241,5.786329,0.0,-0.46998912,-0.61586916,1,[np.float32(6.842684)],[np.float32(6.66978e-05)],6.66978e-05,5.877573,fixed,fixed
839459,246,5.877573,0.0,-0.47566596,-0.8824607,1,[np.float32(6.842684)],[np.float32(0.0002000667)],0.0002000667,6.7248263,fixed,fixed
839459,281,5.0934668,0.0,-0.40479508,-0.5911046,2,"[np.float32(5.977319), np.float32(4.5525913)]","[np.float32(0.00026673783), np.float32(0.00026673783)]",0.00026673783,6.214031,fixed,fixed
839459,330,6.214031,0.0,-0.4805098,-0.5984612,1,[np.float32(4.5525913)],[np.float32(0.00040005337)],0.00040005337,5.284512,fixed,fixed
839459,333,5.0934668,0.0,-0.40481156,-0.52103174,1,[np.float32(4.5525913)],[np.float32(0.00079978665)],0.00079978665,4.5525913,fixed,fixed
839459,336,6.088874,0.0,-0.48098314,-0.6336149,1,[np.float32(4.5525913)],[np.float32(0.00053333334)],0.00053333334,5.284512,fixed,fixed
839459,339,6.088501,0.0,-0.48099744,-0.34843796,1,[np.float32(4.5525913)],[np.float32(0.0001333867)],0.0001333867,4.5525913,fixed,fixed
839459,340,7.5358305,0.0,-0.2970102,-0.7791139,1,[np.float32(4.5525913)],[np.float32(0.00026673783)],0.00026673783,4.5525913,fixed,fixed
839459,365,5.786329,0.0,-0.4699218,-0.28800353,1,[np.float32(4.5525913)],[np.float32(0.0001333867)],0.0001333867,5.0934668,fixed,fixed
839459,421,5.4253707,0.0,-0.43993077,-0.3570219,1,[np.float32(4.5525913)],[np.float32(0.00026673783)],0.00026673783,5.0934668,fixed,fixed
839459,428,4.8111362,0.0,-0.37341976,-0.3780674,1,[np.float32(4.5525913)],[np.float32(0.00053333334)],0.00053333334,4.5525913,fixed,fixed
839459,435,6.842684,0.0,-0.40330863,-0.49927455,1,[np.float32(4.5525913)],[np.float32(0.0001333867)],0.0001333867,4.8111362,fixed,fixed
839459,436,6.088874,0.0,-0.48104665,-0.73750734,1,[np.float32(4.5525913)],[np.float32(0.0008664222)],0.0008664222,4.5525913,fixed,fixed
839459,437,5.487917,0.0,-0.446208,-0.5999218,1,[np.float32(4.5525913)],[np.float32(0.00079978665)],0.00079978665,4.5525913,fixed,fixed
839459,438,6.214031,0.0,-0.48074862,-0.7625388,1,[np.float32(4.5525913)],[np.float32(0.0008664222)],0.0008664222,4.5525913,fixed,fixed
839459,439,8.228977,0.0,-0.18166718,-0.77653325,1,[np.float32(4.5525913)],[np.float32(0.0001333867)],0.0001333867,4.5525913,fixed,fixed
846283,18,4.8111362,0.0,-0.3736032,-0.28694662,1,[np.float32(4.8111362)],[np.float32(0.00026673783)],0.00026673783,4.411208,broken,broken
846283,27,4.8111362,0.0,-0.3736254,-0.4324724,1,[np.float32(4.8111362)],[np.float32(0.00053333334)],0.00053333334,5.901499,broken,broken
846283,39,5.901499,0.0,-0.4767239,-0.65054494,1,[np.float32(4.8111362)],[np.float32(0.00053333334)],0.00053333334,4.8111362,broken,broken
846283,42,6.842684,0.0,-0.403341,-0.69325614,1,[np.float32(4.8111362)],[np.float32(0.00026673783)],0.00026673783,4.8111362,broken,broken
846283,44,7.5358305,0.0,-0.29694828,-0.689895,1,[np.float32(4.8111362)],[np.float32(0.0001333867)],0.0001333867,4.8111362,broken,broken
846283,45,5.786329,0.0,-0.46986374,-0.48198515,1,[np.float32(4.8111362)],[np.float32(0.00026673783)],0.00026673783,4.8111362,broken,broken
846283,46,7.5358305,0.0,-0.29694828,-0.689895,1,[np.float32(4.8111362)],[np.float32(0.0001333867)],0.0001333867,4.8111362,broken,broken
846283,48,4.5525913,0.0,-0.34408525,-0.38076344,1,[np.float32(4.8111362)],[np.float32(0.00053333334)],0.00053333334,6.088874,broken,broken
846283,50,6.842684,0.0,-0.40329894,-0.5512656,1,[np.float32(4.8111362)],[np.float32(0.0001333867)],0.0001333867,4.5525913,broken,broken
846283,51,6.088874,0.0,-0.48099405,-1.217774,1,[np.float32(6.7248263)],[np.float32(0.00060000445)],0.00060000445,6.7248263,broken,broken
846283,52,7.5358305,0.0,-0.29701063,-0.8318855,1,[np.float32(4.8111362)],[np.float32(0.00026673783)],0.00026673783,4.8111362,broken,broken
846283,53,5.786329,0.0,-0.46990818,-0.3399946,1,[np.float32(4.8111362)],[np.float32(0.0001333867)],0.0001333867,4.5525913,broken,broken
846283,54,7.5358305,0.0,-0.29701063,-0.8318855,1,[np.float32(4.8111362)],[np.float32(0.00026673783)],0.00026673783,4.8111362,broken,broken
846283,57,4.45615,0.0,-0.3330384,-0.6716143,2,"[np.float32(4.8111362), np.float32(7.5358305)]","[np.float32(0.00026673783), np.float32(0.0001333867)]",0.00026673783,6.214031,broken,broken
846283,83,5.877573,0.0,-0.47552684,-0.58474547,1,[np.float32(4.8111362)],[np.float32(0.00040005337)],0.00040005337,6.9761195,broken,broken
846283,99,6.214031,0.0,-0.48052198,-0.43491095,1,[np.float32(5.5545464)],[np.float32(6.66978e-05)],6.66978e-05,4.5525913,broken,broken
846283,100,8.228977,0.0,-0.18147062,-0.83790016,1,[np.float32(5.5545464)],[np.float32(6.66978e-05)],6.66978e-05,6.088874,broken,broken
846283,101,6.842684,0.0,-0.40314013,-0.56064147,1,[np.float32(5.5545464)],[np.float32(6.66978e-05)],6.66978e-05,6.088874,broken,broken
846283,102,5.0934668,0.0,-0.40480036,-0.3529664,1,[np.float32(5.5545464)],[np.float32(0.0001333867)],0.0001333867,6.214031,broken,broken
846283,107,5.284512,0.0,-0.42523423,-1.0569017,1,[np.float32(7.5358305)],[np.float32(0.00026673783)],0.00026673783,6.088874,broken,broken
846283,113,5.877573,0.0,-0.47561646,-0.35824347,1,[np.float32(4.8111362)],[np.float32(0.0001333867)],0.0001333867,4.411208,broken,broken
846283,125,5.877573,0.0,-0.47552538,-0.58474547,1,[np.float32(4.8111362)],[np.float32(0.00040005337)],0.00040005337,6.9761195,broken,broken
846283,144,5.877573,0.0,-0.47560868,-0.35824347,1,[np.float32(4.8111362)],[np.float32(0.0001333867)],0.0001333867,6.9761195,broken,broken
846283,165,5.0934668,0.0,-0.40473327,-0.5489651,1,[np.float32(5.786329)],[np.float32(0.00026673783)],0.00026673783,6.214031,broken,broken
846283,226,5.284512,0.0,-0.42529365,-0.43924373,1,[np.float32(5.786329)],[np.float32(0.0001333867)],0.0001333867,6.088874,broken,broken
846283,249,6.842684,0.0,-0.4031463,-0.6077555,1,[np.float32(5.786329)],[np.float32(6.66978e-05)],6.66978e-05,5.877573,broken,broken
846283,252,5.877573,0.0,-0.47571552,-0.6435454,1,[np.float32(5.786329)],[np.float32(0.0002000667)],0.0002000667,6.7248263,broken,broken
846283,254,8.228977,0.0,-0.18150386,-0.8850142,1,[np.float32(5.786329)],[np.float32(6.66978e-05)],6.66978e-05,5.786329,broken,broken
846283,393,4.411208,0.0,-0.3279832,-0.45465288,1,[np.float32(5.977319)],[np.float32(0.00026673783)],0.00026673783,6.214031,broken,broken
846283,405,5.0934668,0.0,-0.40477806,-0.535889,1,[np.float32(5.0301485)],[np.float32(0.00053333334)],0.00053333334,6.5241694,broken,broken
846283,407,5.877573,0.0,-0.4757271,-0.40254584,1,[np.float32(5.0301485)],[np.float32(0.0001333867)],0.0001333867,6.9761195,broken,broken
846283,416,5.184434,0.0,-0.41460726,-0.4067575,1,[np.float32(5.0301485)],[np.float32(0.00026673783)],0.00026673783,4.8615465,broken,broken
846283,445,4.5525913,0.0,-0.34464058,-0.28038898,1,[np.float32(5.0301485)],[np.float32(0.00026673783)],0.00026673783,6.088874,broken,broken
846283,452,4.8111362,0.0,-0.37362254,-0.47942296,1,[np.float32(5.0301485)],[np.float32(0.00053333334)],0.00053333334,4.411208,broken,broken
846283,466,7.5358305,0.0,-0.2969437,-0.7341973,1,[np.float32(5.0301485)],[np.float32(0.0001333867)],0.0001333867,4.8111362,broken,broken
846283,479,5.977319,0.0,-0.47901526,-0.42249498,1,[np.float32(5.0301485)],[np.float32(0.0001333867)],0.0001333867,4.8111362,broken,broken
846283,481,5.366584,0.0,-0.43345445,-0.7477566,1,[np.float32(5.0301485)],[np.float32(0.0010660978)],0.0010660978,5.0301485,broken,broken
849409,27,4.8111362,0.0,-0.3736254,-0.31587163,1,[np.float32(4.951692)],[np.float32(0.00026673783)],0.00026673783,5.901499,fixed,fixed
849409,51,6.088874,0.0,-0.48099405,-0.9247209,1,[np.float32(6.842684)],[np.float32(0.0002000667)],0.0002000667,6.7248263,fixed,fixed
849409,55,5.2083592,0.0,-0.41708148,-0.63137174,1,[np.float32(4.951692)],[np.float32(0.00079978665)],0.00079978665,4.951692,fixed,fixed
849409,57,4.45615,0.0,-0.33315057,-0.75276065,2,"[np.float32(4.951692), np.float32(7.1303654)]","[np.float32(0.00053333334), np.float32(0.00026673783)]",0.00053333334,6.214031,fixed,fixed
849409,58,6.842684,0.0,-0.40321118,-0.57966864,1,[np.float32(4.951692)],[np.float32(0.0001333867)],0.0001333867,4.45615,fixed,fixed
849409,61,8.228977,0.0,-0.18166609,-0.8569273,1,[np.float32(4.951692)],[np.float32(0.0001333867)],0.0001333867,4.45615,fixed,fixed
849409,102,5.0934668,0.0,-0.40480036,-0.32637405,1,[np.float32(5.4253707)],[np.float32(0.0001333867)],0.0001333867,6.214031,fixed,fixed
849409,104,5.5545464,0.0,-0.45275247,-0.5695127,1,[np.float32(6.842684)],[np.float32(6.66978e-05)],6.66978e-05,5.0934668,fixed,fixed
849409,106,7.5358305,0.0,-0.29679564,-1.1181976,1,[np.float32(6.842684)],[np.float32(0.0001333867)],0.0001333867,6.842684,fixed,fixed
849409,129,5.877573,0.0,-0.47572747,-0.56743723,1,[np.float32(5.4253707)],[np.float32(0.0002000667)],0.0002000667,6.7248263,fixed,fixed
849409,130,5.4253707,0.0,-0.44013304,-0.54367757,1,[np.float32(6.842684)],[np.float32(6.66978e-05)],6.66978e-05,5.877573,fixed,fixed
849409,135,5.877573,0.0,-0.475654,-0.8824607,1,[np.float32(6.842684)],[np.float32(0.0002000667)],0.0002000667,6.7248263,fixed,fixed
849409,144,5.877573,0.0,-0.47552684,-0.6142119,1,[np.float32(4.951692)],[np.float32(0.00040005337)],0.00040005337,6.9761195,fixed,fixed
849409,164,5.0099363,0.0,-0.39547068,-0.35563165,1,[np.float32(4.951692)],[np.float32(0.00026673783)],0.00026673783,5.184434,fixed,fixed
849409,172,5.0934668,0.0,-0.4046243,-0.51896703,1,[np.float32(4.951692)],[np.float32(0.00053333334)],0.00053333334,4.5525913,fixed,fixed
849409,179,5.184434,0.0,-0.41426188,-0.53716046,1,[np.float32(4.951692)],[np.float32(0.00053333334)],0.00053333334,5.0099363,fixed,fixed
849409,187,5.4253707,0.0,-0.43993053,-0.4387185,1,[np.float32(4.951692)],[np.float32(0.00026673783)],0.00026673783,5.0934668,fixed,fixed
849409,203,8.228977,0.0,-0.18147296,-0.8117467,1,[np.float32(5.4253707)],[np.float32(6.66978e-05)],6.66978e-05,5.877573,fixed,fixed
849409,204,6.842684,0.0,-0.4031463,-0.534488,1,[np.float32(5.4253707)],[np.float32(6.66978e-05)],6.66978e-05,5.877573,fixed,fixed
849409,205,5.184434,0.0,-0.41458294,-0.48954505,1,[np.float32(5.4253707)],[np.float32(0.00026673783)],0.00026673783,5.877573,fixed,fixed
878834,18,4.8111362,0.0,-0.3736032,-0.47942296,1,[np.float32(5.0301485)],[np.float32(0.00053333334)],0.00053333334,4.411208,fixed,fixed
878834,25,5.2083592,0.0,-0.41708148,-0.57261676,1,[np.float32(5.0934668)],[np.float32(0.00053333334)],0.00053333334,4.5525913,fixed,fixed
878834,27,4.8111362,0.0,-0.3736254,-0.60442805,2,"[np.float32(5.877573), np.float32(5.0934668)]","[np.float32(0.00040005337), np.float32(0.00026673783)]",0.00040005337,5.901499,fixed,fixed
878834,29,6.088874,0.0,-0.48099405,-0.4756139,1,[np.float32(5.877573)],[np.float32(6.66978e-05)],6.66978e-05,6.7248263,fixed,fixed
878834,30,4.5525913,0.0,-0.34430584,-0.532314,1,[np.float32(5.0934668)],[np.float32(0.00079978665)],0.00079978665,6.214031,fixed,fixed
878834,35,5.977319,0.0,-0.47902435,-0.42249498,1,[np.float32(5.0301485)],[np.float32(0.0001333867)],0.0001333867,4.8111362,fixed,fixed
878834,37,7.5358305,0.0,-0.29694366,-0.7341973,1,[np.float32(5.0301485)],[np.float32(0.0001333867)],0.0001333867,4.8111362,fixed,fixed
878834,38,5.1152887,0.0,-0.40659633,-0.6974976,1,[np.float32(5.0301485)],[np.float32(0.0010660978)],0.0010660978,5.0301485,fixed,fixed
878834,40,4.8111362,0.0,-0.3734036,-0.6793104,2,"[np.float32(5.901499), np.float32(5.877573)]","[np.float32(0.00053333334), np.float32(0.0001333867)]",0.00053333334,4.8111362,fixed,fixed
878834,48,4.5525913,0.0,-0.34419632,-0.28038898,1,[np.float32(5.0301485)],[np.float32(0.00026673783)],0.00026673783,6.088874,fixed,fixed
878834,55,5.2083592,0.0,-0.41708148,-0.4246835,1,[np.float32(5.0934668)],[np.float32(0.00026673783)],0.00026673783,4.951692,fixed,fixed
878834,57,4.45615,0.0,-0.33315057,-0.29263693,1,[np.float32(5.877573)],[np.float32(0.0001333867)],0.0001333867,6.214031,fixed,fixed
878834,60,4.951692,0.0,-0.3891801,-0.6325392,2,"[np.float32(5.877573), np.float32(5.0934668)]","[np.float32(0.00040005337), np.float32(0.00053333334)]",0.00053333334,5.2083592,fixed,fixed
878834,72,5.184434,0.0,-0.41443524,-0.4067575,1,[np.float32(5.0301485)],[np.float32(0.00026673783)],0.00026673783,4.8615465,fixed,fixed
878834,75,5.0934668,0.0,-0.40458086,-0.535889,1,[np.float32(5.0301485)],[np.float32(0.00053333334)],0.00053333334,6.5241694,fixed,fixed
878834,83,5.877573,0.0,-0.4756087,-0.40254584,1,[np.float32(5.0301485)],[np.float32(0.0001333867)],0.0001333867,6.9761195,fixed,fixed
878834,147,6.9761195,0.0,-0.38363704,-1.0739117,1,[np.float32(5.877573)],[np.float32(0.00046674226)],0.00046674226,5.877573,fixed,fixed
878834,149,5.4253707,0.0,-0.44008118,-0.57263744,1,[np.float32(5.877573)],[np.float32(0.0002000667)],0.0002000667,5.877573,fixed,fixed
878834,150,7.5358305,0.0,-0.29677817,-0.76500523,1,[np.float32(5.877573)],[np.float32(6.66978e-05)],6.66978e-05,6.842684,fixed,fixed
878834,151,6.357125,0.0,-0.4689128,-0.828338,2,"[np.float32(5.877573), np.float32(5.0934668)]","[np.float32(6.66978e-05), np.float32(0.00060000445)]",0.00060000445,5.0934668,fixed,fixed
878834,152,6.842684,0.0,-0.4032246,-0.8561001,1,[np.float32(5.877573)],[np.float32(0.0002000667)],0.0002000667,5.877573,fixed,fixed
878834,153,7.5358305,0.0,-0.29676345,-0.76500523,2,"[np.float32(5.877573), np.float32(5.0934668)]","[np.float32(6.66978e-05), np.float32(0.0001333867)]",0.0001333867,5.0934668,fixed,fixed
878834,171,6.9761195,0.0,-0.38337436,-0.8971163,1,[np.float32(5.0934668)],[np.float32(0.00046674226)],0.00046674226,5.0934668,fixed,fixed
878834,175,5.5545464,0.0,-0.45272678,-0.350797,1,[np.float32(5.0934668)],[np.float32(0.0001333867)],0.0001333867,5.0934668,fixed,fixed
878834,176,6.088874,0.0,-0.48100266,-0.60078645,1,[np.float32(5.0934668)],[np.float32(0.00026673783)],0.00026673783,5.284512,fixed,fixed
878834,177,5.877573,0.0,-0.475678,-0.41540232,1,[np.float32(5.0934668)],[np.float32(0.0001333867)],0.0001333867,6.7248263,fixed,fixed
878834,180,5.0934668,0.0,-0.4045658,-0.5496383,1,[np.float32(5.0934668)],[np.float32(0.00053333334)],0.00053333334,6.214031,fixed,fixed
878834,187,5.4253707,0.0,-0.43982694,-0.61601907,1,[np.float32(5.0934668)],[np.float32(0.00053333334)],0.00053333334,5.0934668,fixed,fixed
878834,188,7.1303654,0.0,-0.36036605,-0.8090847,1,[np.float32(5.0934668)],[np.float32(0.00026673783)],0.00026673783,5.0934668,fixed,fixed
878834,256,5.284512,0.0,-0.42520392,-0.43991408,1,[np.float32(5.0934668)],[np.float32(0.00026673783)],0.00026673783,6.088874,fixed,fixed
878834,304,5.184434,0.0,-0.41460422,-0.58774126,1,[np.float32(5.184434)],[np.float32(0.00053333334)],0.00053333334,5.877573,fixed,fixed
878834,392,5.877573,0.0,-0.4756777,-0.726369,1,[np.float32(5.184434)],[np.float32(0.00053333334)],0.00053333334,5.184434,fixed,fixed
878834,410,6.088874,0.0,-0.48099455,-0.47617355,1,[np.float32(5.184434)],[np.float32(0.0001333867)],0.0001333867,6.7248263,fixed,fixed
878834,415,8.228977,0.0,-0.18151534,-0.90419424,1,[np.float32(5.184434)],[np.float32(0.0001333867)],0.0001333867,5.184434,fixed,fixed
878834,416,5.184434,1.0,-0.99785817,-1.036886,1,[np.float32(6.9761195)],[np.float32(0.00046674226)],0.00046674226,4.8615465,fixed,fixed
878834,417,7.1303654,0.0,-0.36035857,-0.82803977,1,[np.float32(5.184434)],[np.float32(0.00026673783)],0.00026673783,5.184434,fixed,fixed
878834,418,5.625983,0.0,-0.45880923,-0.3835954,1,[np.float32(5.184434)],[np.float32(0.0001333867)],0.0001333867,5.184434,fixed,fixed
878834,452,4.8111362,0.0,-0.37340102,-0.51308167,1,[np.float32(5.184434)],[np.float32(0.00053333334)],0.00053333334,4.411208,fixed,fixed
878834,463,5.0301485,0.0,-0.39766136,-0.40799633,1,[np.float32(5.184434)],[np.float32(0.00026673783)],0.00026673783,5.366584,fixed,fixed
878834,470,4.8615465,0.0,-0.37870175,-0.75370705,1,[np.float32(5.184434)],[np.float32(0.0013988314)],0.0013988314,5.184434,fixed,fixed
878834,481,5.366584,0.0,-0.43376762,-0.47528338,1,[np.float32(5.184434)],[np.float32(0.00026673783)],0.00026673783,5.0301485,fixed,fixed
878834,482,6.9761195,1.0,-0.9967091,-0.91677856,1,[np.float32(5.184434)],[np.float32(0.00046674226)],0.00046674226,5.184434,fixed,fixed
878834,485,5.487917,0.0,-0.44632617,-0.64843786,1,[np.float32(5.184434)],[np.float32(0.00053333334)],0.00053333334,4.8615465,fixed,fixed
914777,43,6.088874,0.0,-0.48099405,-0.68580556,1,[np.float32(5.786329)],[np.float32(0.0002000667)],0.0002000667,6.7248263,fixed,fixed
914777,55,5.2083592,0.0,-0.41708148,-0.5925263,1,[np.float32(5.184434)],[np.float32(0.00053333334)],0.00053333334,4.951692,fixed,fixed
914777,57,4.45615,0.0,-0.33315057,-0.29319662,1,[np.float32(5.184434)],[np.float32(0.00026673783)],0.00026673783,6.214031,fixed,fixed
914777,58,6.842684,0.0,-0.40321118,-0.8144641,1,[np.float32(6.088874)],[np.float32(0.0001333867)],0.0001333867,4.45615,fixed,fixed
914777,60,4.951692,0.0,-0.3891801,-0.5411929,1,[np.float32(5.184434)],[np.float32(0.00053333334)],0.00053333334,5.2083592,fixed,fixed
914777,62,5.977319,0.0,-0.47901788,-0.6413911,1,[np.float32(6.088874)],[np.float32(0.0001333867)],0.0001333867,4.45615,fixed,fixed
914777,92,6.842684,0.0,-0.40314642,-0.8561001,2,"[np.float32(5.786329), np.float32(5.877573)]","[np.float32(6.66978e-05), np.float32(0.0002000667)]",0.0002000667,5.877573,fixed,fixed
914777,93,7.5358305,0.0,-0.29673502,-0.8895075,1,[np.float32(5.786329)],[np.float32(0.0001333867)],0.0001333867,5.786329,fixed,fixed
914777,96,7.5358305,0.0,-0.29678598,-0.76500523,1,[np.float32(5.877573)],[np.float32(6.66978e-05)],6.66978e-05,5.0934668,fixed,fixed
914777,97,6.214031,0.0,-0.48050475,-0.50064534,1,[np.float32(5.877573)],[np.float32(6.66978e-05)],6.66978e-05,5.0934668,fixed,fixed
914777,106,7.5358305,0.0,-0.29673877,-0.76500523,1,[np.float32(5.877573)],[np.float32(6.66978e-05)],6.66978e-05,6.842684,fixed,fixed
914777,118,6.842684,0.0,-0.40314642,-0.6077555,1,[np.float32(5.786329)],[np.float32(6.66978e-05)],6.66978e-05,5.877573,fixed,fixed
914777,122,5.877573,0.0,-0.47571725,-0.6435454,2,"[np.float32(5.786329), np.float32(5.877573)]","[np.float32(0.0002000667), np.float32(6.66978e-05)]",0.0002000667,6.7248263,fixed,fixed
914777,125,5.877573,0.0,-0.47562766,-0.47665843,1,[np.float32(6.088874)],[np.float32(6.66978e-05)],6.66978e-05,6.9761195,fixed,fixed
914777,130,5.4253707,0.0,-0.44008112,-0.57263744,1,[np.float32(5.877573)],[np.float32(0.0002000667)],0.0002000667,5.877573,fixed,fixed
914777,135,5.877573,0.0,-0.475695,-0.43335372,1,[np.float32(5.877573)],[np.float32(6.66978e-05)],6.66978e-05,6.7248263,fixed,fixed
914777,138,7.5358305,0.0,-0.29678586,-0.8083099,1,[np.float32(6.088874)],[np.float32(6.66978e-05)],6.66978e-05,6.842684,fixed,fixed
914777,151,6.357125,0.0,-0.46888548,-0.5298237,1,[np.float32(5.184434)],[np.float32(0.0001333867)],0.0001333867,5.0934668,fixed,fixed
914777,154,6.7248263,0.0,-0.42023948,-1.141098,1,[np.float32(6.088874)],[np.float32(0.00060000445)],0.00060000445,6.088874,fixed,fixed
914777,155,5.877573,0.0,-0.47570035,-0.43335372,1,[np.float32(5.877573)],[np.float32(6.66978e-05)],6.66978e-05,6.7248263,fixed,fixed
914777,156,5.786329,0.0,-0.46994287,-0.69063556,1,[np.float32(6.088874)],[np.float32(0.0002000667)],0.0002000667,6.088874,fixed,fixed
914777,158,6.214031,0.0,-0.4805355,-0.5439501,1,[np.float32(6.088874)],[np.float32(6.66978e-05)],6.66978e-05,4.45615,fixed,fixed
914777,159,7.5358305,0.0,-0.29682675,-0.8083099,1,[np.float32(6.088874)],[np.float32(6.66978e-05)],6.66978e-05,4.45615,fixed,fixed
914777,160,6.842684,0.0,-0.4032184,-0.9019066,1,[np.float32(6.088874)],[np.float32(0.0002000667)],0.0002000667,6.088874,fixed,fixed
914777,164,5.0099363,0.0,-0.39557934,-0.72881335,1,[np.float32(5.184434)],[np.float32(0.0011326978)],0.0011326978,5.184434,fixed,fixed
914777,180,5.0934668,0.0,-0.40467337,-0.42065996,1,[np.float32(5.184434)],[np.float32(0.00026673783)],0.00026673783,6.214031,fixed,fixed
914777,181,6.9761195,0.0,-0.3836855,-0.91677856,1,[np.float32(5.184434)],[np.float32(0.00046674226)],0.00046674226,5.184434,fixed,fixed
914777,184,5.4253707,0.0,-0.4400145,-0.48704076,1,[np.float32(5.184434)],[np.float32(0.00026673783)],0.00026673783,5.184434,fixed,fixed
914777,185,5.877573,0.0,-0.4756775,-0.43391338,1,[np.float32(5.184434)],[np.float32(0.0001333867)],0.0001333867,6.7248263,fixed,fixed
914777,189,7.5358305,0.0,-0.29692832,-0.76556486,1,[np.float32(5.184434)],[np.float32(0.0001333867)],0.0001333867,5.0934668,fixed,fixed
914777,191,8.228977,0.0,-0.18157491,-0.90419424,1,[np.float32(5.184434)],[np.float32(0.0001333867)],0.0001333867,5.184434,fixed,fixed
914777,192,5.184434,0.0,-0.41434133,-0.58774126,1,[np.float32(5.184434)],[np.float32(0.00053333334)],0.00053333334,5.877573,fixed,fixed
914777,193,7.1303654,0.0,-0.36035866,-0.82803977,1,[np.float32(5.184434)],[np.float32(0.00026673783)],0.00026673783,5.184434,fixed,fixed
914777,206,6.7248263,0.0,-0.42025742,-1.0856797,1,[np.float32(5.877573)],[np.float32(0.00060000445)],0.00060000445,5.877573,fixed,fixed
914777,209,5.4253707,0.0,-0.44004047,-0.57263744,1,[np.float32(5.877573)],[np.float32(0.0002000667)],0.0002000667,5.184434,fixed,fixed
914777,210,7.5358305,0.0,-0.29677075,-0.76500523,1,[np.float32(5.877573)],[np.float32(6.66978e-05)],6.66978e-05,6.842684,fixed,fixed
914777,211,6.842684,0.0,-0.40322456,-0.8561001,1,[np.float32(5.877573)],[np.float32(0.0002000667)],0.0002000667,5.877573,fixed,fixed
914777,212,7.5358305,0.0,-0.29676342,-0.76500523,1,[np.float32(5.877573)],[np.float32(6.66978e-05)],6.66978e-05,5.786329,fixed,fixed
925287,12,4.411208,0.0,-0.32775834,-0.5033611,1,[np.float32(5.786329)],[np.float32(0.00040005337)],0.00040005337,6.214031,fixed,fixed
925287,36,5.0301485,0.0,-0.39777696,-0.5369746,1,[np.float32(5.0934668)],[np.float32(0.00053333334)],0.00053333334,5.1152887,fixed,fixed
925287,38,5.1152887,0.0,-0.40702605,-0.55400264,1,[np.float32(5.0934668)],[np.float32(0.00053333334)],0.00053333334,5.0301485,fixed,fixed
925287,48,4.5525913,0.0,-0.34430754,-0.44146317,1,[np.float32(5.0934668)],[np.float32(0.00053333334)],0.00053333334,6.088874,fixed,fixed
925287,51,6.088874,0.0,-0.48099405,-0.4576625,1,[np.float32(5.0934668)],[np.float32(0.0001333867)],0.0001333867,6.7248263,fixed,fixed
925287,66,5.901499,0.0,-0.47669613,-0.56331146,1,[np.float32(5.0934668)],[np.float32(0.00026673783)],0.00026673783,4.5525913,fixed,fixed
925287,74,6.5241694,0.0,-0.44778967,-0.9067567,1,[np.float32(5.0934668)],[np.float32(0.0007332311)],0.0007332311,5.0934668,fixed,fixed
925287,76,6.9761195,0.0,-0.38369182,-0.8971163,1,[np.float32(5.0934668)],[np.float32(0.00046674226)],0.00046674226,5.0934668,fixed,fixed
925287,77,5.5545464,0.0,-0.4526419,-0.49392095,1,[np.float32(5.0934668)],[np.float32(0.00026673783)],0.00026673783,5.0934668,fixed,fixed
925287,85,6.842684,0.0,-0.40314013,-0.56064147,1,[np.float32(5.5545464)],[np.float32(6.66978e-05)],6.66978e-05,6.088874,fixed,fixed
925287,86,5.184434,0.0,-0.41447908,-0.41989845,1,[np.float32(5.0934668)],[np.float32(0.00026673783)],0.00026673783,5.877573,fixed,fixed
925287,89,7.5358305,0.0,-0.29698524,-0.8901777,1,[np.float32(5.0934668)],[np.float32(0.00026673783)],0.00026673783,5.0934668,fixed,fixed
925287,90,5.4253707,0.0,-0.44006646,-0.32496184,1,[np.float32(5.0934668)],[np.float32(0.0001333867)],0.0001333867,5.184434,fixed,fixed
925287,96,7.5358305,0.0,-0.29684278,-0.7470538,1,[np.float32(5.0934668)],[np.float32(0.0001333867)],0.0001333867,5.0934668,fixed,fixed
925287,97,6.214031,0.0,-0.48060563,-0.71150875,1,[np.float32(5.0934668)],[np.float32(0.00040005337)],0.00040005337,5.0934668,fixed,fixed
925287,102,5.0934668,0.0,-0.4045852,-0.5496383,1,[np.float32(5.0934668)],[np.float32(0.00053333334)],0.00053333334,6.214031,fixed,fixed
925287,103,7.1303654,0.0,-0.36036602,-0.8090847,1,[np.float32(5.0934668)],[np.float32(0.00026673783)],0.00026673783,5.0934668,fixed,fixed
925287,113,5.877573,0.0,-0.47565743,-0.5097877,1,[np.float32(5.5545464)],[np.float32(0.0001333867)],0.0001333867,4.411208,fixed,fixed
925287,115,7.5358305,0.0,-0.29678378,-0.69927084,1,[np.float32(5.5545464)],[np.float32(6.66978e-05)],6.66978e-05,4.411208,fixed,fixed
925287,116,6.214031,0.0,-0.48050624,-0.43491095,1,[np.float32(5.5545464)],[np.float32(6.66978e-05)],6.66978e-05,5.0934668,fixed,fixed
925287,445,4.5525913,0.0,-0.3446406,-0.6996603,1,[np.float32(6.18106)],[np.float32(0.00053333334)],0.00053333334,6.088874,fixed,fixed
930268,30,4.5525913,0.0,-0.34430584,-0.6752305,1,[np.float32(6.088874)],[np.float32(0.00053333334)],0.00053333334,6.214031,broken,broken
930268,146,6.842684,0.0,-0.40314013,-0.56064147,1,[np.float32(5.5545464)],[np.float32(6.66978e-05)],6.66978e-05,6.088874,broken,broken
930268,169,6.088874,0.0,-0.48097715,-0.8152388,1,[np.float32(6.088874)],[np.float32(0.00026673783)],0.00026673783,4.5525913,broken,broken
930268,172,5.0934668,0.0,-0.40483937,-0.61615735,2,"[np.float32(5.5545464), np.float32(6.088874)]","[np.float32(0.0001333867), np.float32(0.00026673783)]",0.00026673783,4.5525913,broken,broken
930268,173,8.228977,0.0,-0.18145421,-0.83790016,1,[np.float32(5.5545464)],[np.float32(6.66978e-05)],6.66978e-05,7.5358305,broken,broken
930268,174,6.214031,0.0,-0.48050725,-0.43491095,1,[np.float32(5.5545464)],[np.float32(6.66978e-05)],6.66978e-05,5.284512,broken,broken
930268,177,5.877573,0.0,-0.47571895,-0.6435454,1,[np.float32(5.786329)],[np.float32(0.0002000667)],0.0002000667,6.7248263,broken,broken
930268,236,6.842684,0.0,-0.4031463,-0.6077555,1,[np.float32(5.786329)],[np.float32(6.66978e-05)],6.66978e-05,5.877573,broken,broken
930268,237,8.228977,0.0,-0.18147297,-0.8850142,1,[np.float32(5.786329)],[np.float32(6.66978e-05)],6.66978e-05,5.877573,broken,broken
930268,238,5.0934668,0.0,-0.40481293,-0.5489651,1,[np.float32(5.786329)],[np.float32(0.00026673783)],0.00026673783,6.214031,broken,broken
930268,256,5.284512,0.0,-0.42496666,-0.9614452,2,"[np.float32(6.088874), np.float32(5.786329)]","[np.float32(0.0008664222), np.float32(0.0001333867)]",0.0008664222,6.088874,broken,broken
930268,264,5.877573,0.0,-0.47572106,-1.1755139,1,[np.float32(6.7248263)],[np.float32(0.00060000445)],0.00060000445,6.7248263,broken,broken
930268,271,5.877573,0.0,-0.4757208,-0.6435454,1,[np.float32(5.786329)],[np.float32(0.0002000667)],0.0002000667,6.7248263,broken,broken
930268,290,6.088874,0.0,-0.48100662,-0.8152388,1,[np.float32(6.088874)],[np.float32(0.00026673783)],0.00026673783,5.284512,broken,broken
930268,313,5.0099363,0.0,-0.39561555,-0.35563165,1,[np.float32(4.951692)],[np.float32(0.00026673783)],0.00026673783,5.184434,broken,broken
930268,317,5.184434,0.0,-0.4144973,-0.53716046,1,[np.float32(4.951692)],[np.float32(0.00053333334)],0.00053333334,5.0099363,broken,broken
930268,323,6.842684,0.0,-0.4031463,-0.6077555,1,[np.float32(5.786329)],[np.float32(6.66978e-05)],6.66978e-05,5.877573,broken,broken
930268,324,7.5358305,0.0,-0.29673493,-0.8895075,1,[np.float32(5.786329)],[np.float32(0.0001333867)],0.0001333867,5.786329,broken,broken
930268,333,5.0934668,0.0,-0.40481156,-0.51896703,1,[np.float32(4.951692)],[np.float32(0.00053333334)],0.00053333334,4.5525913,broken,broken
930268,348,6.842684,0.0,-0.4031463,-0.6077555,1,[np.float32(5.786329)],[np.float32(6.66978e-05)],6.66978e-05,5.877573,broken,broken
930268,350,4.45615,0.0,-0.33330822,-0.39150366,1,[np.float32(4.951692)],[np.float32(0.00053333334)],0.00053333334,6.214031,broken,broken
930268,352,6.088874,0.0,-0.48099557,-0.68580556,1,[np.float32(5.786329)],[np.float32(0.0002000667)],0.0002000667,6.7248263,broken,broken
930268,358,5.877573,0.0,-0.47571835,-0.6142119,1,[np.float32(4.951692)],[np.float32(0.00040005337)],0.00040005337,6.9761195,broken,broken
930268,421,5.4253707,0.0,-0.43993077,-0.4387185,1,[np.float32(4.951692)],[np.float32(0.00026673783)],0.00026673783,5.0934668,broken,broken
930268,426,6.842684,0.0,-0.40331465,-0.57966864,1,[np.float32(4.951692)],[np.float32(0.0001333867)],0.0001333867,4.45615,broken,broken
930268,428,4.8111362,0.0,-0.37353036,-0.31587163,1,[np.float32(4.951692)],[np.float32(0.00026673783)],0.00026673783,4.5525913,broken,broken
930268,429,5.487917,0.0,-0.44620872,-0.6872833,1,[np.float32(4.951692)],[np.float32(0.00079978665)],0.00079978665,4.951692,broken,broken
930268,432,8.228977,0.0,-0.1816662,-0.8569273,1,[np.float32(4.951692)],[np.float32(0.0001333867)],0.0001333867,4.45615,broken,broken
941814,221,5.0934668,0.0,-0.40481856,-0.7782322,1,[np.float32(6.357125)],[np.float32(0.00040005337)],0.00040005337,6.214031,fixed,fixed
941814,244,6.842684,0.0,-0.40314636,-0.8561001,1,[np.float32(5.877573)],[np.float32(0.0002000667)],0.0002000667,5.877573,fixed,fixed
941814,246,5.877573,0.0,-0.47572747,-0.43335372,1,[np.float32(5.877573)],[np.float32(6.66978e-05)],6.66978e-05,6.7248263,fixed,fixed
941814,252,5.877573,0.0,-0.47571552,-1.1755139,1,[np.float32(6.7248263)],[np.float32(0.00060000445)],0.00060000445,6.7248263,fixed,fixed
941814,261,7.5358305,0.0,-0.29673478,-0.76500523,1,[np.float32(5.877573)],[np.float32(6.66978e-05)],6.66978e-05,5.4253707,fixed,fixed
941814,264,5.877573,0.0,-0.47572106,-0.43335372,1,[np.float32(5.877573)],[np.float32(6.66978e-05)],6.66978e-05,6.7248263,fixed,fixed
941814,272,5.786329,0.0,-0.46993998,-0.6448291,1,[np.float32(5.877573)],[np.float32(0.0002000667)],0.0002000667,5.877573,fixed,fixed
941814,273,7.5358305,0.0,-0.29679194,-0.76500523,1,[np.float32(5.877573)],[np.float32(6.66978e-05)],6.66978e-05,6.842684,fixed,fixed
941814,277,5.877573,0.0,-0.4756973,-0.43335372,1,[np.float32(5.877573)],[np.float32(6.66978e-05)],6.66978e-05,6.7248263,fixed,fixed
941814,293,5.0934668,0.0,-0.40477505,-0.5496383,1,[np.float32(5.0934668)],[np.float32(0.00053333334)],0.00053333334,6.214031,fixed,fixed
941814,295,5.877573,0.0,-0.47570583,-0.43335372,1,[np.float32(5.877573)],[np.float32(6.66978e-05)],6.66978e-05,6.7248263,fixed,fixed
941814,304,5.184434,0.0,-0.41460422,-0.41989845,1,[np.float32(5.0934668)],[np.float32(0.00026673783)],0.00026673783,5.877573,fixed,fixed
941814,317,5.184434,0.0,-0.4144973,-0.54024106,1,[np.float32(6.357125)],[np.float32(0.0001333867)],0.0001333867,5.0099363,fixed,fixed
941814,326,5.977319,0.0,-0.47902986,-0.5520246,1,[np.float32(6.357125)],[np.float32(6.66978e-05)],6.66978e-05,5.877573,fixed,fixed
941814,329,7.5358305,0.0,-0.29681885,-0.863727,2,"[np.float32(5.877573), np.float32(6.357125)]","[np.float32(6.66978e-05), np.float32(6.66978e-05)]",6.66978e-05,6.842684,fixed,fixed
941814,333,5.0934668,0.0,-0.40456927,-0.89184934,2,"[np.float32(6.357125), np.float32(5.487917)]","[np.float32(0.00060000445), np.float32(0.00053333334)]",0.00060000445,4.5525913,fixed,fixed
941814,338,4.5525913,0.0,-0.34447664,-0.6258658,1,[np.float32(5.487917)],[np.float32(0.00079978665)],0.00079978665,6.088874,fixed,fixed
941814,351,6.7248263,0.0,-0.42025742,-1.0856797,1,[np.float32(5.877573)],[np.float32(0.00060000445)],0.00060000445,5.877573,fixed,fixed
941814,353,5.786329,0.0,-0.4699428,-0.6448291,1,[np.float32(5.877573)],[np.float32(0.0002000667)],0.0002000667,5.877573,fixed,fixed
941814,355,7.5358305,0.0,-0.29676318,-0.76500523,1,[np.float32(5.877573)],[np.float32(6.66978e-05)],6.66978e-05,5.4253707,fixed,fixed
941814,356,6.842684,0.0,-0.40322456,-0.8561001,1,[np.float32(5.877573)],[np.float32(0.0002000667)],0.0002000667,5.877573,fixed,fixed
941814,358,5.877573,0.0,-0.4756979,-0.53207546,1,[np.float32(6.357125)],[np.float32(6.66978e-05)],6.66978e-05,6.9761195,fixed,fixed
941814,379,6.214031,0.0,-0.48051235,-0.71150875,1,[np.float32(5.0934668)],[np.float32(0.00040005337)],0.00040005337,5.0934668,fixed,fixed
941814,381,7.5358305,0.0,-0.29678696,-0.7470538,1,[np.float32(5.0934668)],[np.float32(0.0001333867)],0.0001333867,5.0934668,fixed,fixed
941814,403,6.088874,0.0,-0.48099464,-0.4576625,1,[np.float32(5.0934668)],[np.float32(0.0001333867)],0.0001333867,6.7248263,fixed,fixed
941814,409,5.4253707,0.0,-0.44006652,-0.32496184,1,[np.float32(5.0934668)],[np.float32(0.0001333867)],0.0001333867,5.184434,fixed,fixed
941814,412,7.1303654,0.0,-0.36036596,-0.8090847,1,[np.float32(5.0934668)],[np.float32(0.00026673783)],0.00026673783,5.0934668,fixed,fixed
941814,413,7.5358305,0.0,-0.29698518,-0.8901777,1,[np.float32(5.0934668)],[np.float32(0.00026673783)],0.00026673783,5.0934668,fixed,fixed
941814,414,5.5545464,0.0,-0.4526419,-0.49392095,1,[np.float32(5.0934668)],[np.float32(0.00026673783)],0.00026673783,5.0934668,fixed,fixed
941814,428,4.8111362,0.0,-0.37364107,-0.428176,1,[np.float32(5.487917)],[np.float32(0.00026673783)],0.00026673783,4.5525913,fixed,fixed
941814,430,4.8111362,0.0,-0.37367702,-0.9622265,1,[np.float32(7.5358305)],[np.float32(0.00026673783)],0.00026673783,4.8111362,fixed,fixed
941814,436,6.088874,0.0,-0.48097938,-0.6837235,1,[np.float32(5.487917)],[np.float32(0.00026673783)],0.00026673783,4.5525913,fixed,fixed
941814,445,4.5525913,0.0,-0.3444187,-0.69090253,2,"[np.float32(5.0934668), np.float32(7.5358305)]","[np.float32(0.00053333334), np.float32(0.0001333867)]",0.00053333334,6.088874,fixed,fixed
941814,463,5.0301485,0.0,-0.39755303,-0.5369746,1,[np.float32(5.0934668)],[np.float32(0.00053333334)],0.00053333334,5.366584,fixed,fixed
941814,476,6.9761195,0.0,-0.38369176,-0.8971163,1,[np.float32(5.0934668)],[np.float32(0.00046674226)],0.00046674226,5.0934668,fixed,fixed
941814,477,6.18106,0.0,-0.4811795,-0.61922365,1,[np.float32(5.0934668)],[np.float32(0.00026673783)],0.00026673783,4.5525913,fixed,fixed
941814,480,6.5241694,0.0,-0.44815502,-0.9067567,1,[np.float32(5.0934668)],[np.float32(0.0007332311)],0.0007332311,5.0934668,fixed,fixed
941814,481,5.366584,0.0,-0.43366313,-0.6042617,1,[np.float32(5.0934668)],[np.float32(0.00053333334)],0.00053333334,5.0301485,fixed,fixed
946715,3,6.118513,0.0,-0.48122984,-0.82116663,1,[np.float32(6.088874)],[np.float32(0.00026673783)],0.00026673783,6.088874,fixed,fixed
946715,11,5.901499,0.0,-0.4767239,-0.56677854,1,[np.float32(4.411208)],[np.float32(0.00053333334)],0.00053333334,4.411208,fixed,fixed
946715,14,7.1303654,0.0,-0.36031094,-0.669377,1,[np.float32(4.411208)],[np.float32(0.00026673783)],0.00026673783,4.411208,fixed,fixed
946715,15,5.786329,0.0,-0.4698009,-0.48392254,1,[np.float32(4.411208)],[np.float32(0.00040005337)],0.00040005337,4.411208,fixed,fixed
946715,16,7.5358305,0.0,-0.2968406,-0.6096061,1,[np.float32(4.411208)],[np.float32(0.0001333867)],0.0001333867,4.411208,fixed,fixed
946715,18,4.8111362,0.0,-0.3731597,-0.6793104,2,"[np.float32(4.411208), np.float32(5.901499)]","[np.float32(0.00053333334), np.float32(0.00053333334)]",0.00053333334,4.411208,fixed,fixed
946715,20,6.842684,0.0,-0.4032967,-0.47097674,1,[np.float32(4.411208)],[np.float32(0.0001333867)],0.0001333867,4.8111362,fixed,fixed
946715,22,7.5358305,0.0,-0.29702216,-0.75047004,1,[np.float32(4.411208)],[np.float32(0.00026673783)],0.00026673783,4.411208,fixed,fixed
946715,23,5.786329,0.0,-0.4699092,-0.25970572,1,[np.float32(4.411208)],[np.float32(0.0001333867)],0.0001333867,4.8111362,fixed,fixed
946715,24,7.5358305,0.0,-0.29702216,-0.75047004,1,[np.float32(4.411208)],[np.float32(0.00026673783)],0.00026673783,4.411208,fixed,fixed
946715,25,5.2083592,0.0,-0.41708148,-0.63913584,1,[np.float32(6.088874)],[np.float32(0.00026673783)],0.00026673783,4.5525913,fixed,fixed
946715,27,4.8111362,0.0,-0.3735145,-0.20553121,1,[np.float32(4.411208)],[np.float32(0.00026673783)],0.00026673783,5.901499,fixed,fixed
946715,30,4.5525913,0.0,-0.34430584,-0.8150611,1,[np.float32(6.088874)],[np.float32(0.0008664222)],0.0008664222,6.214031,fixed,fixed
946715,36,5.0301485,0.0,-0.39777696,-0.5369746,1,[np.float32(5.0934668)],[np.float32(0.00053333334)],0.00053333334,5.1152887,fixed,fixed
946715,38,5.1152887,0.0,-0.40702605,-0.55400264,1,[np.float32(5.0934668)],[np.float32(0.00053333334)],0.00053333334,5.0301485,fixed,fixed
946715,48,4.5525913,0.0,-0.34408513,-0.6276014,2,"[np.float32(5.901499), np.float32(5.0934668)]","[np.float32(0.00053333334), np.float32(0.00053333334)]",0.00053333334,6.088874,fixed,fixed
946715,51,6.088874,0.0,-0.48099405,-0.4576625,1,[np.float32(5.0934668)],[np.float32(0.0001333867)],0.0001333867,6.7248263,fixed,fixed
946715,66,5.901499,0.0,-0.47669613,-0.56331146,1,[np.float32(5.0934668)],[np.float32(0.00026673783)],0.00026673783,4.5525913,fixed,fixed
946715,74,6.5241694,0.0,-0.44778967,-0.9067567,1,[np.float32(5.0934668)],[np.float32(0.0007332311)],0.0007332311,5.0934668,fixed,fixed
946715,76,6.9761195,0.0,-0.38369182,-0.8971163,1,[np.float32(5.0934668)],[np.float32(0.00046674226)],0.00046674226,5.0934668,fixed,fixed
946715,77,5.5545464,0.0,-0.4526419,-0.49392095,1,[np.float32(5.0934668)],[np.float32(0.00026673783)],0.00026673783,5.0934668,fixed,fixed
946715,78,6.214031,0.0,-0.48074996,-0.7322286,1,[np.float32(4.411208)],[np.float32(0.0008664222)],0.0008664222,4.411208,fixed,fixed
946715,80,5.977319,0.0,-0.47901767,-0.29790372,1,[np.float32(4.411208)],[np.float32(0.0001333867)],0.0001333867,4.411208,fixed,fixed
946715,81,5.877573,0.0,-0.4755725,-0.41881856,1,[np.float32(4.411208)],[np.float32(0.00026673783)],0.00026673783,5.184434,fixed,fixed
946715,82,7.5358305,0.0,-0.29699942,-0.75047004,1,[np.float32(4.411208)],[np.float32(0.00026673783)],0.00026673783,4.411208,fixed,fixed
946715,86,5.184434,0.0,-0.41447908,-0.41989845,1,[np.float32(5.0934668)],[np.float32(0.00026673783)],0.00026673783,5.877573,fixed,fixed
946715,89,7.5358305,0.0,-0.29698524,-0.8901777,1,[np.float32(5.0934668)],[np.float32(0.00026673783)],0.00026673783,5.0934668,fixed,fixed
946715,90,5.4253707,0.0,-0.44006646,-0.32496184,1,[np.float32(5.0934668)],[np.float32(0.0001333867)],0.0001333867,5.184434,fixed,fixed
946715,96,7.5358305,0.0,-0.29684278,-0.7470538,1,[np.float32(5.0934668)],[np.float32(0.0001333867)],0.0001333867,5.0934668,fixed,fixed
946715,97,6.214031,0.0,-0.48060563,-0.71150875,1,[np.float32(5.0934668)],[np.float32(0.00040005337)],0.00040005337,5.0934668,fixed,fixed
946715,102,5.0934668,0.0,-0.4045852,-0.5496383,1,[np.float32(5.0934668)],[np.float32(0.00053333334)],0.00053333334,6.214031,fixed,fixed
946715,103,7.1303654,0.0,-0.36036602,-0.8090847,1,[np.float32(5.0934668)],[np.float32(0.00026673783)],0.00026673783,5.0934668,fixed,fixed
946715,110,6.7248263,0.0,-0.4203813,-0.7561689,1,[np.float32(4.411208)],[np.float32(0.00060000445)],0.00060000445,4.411208,fixed,fixed
946715,111,5.977319,0.0,-0.47900593,-0.43876773,1,[np.float32(4.411208)],[np.float32(0.00026673783)],0.00026673783,4.411208,fixed,fixed
946715,113,5.877573,0.0,-0.47549367,-0.5619934,1,[np.float32(4.411208)],[np.float32(0.00053333334)],0.00053333334,4.411208,fixed,fixed
946715,115,7.5358305,0.0,-0.29684076,-0.6096061,1,[np.float32(4.411208)],[np.float32(0.0001333867)],0.0001333867,4.411208,fixed,fixed
946715,116,6.214031,0.0,-0.48060718,-0.569463,1,[np.float32(4.411208)],[np.float32(0.00040005337)],0.00040005337,5.0934668,fixed,fixed
946715,120,5.0934668,0.0,-0.40454265,-0.40517217,1,[np.float32(4.411208)],[np.float32(0.00053333334)],0.00053333334,6.214031,fixed,fixed
946715,139,6.214031,0.0,-0.48056373,-0.34524623,1,[np.float32(4.411208)],[np.float32(0.0001333867)],0.0001333867,4.5525913,fixed,fixed
946715,141,7.1303654,0.0,-0.36039367,-0.669377,1,[np.float32(4.411208)],[np.float32(0.00026673783)],0.00026673783,4.411208,fixed,fixed
946715,176,6.088874,0.0,-0.48100266,-0.8152388,1,[np.float32(6.088874)],[np.float32(0.00026673783)],0.00026673783,5.284512,fixed,fixed
955013,12,4.411208,0.0,-0.32775834,-0.206961,1,[np.float32(4.8111362)],[np.float32(0.00026673783)],0.00026673783,6.214031,broken,broken
955013,25,5.2083592,0.0,-0.41708148,-0.36639124,1,[np.float32(4.8111362)],[np.float32(0.00026673783)],0.00026673783,4.5525913,broken,broken
955013,26,5.901499,0.0,-0.4767239,-0.65054494,1,[np.float32(4.8111362)],[np.float32(0.00053333334)],0.00053333334,4.8111362,broken,broken
955013,28,6.842684,0.0,-0.40330163,-0.69325614,1,[np.float32(4.8111362)],[np.float32(0.00026673783)],0.00026673783,4.8111362,broken,broken
955013,30,4.5525913,0.0,-0.34408355,-0.38076344,1,[np.float32(4.8111362)],[np.float32(0.00053333334)],0.00053333334,6.214031,broken,broken
955013,31,8.228977,0.0,-0.1816671,-0.8285243,1,[np.float32(4.8111362)],[np.float32(0.0001333867)],0.0001333867,4.8111362,broken,broken
955013,32,5.977319,0.0,-0.47901917,-0.3781926,1,[np.float32(4.8111362)],[np.float32(0.0001333867)],0.0001333867,4.8111362,broken,broken
955013,40,4.8111362,0.0,-0.3734037,-0.60442805,2,"[np.float32(4.8111362), np.float32(5.877573)]","[np.float32(0.00053333334), np.float32(0.00040005337)]",0.00053333334,4.8111362,broken,broken
955013,42,6.842684,0.0,-0.4032889,-0.5512656,1,[np.float32(4.8111362)],[np.float32(0.0001333867)],0.0001333867,4.8111362,broken,broken
955013,43,6.088874,0.0,-0.48099405,-0.4756139,1,[np.float32(5.877573)],[np.float32(6.66978e-05)],6.66978e-05,6.7248263,broken,broken
955013,44,7.5358305,0.0,-0.29700518,-0.8318855,1,[np.float32(4.8111362)],[np.float32(0.00026673783)],0.00026673783,4.8111362,broken,broken
955013,45,5.786329,0.0,-0.46991283,-0.3399946,1,[np.float32(4.8111362)],[np.float32(0.0001333867)],0.0001333867,4.8111362,broken,broken
955013,46,7.5358305,0.0,-0.29700518,-0.8318855,1,[np.float32(4.8111362)],[np.float32(0.00026673783)],0.00026673783,4.8111362,broken,broken
955013,48,4.5525913,0.0,-0.34430754,-0.48351043,2,"[np.float32(5.284512), np.float32(5.877573)]","[np.float32(0.00053333334), np.float32(0.0001333867)]",0.00053333334,6.088874,broken,broken
955013,51,6.088874,0.0,-0.48099405,-0.9247209,1,[np.float32(6.842684)],[np.float32(0.0002000667)],0.0002000667,6.7248263,broken,broken
955013,57,4.45615,0.0,-0.33315057,-0.5334308,2,"[np.float32(5.284512), np.float32(5.877573)]","[np.float32(0.00026673783), np.float32(0.00040005337)]",0.00040005337,6.214031,broken,broken
955013,59,6.088874,0.0,-0.48099405,-0.4756139,1,[np.float32(5.877573)],[np.float32(6.66978e-05)],6.66978e-05,6.7248263,broken,broken
955013,60,4.951692,0.0,-0.38907084,-0.3150578,1,[np.float32(4.8111362)],[np.float32(0.00026673783)],0.00026673783,5.2083592,broken,broken
955013,99,6.214031,0.0,-0.48052198,-0.75246465,1,[np.float32(5.284512)],[np.float32(0.00040005337)],0.00040005337,4.5525913,broken,broken
955013,102,5.0934668,0.0,-0.40480036,-0.44162473,1,[np.float32(5.284512)],[np.float32(0.00026673783)],0.00026673783,6.214031,broken,broken
955013,104,5.5545464,0.0,-0.45275247,-0.5695127,1,[np.float32(6.842684)],[np.float32(6.66978e-05)],6.66978e-05,5.0934668,broken,broken
955013,105,6.088874,0.0,-0.48097622,-0.79076695,1,[np.float32(5.284512)],[np.float32(0.00053333334)],0.00053333334,4.5525913,broken,broken
955013,106,7.5358305,0.0,-0.29679564,-1.1181976,1,[np.float32(6.842684)],[np.float32(0.0001333867)],0.0001333867,6.842684,broken,broken
955013,108,6.088501,0.0,-0.4809984,-0.49652252,1,[np.float32(5.284512)],[np.float32(0.0001333867)],0.0001333867,5.284512,broken,broken
955013,109,7.5358305,0.0,-0.29699254,-0.93009746,1,[np.float32(5.284512)],[np.float32(0.00026673783)],0.00026673783,5.284512,broken,broken
955013,113,5.877573,0.0,-0.4755346,-0.58474547,1,[np.float32(4.8111362)],[np.float32(0.00040005337)],0.00040005337,4.411208,broken,broken
955013,128,6.9761195,0.0,-0.38363707,-1.0739117,1,[np.float32(5.877573)],[np.float32(0.00046674226)],0.00046674226,5.877573,broken,broken
955013,130,5.4253707,0.0,-0.44005516,-0.57263744,2,"[np.float32(6.842684), np.float32(5.877573)]","[np.float32(6.66978e-05), np.float32(0.0002000667)]",0.0002000667,5.877573,broken,broken
955013,131,7.5358305,0.0,-0.29677817,-0.76500523,1,[np.float32(5.877573)],[np.float32(6.66978e-05)],6.66978e-05,6.842684,broken,broken
955013,132,6.842684,0.0,-0.4032246,-0.8561001,1,[np.float32(5.877573)],[np.float32(0.0002000667)],0.0002000667,5.877573,broken,broken
955013,133,7.5358305,0.0,-0.29676345,-0.76500523,1,[np.float32(5.877573)],[np.float32(6.66978e-05)],6.66978e-05,5.786329,broken,broken
955013,135,5.877573,0.0,-0.475654,-0.8824607,1,[np.float32(6.842684)],[np.float32(0.0002000667)],0.0002000667,6.7248263,broken,broken
955013,136,5.786329,0.0,-0.469914,-0.4360881,1,[np.float32(5.284512)],[np.float32(0.0001333867)],0.0001333867,4.45615,broken,broken
955013,139,6.214031,0.0,-0.48056373,-0.4255351,1,[np.float32(4.8111362)],[np.float32(0.0001333867)],0.0001333867,4.5525913,broken,broken
955013,144,5.877573,0.0,-0.4755268,-0.58474547,1,[np.float32(4.8111362)],[np.float32(0.00040005337)],0.00040005337,6.9761195,broken,broken
955013,172,5.0934668,0.0,-0.40473172,-0.34341273,1,[np.float32(4.8111362)],[np.float32(0.00026673783)],0.00026673783,4.5525913,broken,broken
955013,218,6.214031,0.0,-0.48069474,-0.8885271,1,[np.float32(5.284512)],[np.float32(0.0007332311)],0.0007332311,5.284512,broken,broken
955013,221,5.0934668,0.0,-0.40471092,-0.44162473,1,[np.float32(5.284512)],[np.float32(0.00026673783)],0.00026673783,6.214031,broken,broken
955013,224,6.088874,0.0,-0.48105046,-0.90315497,1,[np.float32(5.284512)],[np.float32(0.0008664222)],0.0008664222,5.284512,broken,broken
955013,226,5.284512,0.0,-0.4250828,-0.6298946,1,[np.float32(5.284512)],[np.float32(0.00053333334)],0.00053333334,6.088874,broken,broken
961317,102,5.0934668,0.0,-0.40480036,-0.88022393,1,[np.float32(7.1303654)],[np.float32(0.00026673783)],0.00026673783,6.214031,fixed,fixed
961317,135,5.877573,0.0,-0.47571552,-0.8824607,1,[np.float32(6.842684)],[np.float32(0.0002000667)],0.0002000667,6.7248263,fixed,fixed
961317,165,5.0934668,0.0,-0.40473327,-1.0186926,1,[np.float32(6.7248263)],[np.float32(0.00060000445)],0.00060000445,6.214031,fixed,fixed
961317,192,5.184434,0.0,-0.41455448,-1.036886,1,[np.float32(8.228977)],[np.float32(0.0001333867)],0.0001333867,5.877573,fixed,fixed
961317,221,5.0934668,0.0,-0.40481856,-0.88022393,1,[np.float32(7.1303654)],[np.float32(0.00026673783)],0.00026673783,6.214031,fixed,fixed
961317,223,5.5545464,0.0,-0.45275247,-0.5695127,1,[np.float32(6.842684)],[np.float32(6.66978e-05)],6.66978e-05,5.0934668,fixed,fixed
961317,225,7.5358305,0.0,-0.29679564,-1.1181976,1,[np.float32(6.842684)],[np.float32(0.0001333867)],0.0001333867,6.842684,fixed,fixed
961317,247,5.4253707,0.0,-0.44013306,-0.54367757,1,[np.float32(6.842684)],[np.float32(6.66978e-05)],6.66978e-05,5.877573,fixed,fixed
961317,252,5.877573,0.0,-0.47565407,-0.8824607,1,[np.float32(6.842684)],[np.float32(0.0002000667)],0.0002000667,6.7248263,fixed,fixed
961317,304,5.184434,0.0,-0.41455084,-1.036886,1,[np.float32(8.228977)],[np.float32(0.0001333867)],0.0001333867,5.877573,fixed,fixed
