step,node_id,base_weight,is_selected,action_taken,correlated_action_taken,num_selected_neighbors,weights_of_selected_neighbors,corrs_with_selected_neighbors,max_corr_to_selected_neighbor,weight_of_highest_corr_neighbor,logical_outcome,corr_logical_outcome
7545,8,4.8615465,0.0,-0.59315974,-0.87100667,1,[np.float32(5.877573)],[np.float32(0.0532357)],0.0532357,5.184434,fixed,fixed
7545,12,4.411208,0.0,-0.5650759,-1.4704014,3,"[np.float32(6.842684), np.float32(5.877573), np.float32(6.7248263)]","[np.float32(0.033946827), np.float32(0.040589653), np.float32(0.15543056)]",0.15543056,6.214031,fixed,fixed
7545,18,4.8111362,0.0,-0.5977445,-1.2378639,1,[np.float32(6.842684)],[np.float32(0.08839323)],0.08839323,7.5358305,fixed,fixed
7545,21,6.088874,0.0,-0.70087343,-1.3813437,1,[np.float32(6.842684)],[np.float32(0.08446663)],0.08446663,6.7248263,fixed,fixed
7545,25,5.2083592,0.0,-0.61269134,-0.95436126,1,[np.float32(5.0934668)],[np.float32(0.087324865)],0.087324865,4.5525913,fixed,fixed
7545,27,4.8111362,0.0,-0.59878355,-0.5753982,1,[np.float32(5.0934668)],[np.float32(0.031217033)],0.031217033,7.5358305,fixed,fixed
7545,28,6.842684,0.0,-0.6842971,-1.3574401,1,[np.float32(6.088874)],[np.float32(0.08446663)],0.08446663,4.8111362,fixed,fixed
7545,30,4.5525913,0.0,-0.5823696,-0.88719004,1,[np.float32(5.0934668)],[np.float32(0.093068875)],0.093068875,6.214031,fixed,fixed
7545,32,5.977319,0.0,-0.6780851,-1.0689851,1,[np.float32(6.088874)],[np.float32(0.05349227)],0.05349227,6.088874,fixed,fixed
7545,36,5.0301485,0.0,-0.6025215,-0.4632958,1,[np.float32(4.5525913)],[np.float32(0.024382805)],0.024382805,5.1152887,fixed,fixed
7545,40,4.8111362,0.0,-0.59804094,-0.63011235,1,[np.float32(4.5525913)],[np.float32(0.049403396)],0.049403396,7.5358305,fixed,fixed
7545,47,5.901499,0.0,-0.6507243,-0.9935665,1,[np.float32(4.5525913)],[np.float32(0.09528099)],0.09528099,4.5525913,fixed,fixed
7545,50,6.842684,0.0,-0.71588045,-1.0674742,1,[np.float32(4.5525913)],[np.float32(0.07710127)],0.07710127,6.088874,fixed,fixed
7545,52,7.5358305,0.0,-0.724434,-1.0631732,1,[np.float32(4.5525913)],[np.float32(0.054496072)],0.054496072,4.8111362,fixed,fixed
7545,53,5.786329,0.0,-0.6606191,-0.7153559,1,[np.float32(4.5525913)],[np.float32(0.041849934)],0.041849934,6.088874,fixed,fixed
7545,54,7.5358305,0.0,-0.724434,-1.0631732,1,[np.float32(4.5525913)],[np.float32(0.054496072)],0.054496072,4.8111362,fixed,fixed
7545,55,5.2083592,0.0,-0.61269134,-0.7078059,1,[np.float32(5.0934668)],[np.float32(0.0407778)],0.0407778,4.951692,fixed,fixed
7545,60,4.951692,0.0,-0.6073078,-0.8688056,1,[np.float32(5.0934668)],[np.float32(0.07544661)],0.07544661,5.2083592,fixed,fixed
7545,63,8.228977,0.0,-0.76227367,-1.294222,1,[np.float32(4.5525913)],[np.float32(0.078724585)],0.078724585,4.5525913,fixed,fixed
7545,64,6.088501,0.0,-0.66845304,-0.58072996,1,[np.float32(4.5525913)],[np.float32(0.022736935)],0.022736935,4.5525913,fixed,fixed
7545,65,7.5358305,0.0,-0.7532223,-1.2985231,1,[np.float32(4.5525913)],[np.float32(0.11134854)],0.11134854,4.5525913,fixed,fixed
7545,66,5.901499,0.0,-0.68824005,-0.9935665,1,[np.float32(4.5525913)],[np.float32(0.09528099)],0.09528099,6.088874,fixed,fixed
7545,72,5.184434,0.0,-0.65362626,-1.2467588,1,[np.float32(5.877573)],[np.float32(0.13178323)],0.13178323,4.8615465,fixed,fixed
7545,75,5.0934668,0.0,-0.6644628,-0.7242225,1,[np.float32(4.5525913)],[np.float32(0.0593831)],0.0593831,6.5241694,fixed,fixed
7545,80,5.977319,0.0,-0.6532489,-0.9947844,1,[np.float32(5.877573)],[np.float32(0.04764821)],0.04764821,6.088874,fixed,fixed
7545,82,7.5358305,0.0,-0.7451348,-1.5142883,1,[np.float32(5.877573)],[np.float32(0.10823412)],0.10823412,5.877573,fixed,fixed
7545,83,5.877573,0.0,-0.6516217,-0.5104206,1,[np.float32(4.5525913)],[np.float32(0.019440975)],0.019440975,6.9761195,fixed,fixed
7545,86,5.184434,0.0,-0.71449614,-1.4616389,1,[np.float32(5.877573)],[np.float32(0.2165618)],0.2165618,6.7248263,fixed,fixed
7545,99,6.214031,0.0,-0.72328293,-1.2106506,1,[np.float32(4.5525913)],[np.float32(0.1570683)],0.1570683,4.5525913,fixed,fixed
7545,102,5.0934668,0.0,-0.6425268,-0.48440185,1,[np.float32(4.5525913)],[np.float32(0.025679354)],0.025679354,6.7248263,fixed,fixed
7545,105,6.088874,0.0,-0.72446626,-1.2291789,1,[np.float32(4.5525913)],[np.float32(0.17459728)],0.17459728,4.5525913,fixed,fixed
7545,107,5.284512,0.0,-0.6563499,-0.78790426,1,[np.float32(4.5525913)],[np.float32(0.0667954)],0.0667954,6.088874,fixed,fixed
7545,113,5.877573,0.0,-0.68087626,-0.79443073,1,[np.float32(6.088874)],[np.float32(0.02407378)],0.02407378,6.9761195,fixed,fixed
7545,116,6.214031,0.0,-0.6835953,-1.0736886,1,[np.float32(5.877573)],[np.float32(0.054237153)],0.054237153,5.0934668,fixed,fixed
7545,124,7.5358305,0.0,-0.75101787,-1.3471832,1,[np.float32(6.088874)],[np.float32(0.059698556)],0.059698556,8.228977,fixed,fixed
7545,125,5.877573,0.0,-0.6511247,-0.5104206,1,[np.float32(4.5525913)],[np.float32(0.019440975)],0.019440975,6.9761195,fixed,fixed
7545,140,6.7248263,0.0,-0.8436623,-1.9018301,1,[np.float32(6.088874)],[np.float32(0.36320382)],0.36320382,6.088874,fixed,fixed
7545,142,5.786329,0.0,-0.6873408,-1.1510593,1,[np.float32(6.088874)],[np.float32(0.07359712)],0.07359712,6.088874,fixed,fixed
7545,144,5.877573,0.0,-0.65243566,-0.79443073,1,[np.float32(6.088874)],[np.float32(0.02407378)],0.02407378,6.9761195,fixed,fixed
7545,145,7.5358305,0.0,-0.73824316,-1.3471832,1,[np.float32(6.088874)],[np.float32(0.059698556)],0.059698556,7.5358305,fixed,fixed
7545,146,6.842684,0.0,-0.74566543,-1.5031776,1,[np.float32(6.088874)],[np.float32(0.12746923)],0.12746923,7.5358305,fixed,fixed
7545,151,6.357125,0.0,-0.6705086,-1.3805634,1,[np.float32(5.0934668)],[np.float32(0.18210293)],0.18210293,5.0934668,fixed,fixed
7545,153,7.5358305,0.0,-0.7113972,-1.2450897,1,[np.float32(5.0934668)],[np.float32(0.07239285)],0.07239285,7.5358305,fixed,fixed
7545,171,6.9761195,0.0,-0.6960244,-1.4951938,1,[np.float32(5.0934668)],[np.float32(0.19394967)],0.19394967,5.0934668,fixed,fixed
7545,175,5.5545464,0.0,-0.64952856,-0.58466166,1,[np.float32(5.0934668)],[np.float32(0.022772891)],0.022772891,8.228977,fixed,fixed
7545,176,6.088874,0.0,-0.6719625,-1.0013107,1,[np.float32(5.0934668)],[np.float32(0.06837011)],0.06837011,5.284512,fixed,fixed
7545,177,5.877573,0.0,-0.6717072,-0.6923372,1,[np.float32(5.0934668)],[np.float32(0.028311158)],0.028311158,6.7248263,fixed,fixed
7545,180,5.0934668,0.0,-0.6548371,-0.9160638,1,[np.float32(5.0934668)],[np.float32(0.08184193)],0.08184193,6.7248263,fixed,fixed
7545,187,5.4253707,0.0,-0.653599,-1.0266985,1,[np.float32(5.0934668)],[np.float32(0.098482996)],0.098482996,5.0934668,fixed,fixed
7545,188,7.1303654,0.0,-0.72378093,-1.3484745,1,[np.float32(5.0934668)],[np.float32(0.11897195)],0.11897195,5.0934668,fixed,fixed
7545,201,5.877573,0.0,-0.68260926,-1.2096821,1,[np.float32(5.877573)],[np.float32(0.092942566)],0.092942566,5.184434,fixed,fixed
7545,256,5.284512,0.0,-0.6602407,-0.7331901,1,[np.float32(5.0934668)],[np.float32(0.04278246)],0.04278246,6.088874,fixed,fixed
7991,36,5.0301485,0.0,-0.6025215,-0.8949577,1,[np.float32(5.0934668)],[np.float32(0.078936815)],0.078936815,5.1152887,fixed,fixed
7991,38,5.1152887,0.0,-0.60793376,-0.92333776,1,[np.float32(5.0934668)],[np.float32(0.08286201)],0.08286201,5.0301485,fixed,fixed
7991,43,6.088874,0.0,-0.6618788,-2.0296233,1,[np.float32(6.7248263)],[np.float32(0.36320382)],0.36320382,6.7248263,fixed,fixed
7991,48,4.5525913,0.0,-0.58110696,-0.73577195,1,[np.float32(5.0934668)],[np.float32(0.0593831)],0.0593831,6.088874,fixed,fixed
7991,51,6.088874,0.0,-0.66199905,-0.76277083,1,[np.float32(5.0934668)],[np.float32(0.03232453)],0.03232453,6.7248263,fixed,fixed
7991,57,4.45615,0.0,-0.5728037,-0.5226411,1,[np.float32(5.977319)],[np.float32(0.01951078)],0.01951078,6.7248263,fixed,fixed
7991,58,6.842684,0.0,-0.68453777,-1.3574401,1,[np.float32(6.088874)],[np.float32(0.08446663)],0.08446663,6.088874,fixed,fixed
7991,59,6.088874,1.0,-0.96215963,-1.0668824,1,[np.float32(5.977319)],[np.float32(0.05349227)],0.05349227,6.7248263,fixed,fixed
7991,62,5.977319,1.0,-0.9642911,-1.0689851,1,[np.float32(6.088874)],[np.float32(0.05349227)],0.05349227,6.088874,fixed,fixed
7991,66,5.901499,0.0,-0.6442024,-0.93885237,1,[np.float32(5.0934668)],[np.float32(0.061586138)],0.061586138,6.088874,fixed,fixed
7991,74,6.5241694,0.0,-0.67319757,-1.5112611,1,[np.float32(5.0934668)],[np.float32(0.24319017)],0.24319017,5.0934668,fixed,fixed
7991,76,6.9761195,0.0,-0.75069875,-1.4951938,1,[np.float32(5.0934668)],[np.float32(0.19394967)],0.19394967,5.0934668,fixed,fixed
7991,77,5.5545464,0.0,-0.64955366,-0.8232016,1,[np.float32(5.0934668)],[np.float32(0.050411604)],0.050411604,5.0934668,fixed,fixed
7991,83,5.877573,0.0,-0.6434211,-1.9591898,1,[np.float32(6.9761195)],[np.float32(0.28801104)],0.28801104,6.9761195,fixed,fixed
7991,86,5.184434,0.0,-0.6344938,-0.6998308,1,[np.float32(5.0934668)],[np.float32(0.04016033)],0.04016033,6.7248263,fixed,fixed
7991,89,7.5358305,0.0,-0.749924,-1.4836296,1,[np.float32(5.0934668)],[np.float32(0.14657553)],0.14657553,5.0934668,fixed,fixed
7991,90,5.4253707,0.0,-0.6432456,-0.5416031,1,[np.float32(5.0934668)],[np.float32(0.020732379)],0.020732379,8.228977,fixed,fixed
7991,96,7.5358305,0.0,-0.7338156,-1.2450897,1,[np.float32(5.0934668)],[np.float32(0.07239285)],0.07239285,7.5358305,fixed,fixed
7991,97,6.214031,0.0,-0.69776505,-1.1858479,1,[np.float32(5.0934668)],[np.float32(0.111585006)],0.111585006,5.0934668,fixed,fixed
7991,102,5.0934668,0.0,-0.66111046,-0.9160638,1,[np.float32(5.0934668)],[np.float32(0.08184193)],0.08184193,6.7248263,fixed,fixed
7991,103,7.1303654,0.0,-0.72700065,-1.3484745,1,[np.float32(5.0934668)],[np.float32(0.11897195)],0.11897195,5.0934668,fixed,fixed
7991,125,5.877573,0.0,-0.65346205,-0.79443073,1,[np.float32(6.088874)],[np.float32(0.02407378)],0.02407378,6.9761195,fixed,fixed
7991,138,7.5358305,0.0,-0.7510859,-1.3471832,1,[np.float32(6.088874)],[np.float32(0.059698556)],0.059698556,8.228977,fixed,fixed
7991,154,6.7248263,0.0,-0.8436623,-1.9018301,1,[np.float32(6.088874)],[np.float32(0.36320382)],0.36320382,6.088874,fixed,fixed
7991,156,5.786329,0.0,-0.6936877,-1.1510593,1,[np.float32(6.088874)],[np.float32(0.07359712)],0.07359712,7.5358305,fixed,fixed
7991,158,6.214031,0.0,-0.6689662,-0.9065835,1,[np.float32(6.088874)],[np.float32(0.029311275)],0.029311275,4.45615,fixed,fixed
7991,159,7.5358305,0.0,-0.735627,-1.3471832,1,[np.float32(6.088874)],[np.float32(0.059698556)],0.059698556,7.5358305,fixed,fixed
7991,160,6.842684,0.0,-0.74566543,-1.5031776,1,[np.float32(6.088874)],[np.float32(0.12746923)],0.12746923,7.5358305,fixed,fixed
50685,48,4.5525913,0.0,-0.58110696,-0.48921657,1,[np.float32(5.0934668)],[np.float32(0.025679354)],0.025679354,6.088874,fixed,fixed
50685,51,6.088874,0.0,-0.66199905,-0.76277083,1,[np.float32(5.0934668)],[np.float32(0.03232453)],0.03232453,6.7248263,fixed,fixed
50685,57,4.45615,0.0,-0.58518314,-0.49699602,1,[np.float32(5.2083592)],[np.float32(0.026079133)],0.026079133,6.7248263,fixed,fixed
50685,59,6.088874,0.0,-0.66251457,-1.5412015,1,[np.float32(6.842684)],[np.float32(0.12746923)],0.12746923,6.7248263,fixed,fixed
50685,60,4.951692,0.0,-0.6702363,-1.0644442,1,[np.float32(5.2083592)],[np.float32(0.12398622)],0.12398622,5.2083592,fixed,fixed
50685,75,5.0934668,0.0,-0.64216584,-0.9160638,1,[np.float32(5.0934668)],[np.float32(0.08184193)],0.08184193,6.5241694,fixed,fixed
50685,96,7.5358305,0.0,-0.70585227,-1.2450897,1,[np.float32(5.0934668)],[np.float32(0.07239285)],0.07239285,7.5358305,fixed,fixed
50685,97,6.214031,0.0,-0.6554411,-1.4078817,1,[np.float32(5.0934668)],[np.float32(0.20743524)],0.20743524,5.0934668,fixed,fixed
50685,99,6.214031,0.0,-0.65466076,-1.422885,1,[np.float32(7.5358305)],[np.float32(0.06367433)],0.06367433,4.5525913,fixed,fixed
50685,100,8.228977,0.0,-0.73080987,-2.0945337,1,[np.float32(7.5358305)],[np.float32(0.17652911)],0.17652911,7.5358305,fixed,fixed
50685,101,6.842684,0.0,-0.68838215,-1.9148684,1,[np.float32(7.5358305)],[np.float32(0.17628156)],0.17628156,7.5358305,fixed,fixed
50685,103,7.1303654,0.0,-0.7290276,-1.3484745,1,[np.float32(5.0934668)],[np.float32(0.11897195)],0.11897195,5.0934668,fixed,fixed
50685,104,5.5545464,0.0,-0.651907,-0.58466166,1,[np.float32(5.0934668)],[np.float32(0.022772891)],0.022772891,8.228977,fixed,fixed
50685,105,6.088874,0.0,-0.6762289,-1.0013107,1,[np.float32(5.0934668)],[np.float32(0.06837011)],0.06837011,4.5525913,fixed,fixed
50685,107,5.284512,0.0,-0.64481467,-0.7331901,1,[np.float32(5.0934668)],[np.float32(0.04278246)],0.04278246,6.088874,fixed,fixed
50685,126,7.5358305,0.0,-0.7583594,-1.8634847,1,[np.float32(7.5358305)],[np.float32(0.12459149)],0.12459149,7.5358305,fixed,fixed
50685,127,6.842684,0.0,-0.68838215,-1.4268335,1,[np.float32(5.877573)],[np.float32(0.11442152)],0.11442152,7.5358305,fixed,fixed
50685,129,5.877573,0.0,-0.6831922,-1.3107322,2,"[np.float32(7.5358305), np.float32(5.877573)]","[np.float32(0.053509373), np.float32(0.02113925)]",0.053509373,6.7248263,fixed,fixed
50685,135,5.877573,0.0,-0.6685378,-0.6923372,1,[np.float32(5.0934668)],[np.float32(0.028311158)],0.028311158,6.7248263,fixed,fixed
50685,145,7.5358305,0.0,-0.7112715,-1.2750087,1,[np.float32(5.877573)],[np.float32(0.053509373)],0.053509373,7.5358305,fixed,fixed
50685,148,5.877573,0.0,-0.66234666,-0.7222562,1,[np.float32(5.877573)],[np.float32(0.02113925)],0.02113925,6.7248263,fixed,fixed
50685,156,5.786329,0.0,-0.6887577,-1.0747151,1,[np.float32(5.877573)],[np.float32(0.06569621)],0.06569621,7.5358305,fixed,fixed
50685,157,7.5358305,0.0,-0.74355805,-1.2750087,1,[np.float32(5.877573)],[np.float32(0.053509373)],0.053509373,6.842684,fixed,fixed
50685,161,5.877573,0.0,-0.67242247,-0.7222562,1,[np.float32(5.877573)],[np.float32(0.02113925)],0.02113925,6.7248263,fixed,fixed
50685,162,5.5545464,0.0,-0.65358055,-0.9491878,1,[np.float32(6.842684)],[np.float32(0.030949712)],0.030949712,7.5358305,fixed,fixed
50685,163,7.5358305,0.0,-0.78431714,-1.8636626,1,[np.float32(6.842684)],[np.float32(0.17628156)],0.17628156,8.228977,fixed,fixed
50685,172,5.0934668,0.0,-0.68423045,-0.7094349,1,[np.float32(5.2083592)],[np.float32(0.0407778)],0.0407778,6.9761195,fixed,fixed
50685,179,5.184434,0.0,-0.6651472,-0.9883506,1,[np.float32(5.2083592)],[np.float32(0.09186398)],0.09186398,6.9761195,fixed,fixed
50685,182,5.877573,0.0,-0.67206526,-0.7222562,1,[np.float32(5.877573)],[np.float32(0.02113925)],0.02113925,6.7248263,fixed,fixed
50685,184,5.4253707,0.0,-0.6473677,-0.9061293,1,[np.float32(6.842684)],[np.float32(0.028767666)],0.028767666,8.228977,fixed,fixed
50685,185,5.877573,0.0,-0.710828,-1.4707679,1,[np.float32(6.842684)],[np.float32(0.11442152)],0.11442152,6.7248263,fixed,fixed
50685,197,6.7248263,0.0,-0.7578611,-1.5031306,1,[np.float32(5.0934668)],[np.float32(0.21994561)],0.21994561,5.0934668,fixed,fixed
50685,198,5.5545464,0.0,-0.65103316,-0.8232016,1,[np.float32(5.0934668)],[np.float32(0.050411604)],0.050411604,5.0934668,fixed,fixed
50685,205,5.184434,0.0,-0.6350319,-0.6998308,1,[np.float32(5.0934668)],[np.float32(0.04016033)],0.04016033,6.7248263,fixed,fixed
50685,208,7.5358305,0.0,-0.75318354,-1.4836296,1,[np.float32(5.0934668)],[np.float32(0.14657553)],0.14657553,5.0934668,fixed,fixed
50685,209,5.4253707,0.0,-0.64389294,-0.5416031,1,[np.float32(5.0934668)],[np.float32(0.020732379)],0.020732379,8.228977,fixed,fixed
50685,215,7.5358305,0.0,-0.73557454,-1.2450897,1,[np.float32(5.0934668)],[np.float32(0.07239285)],0.07239285,7.5358305,fixed,fixed
50685,216,6.214031,0.0,-0.7007184,-1.1858479,1,[np.float32(5.0934668)],[np.float32(0.111585006)],0.111585006,5.0934668,fixed,fixed
50685,217,7.5358305,0.0,-0.7419552,-1.2750087,1,[np.float32(5.877573)],[np.float32(0.053509373)],0.053509373,6.842684,fixed,fixed
50685,221,5.0934668,0.0,-0.662838,-0.9160638,1,[np.float32(5.0934668)],[np.float32(0.08184193)],0.08184193,6.7248263,fixed,fixed
50685,222,7.1303654,0.0,-0.7297356,-1.3484745,1,[np.float32(5.0934668)],[np.float32(0.11897195)],0.11897195,5.0934668,fixed,fixed
50685,239,6.7248263,0.0,-0.8179127,-1.809466,1,[np.float32(5.877573)],[np.float32(0.32661414)],0.32661414,5.877573,fixed,fixed
50685,241,5.786329,0.0,-0.6870133,-1.0747151,1,[np.float32(5.877573)],[np.float32(0.06569621)],0.06569621,7.5358305,fixed,fixed
50685,243,7.5358305,0.0,-0.73305625,-1.2750087,1,[np.float32(5.877573)],[np.float32(0.053509373)],0.053509373,7.5358305,fixed,fixed
50685,244,6.842684,0.0,-0.7358243,-1.4268335,1,[np.float32(5.877573)],[np.float32(0.11442152)],0.11442152,7.5358305,fixed,fixed
50685,323,6.842684,0.0,-0.6858661,-1.4268335,1,[np.float32(5.877573)],[np.float32(0.11442152)],0.11442152,7.5358305,fixed,fixed
50685,327,7.5358305,0.0,-0.7062666,-1.2750087,1,[np.float32(5.877573)],[np.float32(0.053509373)],0.053509373,7.5358305,fixed,fixed
50685,328,6.357125,0.0,-0.66165656,-0.8821068,1,[np.float32(5.877573)],[np.float32(0.02819126)],0.02819126,5.0934668,fixed,fixed
50685,337,7.5358305,0.0,-0.72145593,-1.2750087,1,[np.float32(5.877573)],[np.float32(0.053509373)],0.053509373,8.228977,fixed,fixed
50685,350,4.45615,0.0,-0.59196234,-0.4877282,1,[np.float32(5.877573)],[np.float32(0.018026534)],0.018026534,6.7248263,fixed,fixed
50685,358,5.877573,1.0,-0.9508167,-1.9591898,1,[np.float32(6.9761195)],[np.float32(0.28801104)],0.28801104,6.9761195,fixed,fixed
50685,359,5.4253707,0.0,-0.6625437,-0.9543958,1,[np.float32(5.877573)],[np.float32(0.053859804)],0.053859804,7.5358305,fixed,fixed
50685,364,6.088874,0.0,-0.6778373,-0.7926898,1,[np.float32(5.877573)],[np.float32(0.02407378)],0.02407378,6.7248263,fixed,fixed
50685,420,4.951692,0.0,-0.6385518,-1.054232,1,[np.float32(5.877573)],[np.float32(0.08631818)],0.08631818,5.487917,fixed,fixed
50685,427,6.9761195,1.0,-0.97233987,-1.7898527,1,[np.float32(5.877573)],[np.float32(0.28801104)],0.28801104,5.877573,fixed,fixed
50685,428,4.8111362,0.0,-0.6305531,-1.0073801,1,[np.float32(5.877573)],[np.float32(0.07992371)],0.07992371,6.18106,fixed,fixed
50685,430,4.8111362,0.0,-0.60933733,-0.6060569,1,[np.float32(5.877573)],[np.float32(0.023465414)],0.023465414,6.18106,fixed,fixed
78782,43,6.088874,0.0,-0.6618788,-1.3811659,1,[np.float32(7.5358305)],[np.float32(0.059698556)],0.059698556,6.7248263,fixed,fixed
78782,50,6.842684,0.0,-0.68153644,-1.3574401,1,[np.float32(6.088874)],[np.float32(0.08446663)],0.08446663,6.088874,fixed,fixed
78782,53,5.786329,0.0,-0.6643063,-1.0053219,1,[np.float32(6.088874)],[np.float32(0.048188686)],0.048188686,6.088874,fixed,fixed
78782,75,5.0934668,0.0,-0.65475756,-0.7743678,1,[np.float32(6.088874)],[np.float32(0.03232453)],0.03232453,6.5241694,fixed,fixed
78782,93,7.5358305,0.0,-0.71131593,-1.2750087,1,[np.float32(5.877573)],[np.float32(0.053509373)],0.053509373,7.5358305,fixed,fixed
78782,94,6.7248263,0.0,-0.8436623,-1.9018301,1,[np.float32(6.088874)],[np.float32(0.36320382)],0.36320382,6.088874,fixed,fixed
78782,95,5.977319,0.0,-0.680821,-1.0689851,1,[np.float32(6.088874)],[np.float32(0.05349227)],0.05349227,7.5358305,fixed,fixed
78782,99,6.214031,0.0,-0.6677092,-0.9065835,1,[np.float32(6.088874)],[np.float32(0.029311275)],0.029311275,4.5525913,fixed,fixed
78782,100,8.228977,0.0,-0.7693829,-1.5782322,1,[np.float32(6.088874)],[np.float32(0.08518146)],0.08518146,7.5358305,fixed,fixed
78782,101,6.842684,0.0,-0.74566543,-1.5031776,1,[np.float32(6.088874)],[np.float32(0.12746923)],0.12746923,7.5358305,fixed,fixed
78782,102,5.0934668,0.0,-0.6457089,-1.2363725,2,"[np.float32(6.088874), np.float32(6.214031)]","[np.float32(0.03232453), np.float32(0.111585006)]",0.111585006,6.7248263,fixed,fixed
78782,106,7.5358305,0.0,-0.7214324,-1.8634847,1,[np.float32(7.5358305)],[np.float32(0.12459149)],0.12459149,8.228977,fixed,fixed
78782,118,6.842684,0.0,-0.68392605,-1.4268335,1,[np.float32(5.877573)],[np.float32(0.11442152)],0.11442152,7.5358305,fixed,fixed
78782,120,5.0934668,0.0,-0.6295801,-0.7001671,1,[np.float32(5.877573)],[np.float32(0.028311158)],0.028311158,6.7248263,fixed,fixed
78782,122,5.877573,0.0,-0.6582316,-0.7222562,1,[np.float32(5.877573)],[np.float32(0.02113925)],0.02113925,6.7248263,fixed,fixed
78782,130,5.4253707,0.0,-0.6779078,-1.4424306,1,[np.float32(7.5358305)],[np.float32(0.08591343)],0.08591343,7.5358305,fixed,fixed
78782,131,7.5358305,0.0,-0.76303774,-1.8634847,2,"[np.float32(7.5358305), np.float32(5.877573)]","[np.float32(0.12459149), np.float32(0.053509373)]",0.12459149,6.842684,fixed,fixed
78782,135,5.877573,0.0,-0.6798174,-1.3107322,1,[np.float32(7.5358305)],[np.float32(0.053509373)],0.053509373,6.7248263,fixed,fixed
78782,146,6.842684,0.0,-0.68838215,-1.4268335,1,[np.float32(5.877573)],[np.float32(0.11442152)],0.11442152,7.5358305,fixed,fixed
78782,148,5.877573,1.0,-0.95070094,-0.7222562,1,[np.float32(5.877573)],[np.float32(0.02113925)],0.02113925,6.7248263,fixed,fixed
78782,149,5.4253707,0.0,-0.6624823,-0.9543958,1,[np.float32(5.877573)],[np.float32(0.053859804)],0.053859804,7.5358305,fixed,fixed
78782,151,6.357125,0.0,-0.6705086,-1.2335458,1,[np.float32(5.0934668)],[np.float32(0.12033005)],0.12033005,5.0934668,fixed,fixed
78782,153,7.5358305,0.0,-0.7113972,-1.2450897,1,[np.float32(5.0934668)],[np.float32(0.07239285)],0.07239285,7.5358305,fixed,fixed
78782,155,5.877573,0.0,-0.6673631,-0.7222562,1,[np.float32(5.877573)],[np.float32(0.02113925)],0.02113925,6.7248263,fixed,fixed
78782,172,5.0934668,0.0,-0.668569,-0.9160638,2,"[np.float32(5.877573), np.float32(5.0934668)]","[np.float32(0.028311158), np.float32(0.08184193)]",0.08184193,6.9761195,fixed,fixed
78782,173,8.228977,0.0,-0.7304338,-1.5060576,1,[np.float32(5.877573)],[np.float32(0.07651761)],0.07651761,7.5358305,fixed,fixed
78782,174,6.214031,0.0,-0.6600029,-0.83440894,1,[np.float32(5.877573)],[np.float32(0.025936576)],0.025936576,5.284512,fixed,fixed
78782,177,5.877573,1.0,-0.95240897,-0.7222562,2,"[np.float32(5.877573), np.float32(5.0934668)]","[np.float32(0.02113925), np.float32(0.028311158)]",0.028311158,6.7248263,fixed,fixed
78782,178,5.977319,0.0,-0.68054223,-0.9947844,1,[np.float32(5.877573)],[np.float32(0.04764821)],0.04764821,7.5358305,fixed,fixed
78782,179,5.184434,0.0,-0.623566,-0.6998308,1,[np.float32(5.0934668)],[np.float32(0.04016033)],0.04016033,6.9761195,fixed,fixed
78782,180,5.0934668,1.0,-0.93507445,-0.7001671,1,[np.float32(5.877573)],[np.float32(0.028311158)],0.028311158,6.7248263,fixed,fixed
78782,182,5.877573,0.0,-0.6718708,-0.7222562,1,[np.float32(5.877573)],[np.float32(0.02113925)],0.02113925,6.7248263,fixed,fixed
78782,184,5.4253707,0.0,-0.6430544,-0.5416031,1,[np.float32(5.0934668)],[np.float32(0.020732379)],0.020732379,8.228977,fixed,fixed
78782,188,7.1303654,0.0,-0.729717,-1.3484745,1,[np.float32(5.0934668)],[np.float32(0.11897195)],0.11897195,5.0934668,fixed,fixed
78782,189,7.5358305,0.0,-0.75501716,-1.4836296,1,[np.float32(5.0934668)],[np.float32(0.14657553)],0.14657553,5.0934668,fixed,fixed
78782,190,5.5545464,0.0,-0.65194535,-0.8232016,1,[np.float32(5.0934668)],[np.float32(0.050411604)],0.050411604,5.0934668,fixed,fixed
78782,205,5.184434,0.0,-0.6196618,-0.8491098,1,[np.float32(6.214031)],[np.float32(0.036789175)],0.036789175,6.7248263,fixed,fixed
78782,214,5.977319,0.0,-0.6548517,-0.8706591,1,[np.float32(6.214031)],[np.float32(0.027491292)],0.027491292,7.5358305,fixed,fixed
78782,217,7.5358305,0.0,-0.74614275,-1.3901631,1,[np.float32(6.214031)],[np.float32(0.06367433)],0.06367433,6.842684,fixed,fixed
78782,221,5.0934668,0.0,-0.7229473,-1.5163164,1,[np.float32(6.214031)],[np.float32(0.20743524)],0.20743524,6.7248263,fixed,fixed
78782,231,6.7248263,0.0,-0.8134689,-1.809466,1,[np.float32(5.877573)],[np.float32(0.32661414)],0.32661414,5.877573,fixed,fixed
78782,235,5.5545464,0.0,-0.654865,-0.8538603,1,[np.float32(5.877573)],[np.float32(0.037488364)],0.037488364,7.5358305,fixed,fixed
78782,236,6.842684,0.0,-0.7341414,-1.4268335,1,[np.float32(5.877573)],[np.float32(0.11442152)],0.11442152,7.5358305,fixed,fixed
78782,237,8.228977,0.0,-0.7622475,-1.5060576,1,[np.float32(5.877573)],[np.float32(0.07651761)],0.07651761,7.5358305,fixed,fixed
78782,238,5.0934668,0.0,-0.64070594,-0.7001671,1,[np.float32(5.877573)],[np.float32(0.028311158)],0.028311158,6.7248263,fixed,fixed
78782,242,7.5358305,0.0,-0.74625546,-1.2750087,1,[np.float32(5.877573)],[np.float32(0.053509373)],0.053509373,8.228977,fixed,fixed
78782,246,5.877573,0.0,-0.67395425,-0.8374105,1,[np.float32(6.214031)],[np.float32(0.025936576)],0.025936576,6.7248263,fixed,fixed
78782,256,5.284512,0.0,-0.66208,-0.7331901,1,[np.float32(5.0934668)],[np.float32(0.04278246)],0.04278246,6.088874,fixed,fixed
78782,257,6.7248263,0.0,-0.8137953,-1.809466,1,[np.float32(5.877573)],[np.float32(0.32661414)],0.32661414,5.877573,fixed,fixed
78782,259,5.786329,0.0,-0.6789915,-1.0747151,1,[np.float32(5.877573)],[np.float32(0.06569621)],0.06569621,8.228977,fixed,fixed
78782,261,7.5358305,0.0,-0.7328882,-1.2750087,1,[np.float32(5.877573)],[np.float32(0.053509373)],0.053509373,7.5358305,fixed,fixed
78782,262,6.842684,0.0,-0.7342641,-1.4268335,1,[np.float32(5.877573)],[np.float32(0.11442152)],0.11442152,7.5358305,fixed,fixed
78782,267,6.214031,0.0,-0.7389925,-1.4078817,1,[np.float32(5.0934668)],[np.float32(0.20743524)],0.20743524,5.0934668,fixed,fixed
78782,269,7.5358305,0.0,-0.73590636,-1.2450897,1,[np.float32(5.0934668)],[np.float32(0.07239285)],0.07239285,7.5358305,fixed,fixed
78782,286,6.7248263,0.0,-0.76136655,-1.5031306,1,[np.float32(5.0934668)],[np.float32(0.21994561)],0.21994561,5.0934668,fixed,fixed
78782,289,5.5545464,0.0,-0.65133303,-0.58466166,1,[np.float32(5.0934668)],[np.float32(0.022772891)],0.022772891,8.228977,fixed,fixed
78782,290,6.088874,0.0,-0.6759615,-1.0013107,1,[np.float32(5.0934668)],[np.float32(0.06837011)],0.06837011,5.284512,fixed,fixed
78782,291,5.877573,0.0,-0.6738763,-0.6923372,1,[np.float32(5.0934668)],[np.float32(0.028311158)],0.028311158,6.7248263,fixed,fixed
78782,293,5.0934668,0.0,-0.65621775,-0.9160638,1,[np.float32(5.0934668)],[np.float32(0.08184193)],0.08184193,6.7248263,fixed,fixed
78782,300,7.1303654,0.0,-0.7320901,-1.3484745,1,[np.float32(5.0934668)],[np.float32(0.11897195)],0.11897195,5.0934668,fixed,fixed
78782,368,5.284512,0.0,-0.66077995,-0.7331901,1,[np.float32(5.0934668)],[np.float32(0.04278246)],0.04278246,6.088874,fixed,fixed
92406,27,4.8111362,0.0,-0.59878355,-0.5264527,1,[np.float32(4.951692)],[np.float32(0.028111102)],0.028111102,7.5358305,fixed,fixed
92406,55,5.2083592,0.0,-0.61269134,-1.0522863,1,[np.float32(4.951692)],[np.float32(0.12398622)],0.12398622,4.951692,fixed,fixed
92406,57,4.45615,0.0,-0.5728037,-0.6525061,1,[np.float32(4.951692)],[np.float32(0.050913606)],0.050913606,6.7248263,fixed,fixed
92406,58,6.842684,0.0,-0.68453777,-0.96611446,1,[np.float32(4.951692)],[np.float32(0.046202783)],0.046202783,6.088874,fixed,fixed
92406,59,6.088874,0.0,-0.66251457,-1.1430093,1,[np.float32(5.786329)],[np.float32(0.07359712)],0.07359712,6.7248263,fixed,fixed
92406,61,8.228977,0.0,-0.7599937,-1.4282122,1,[np.float32(4.951692)],[np.float32(0.096448004)],0.096448004,4.951692,fixed,fixed
92406,120,5.0934668,0.0,-0.6295801,-1.2363725,1,[np.float32(6.214031)],[np.float32(0.111585006)],0.111585006,6.7248263,fixed,fixed
92406,132,6.842684,0.0,-0.6863613,-1.0129257,1,[np.float32(5.786329)],[np.float32(0.03519518)],0.03519518,7.5358305,fixed,fixed
92406,133,7.5358305,0.0,-0.71146595,-1.4825125,1,[np.float32(5.786329)],[np.float32(0.10332351)],0.10332351,7.5358305,fixed,fixed
92406,144,5.877573,0.0,-0.6782599,-1.0236865,1,[np.float32(4.951692)],[np.float32(0.08631818)],0.08631818,6.9761195,fixed,fixed
92406,152,6.842684,0.0,-0.6861897,-1.0129257,1,[np.float32(5.786329)],[np.float32(0.03519518)],0.03519518,7.5358305,fixed,fixed
92406,155,5.877573,0.0,-0.65852064,-1.4707679,2,"[np.float32(5.786329), np.float32(6.842684)]","[np.float32(0.06569621), np.float32(0.11442152)]",0.11442152,6.7248263,fixed,fixed
92406,164,5.0099363,0.0,-0.61742365,-0.5927194,1,[np.float32(4.951692)],[np.float32(0.032502197)],0.032502197,5.184434,fixed,fixed
92406,172,5.0934668,0.0,-0.6944164,-0.864945,1,[np.float32(4.951692)],[np.float32(0.07544661)],0.07544661,6.9761195,fixed,fixed
92406,179,5.184434,0.0,-0.6554615,-0.8952674,1,[np.float32(4.951692)],[np.float32(0.079511344)],0.079511344,6.9761195,fixed,fixed
92406,187,5.4253707,0.0,-0.63536865,-0.73119754,1,[np.float32(4.951692)],[np.float32(0.042770606)],0.042770606,5.0934668,fixed,fixed
92406,201,5.877573,0.0,-0.64547443,-1.0801562,1,[np.float32(6.214031)],[np.float32(0.054237153)],0.054237153,5.184434,fixed,fixed
92406,204,6.842684,0.0,-0.6862617,-1.4268335,1,[np.float32(5.877573)],[np.float32(0.11442152)],0.11442152,7.5358305,fixed,fixed
92406,205,5.184434,0.0,-0.6196618,-0.9795687,2,"[np.float32(5.877573), np.float32(5.184434)]","[np.float32(0.029987883), np.float32(0.09065181)]",0.09065181,6.7248263,fixed,fixed
92406,210,7.5358305,0.0,-0.7211147,-1.3901631,1,[np.float32(6.214031)],[np.float32(0.06367433)],0.06367433,8.228977,fixed,fixed
92406,221,5.0934668,0.0,-0.6326717,-0.70109993,1,[np.float32(5.184434)],[np.float32(0.04016033)],0.04016033,6.7248263,fixed,fixed
92406,233,7.5358305,0.0,-0.70740306,-1.2750087,1,[np.float32(5.877573)],[np.float32(0.053509373)],0.053509373,7.5358305,fixed,fixed
92406,234,6.214031,1.0,-0.95254475,-0.83440894,1,[np.float32(5.877573)],[np.float32(0.025936576)],0.025936576,5.0934668,fixed,fixed
92406,235,5.5545464,0.0,-0.648152,-0.72973496,1,[np.float32(6.214031)],[np.float32(0.021325735)],0.021325735,7.5358305,fixed,fixed
92406,238,5.0934668,0.0,-0.7197082,-1.5163164,1,[np.float32(6.214031)],[np.float32(0.20743524)],0.20743524,6.7248263,fixed,fixed
92406,240,5.877573,1.0,-0.95411146,-0.8374105,2,"[np.float32(6.214031), np.float32(5.184434)]","[np.float32(0.025936576), np.float32(0.029987883)]",0.029987883,6.7248263,fixed,fixed
92406,241,5.786329,0.0,-0.6868603,-1.0747151,1,[np.float32(5.877573)],[np.float32(0.06569621)],0.06569621,7.5358305,fixed,fixed
92406,242,7.5358305,0.0,-0.74658537,-1.2750087,1,[np.float32(5.877573)],[np.float32(0.053509373)],0.053509373,8.228977,fixed,fixed
92406,246,5.877573,0.0,-0.67179096,-0.7222562,1,[np.float32(5.877573)],[np.float32(0.02113925)],0.02113925,6.7248263,fixed,fixed
92406,247,5.4253707,0.0,-0.65325636,-0.9061293,1,[np.float32(6.842684)],[np.float32(0.028767666)],0.028767666,7.5358305,fixed,fixed
92406,248,7.5358305,0.0,-0.78385955,-1.8636626,1,[np.float32(6.842684)],[np.float32(0.17628156)],0.17628156,6.842684,fixed,fixed
92406,264,5.877573,0.0,-0.6711055,-0.7222562,1,[np.float32(5.877573)],[np.float32(0.02113925)],0.02113925,6.7248263,fixed,fixed
92406,265,5.4253707,0.0,-0.65317947,-0.9061293,1,[np.float32(6.842684)],[np.float32(0.028767666)],0.028767666,7.5358305,fixed,fixed
92406,271,5.877573,0.0,-0.7091991,-1.4707679,1,[np.float32(6.842684)],[np.float32(0.11442152)],0.11442152,6.7248263,fixed,fixed
92406,311,6.7248263,0.0,-0.8168932,-1.809466,1,[np.float32(5.877573)],[np.float32(0.32661414)],0.32661414,5.877573,fixed,fixed
92406,312,5.977319,0.0,-0.67209846,-0.9947844,1,[np.float32(5.877573)],[np.float32(0.04764821)],0.04764821,5.877573,fixed,fixed
92406,313,5.0099363,0.0,-0.60330915,-1.2146889,1,[np.float32(5.184434)],[np.float32(0.18143204)],0.18143204,5.184434,fixed,fixed
92406,315,8.228977,0.0,-0.76304966,-1.5060576,1,[np.float32(5.877573)],[np.float32(0.07651761)],0.07651761,7.5358305,fixed,fixed
92406,316,6.842684,0.0,-0.7354358,-1.4268335,1,[np.float32(5.877573)],[np.float32(0.11442152)],0.11442152,7.5358305,fixed,fixed
92406,317,5.184434,1.0,-0.9291768,-0.7304895,1,[np.float32(5.877573)],[np.float32(0.029987883)],0.029987883,6.9761195,fixed,fixed
92406,319,7.1303654,0.0,-0.7339704,-1.3800663,1,[np.float32(5.184434)],[np.float32(0.12464258)],0.12464258,5.184434,fixed,fixed
92406,320,7.5358305,0.0,-0.7285741,-1.2759415,1,[np.float32(5.184434)],[np.float32(0.07588504)],0.07588504,5.0934668,fixed,fixed
92406,321,5.4253707,0.0,-0.65570176,-0.8117346,1,[np.float32(5.184434)],[np.float32(0.049271513)],0.049271513,8.228977,fixed,fixed
92406,328,6.357125,0.0,-0.6777644,-0.88303953,1,[np.float32(5.184434)],[np.float32(0.039985858)],0.039985858,5.0934668,fixed,fixed
92406,344,8.228977,0.0,-0.7601764,-1.5069904,1,[np.float32(5.184434)],[np.float32(0.10851108)],0.10851108,5.184434,fixed,fixed
92406,350,4.45615,0.0,-0.6027579,-0.48866105,1,[np.float32(5.184434)],[np.float32(0.025582792)],0.025582792,6.7248263,fixed,fixed
92406,419,6.9761195,0.0,-0.76233417,-1.5279642,1,[np.float32(5.184434)],[np.float32(0.20308375)],0.20308375,5.184434,fixed,fixed
92406,420,4.951692,0.0,-0.6343525,-0.9019881,1,[np.float32(5.184434)],[np.float32(0.079511344)],0.079511344,5.487917,fixed,fixed
92406,429,5.487917,0.0,-0.6652756,-1.0807297,1,[np.float32(5.184434)],[np.float32(0.10704957)],0.10704957,4.951692,fixed,fixed
133545,59,6.088874,0.0,-0.66251457,-1.1430093,1,[np.float32(5.786329)],[np.float32(0.07359712)],0.07359712,6.7248263,fixed,fixed
133545,122,5.877573,0.0,-0.6582316,-1.4707679,1,[np.float32(6.842684)],[np.float32(0.11442152)],0.11442152,6.7248263,fixed,fixed
133545,132,6.842684,0.0,-0.6863613,-1.0129257,1,[np.float32(5.786329)],[np.float32(0.03519518)],0.03519518,7.5358305,fixed,fixed
133545,133,7.5358305,0.0,-0.71146595,-1.4825125,1,[np.float32(5.786329)],[np.float32(0.10332351)],0.10332351,7.5358305,fixed,fixed
133545,151,6.357125,0.0,-0.6705086,-1.2335458,1,[np.float32(5.0934668)],[np.float32(0.12033005)],0.12033005,5.0934668,fixed,fixed
133545,152,6.842684,0.0,-0.6861897,-1.0129257,1,[np.float32(5.786329)],[np.float32(0.03519518)],0.03519518,7.5358305,fixed,fixed
133545,153,7.5358305,0.0,-0.7113972,-1.2450897,1,[np.float32(5.0934668)],[np.float32(0.07239285)],0.07239285,7.5358305,fixed,fixed
133545,155,5.877573,0.0,-0.65852064,-1.0725757,1,[np.float32(5.786329)],[np.float32(0.06569621)],0.06569621,6.7248263,fixed,fixed
133545,172,5.0934668,0.0,-0.668569,-0.9160638,1,[np.float32(5.0934668)],[np.float32(0.08184193)],0.08184193,6.9761195,fixed,fixed
133545,177,5.877573,0.0,-0.6619653,-0.6923372,1,[np.float32(5.0934668)],[np.float32(0.028311158)],0.028311158,6.7248263,fixed,fixed
133545,179,5.184434,0.0,-0.623566,-0.6998308,1,[np.float32(5.0934668)],[np.float32(0.04016033)],0.04016033,6.9761195,fixed,fixed
133545,182,5.877573,0.0,-0.6632189,-1.9591898,1,[np.float32(6.7248263)],[np.float32(0.32661414)],0.32661414,6.7248263,fixed,fixed
133545,184,5.4253707,0.0,-0.6430544,-0.5416031,1,[np.float32(5.0934668)],[np.float32(0.020732379)],0.020732379,8.228977,fixed,fixed
133545,188,7.1303654,0.0,-0.729717,-1.3484745,1,[np.float32(5.0934668)],[np.float32(0.11897195)],0.11897195,5.0934668,fixed,fixed
133545,189,7.5358305,0.0,-0.75501716,-1.4836296,1,[np.float32(5.0934668)],[np.float32(0.14657553)],0.14657553,5.0934668,fixed,fixed
133545,190,5.5545464,0.0,-0.65194535,-0.8232016,1,[np.float32(5.0934668)],[np.float32(0.050411604)],0.050411604,5.0934668,fixed,fixed
133545,209,5.4253707,0.0,-0.64851296,-0.9061293,1,[np.float32(6.842684)],[np.float32(0.028767666)],0.028767666,8.228977,fixed,fixed
133545,210,7.5358305,0.0,-0.7885019,-1.8636626,1,[np.float32(6.842684)],[np.float32(0.17628156)],0.17628156,8.228977,fixed,fixed
133545,224,6.088874,0.0,-0.65181977,-1.3587313,1,[np.float32(6.088874)],[np.float32(0.11587737)],0.11587737,5.284512,fixed,fixed
133545,226,5.284512,0.0,-0.6293866,-1.6024088,2,"[np.float32(6.088874), np.float32(4.5525913)]","[np.float32(0.2540094), np.float32(0.0667954)]",0.2540094,6.088874,fixed,fixed
133545,235,5.5545464,0.0,-0.65296555,-0.9491878,1,[np.float32(6.842684)],[np.float32(0.030949712)],0.030949712,7.5358305,fixed,fixed
133545,240,5.877573,0.0,-0.70840186,-1.4707679,1,[np.float32(6.842684)],[np.float32(0.11442152)],0.11442152,6.7248263,fixed,fixed
133545,256,5.284512,0.0,-0.66208,-0.7331901,1,[np.float32(5.0934668)],[np.float32(0.04278246)],0.04278246,6.088874,fixed,fixed
133545,267,6.214031,0.0,-0.7389925,-1.4078817,1,[np.float32(5.0934668)],[np.float32(0.20743524)],0.20743524,5.0934668,fixed,fixed
133545,269,7.5358305,0.0,-0.73590636,-1.2450897,1,[np.float32(5.0934668)],[np.float32(0.07239285)],0.07239285,7.5358305,fixed,fixed
133545,281,5.0934668,0.0,-0.6265673,-0.48440185,1,[np.float32(4.5525913)],[np.float32(0.025679354)],0.025679354,6.7248263,fixed,fixed
133545,286,6.7248263,0.0,-0.76136655,-1.5031306,1,[np.float32(5.0934668)],[np.float32(0.21994561)],0.21994561,5.0934668,fixed,fixed
133545,289,5.5545464,0.0,-0.65133303,-0.58466166,1,[np.float32(5.0934668)],[np.float32(0.022772891)],0.022772891,8.228977,fixed,fixed
133545,290,6.088874,0.0,-0.6759615,-1.0013107,1,[np.float32(5.0934668)],[np.float32(0.06837011)],0.06837011,5.284512,fixed,fixed
133545,291,5.877573,0.0,-0.6738763,-0.6923372,1,[np.float32(5.0934668)],[np.float32(0.028311158)],0.028311158,6.7248263,fixed,fixed
133545,293,5.0934668,0.0,-0.65621775,-0.9160638,1,[np.float32(5.0934668)],[np.float32(0.08184193)],0.08184193,6.7248263,fixed,fixed
133545,300,7.1303654,0.0,-0.7320901,-1.3484745,1,[np.float32(5.0934668)],[np.float32(0.11897195)],0.11897195,5.0934668,fixed,fixed
133545,330,6.214031,0.0,-0.6533041,-0.99743533,1,[np.float32(4.5525913)],[np.float32(0.08361014)],0.08361014,5.284512,fixed,fixed
133545,333,5.0934668,0.0,-0.63105845,-1.0269289,2,"[np.float32(6.088874), np.float32(4.5525913)]","[np.float32(0.06837011), np.float32(0.093068875)]",0.093068875,6.9761195,fixed,fixed
133545,336,6.088874,1.0,-0.93677366,-1.0560249,1,[np.float32(4.5525913)],[np.float32(0.105595194)],0.105595194,5.284512,fixed,fixed
133545,338,4.5525913,1.0,-0.92471313,-1.1253842,1,[np.float32(6.088874)],[np.float32(0.105595194)],0.105595194,6.214031,fixed,fixed
133545,339,6.088501,0.0,-0.6672916,-0.58072996,1,[np.float32(4.5525913)],[np.float32(0.022736935)],0.022736935,4.5525913,fixed,fixed
133545,340,7.5358305,0.0,-0.74269605,-1.2985231,1,[np.float32(4.5525913)],[np.float32(0.11134854)],0.11134854,4.5525913,fixed,fixed
133545,365,5.786329,0.0,-0.6511416,-0.4800059,1,[np.float32(4.5525913)],[np.float32(0.018084316)],0.018084316,6.088874,fixed,fixed
133545,368,5.284512,0.0,-0.66077995,-0.7331901,1,[np.float32(5.0934668)],[np.float32(0.04278246)],0.04278246,6.088874,fixed,fixed
133545,421,5.4253707,0.0,-0.6319962,-0.5950365,1,[np.float32(4.5525913)],[np.float32(0.032927886)],0.032927886,5.0934668,fixed,fixed
133545,428,4.8111362,0.0,-0.6163495,-0.63011235,1,[np.float32(4.5525913)],[np.float32(0.049403396)],0.049403396,6.18106,fixed,fixed
133545,435,6.842684,0.0,-0.6945058,-0.83212423,1,[np.float32(4.5525913)],[np.float32(0.036879055)],0.036879055,4.8111362,fixed,fixed
133545,436,6.088874,0.0,-0.7719549,-1.3587313,2,"[np.float32(6.088874), np.float32(4.5525913)]","[np.float32(0.11587737), np.float32(0.17459728)]",0.17459728,4.5525913,fixed,fixed
133545,437,5.487917,0.0,-0.66998804,-0.99986964,1,[np.float32(4.5525913)],[np.float32(0.116307676)],0.116307676,4.5525913,fixed,fixed
133545,438,6.214031,0.0,-0.72468233,-1.270898,1,[np.float32(4.5525913)],[np.float32(0.18643393)],0.18643393,4.5525913,fixed,fixed
133545,439,8.228977,0.0,-0.75069404,-1.294222,1,[np.float32(4.5525913)],[np.float32(0.078724585)],0.078724585,4.8111362,fixed,fixed
150310,12,4.411208,0.0,-0.5650759,-0.34493503,1,[np.float32(4.8111362)],[np.float32(0.017441027)],0.017441027,6.214031,broken,broken
150310,25,5.2083592,0.0,-0.61269134,-0.610652,1,[np.float32(4.8111362)],[np.float32(0.0338484)],0.0338484,4.5525913,broken,broken
150310,26,5.901499,0.0,-0.6507243,-1.0842415,1,[np.float32(4.8111362)],[np.float32(0.109549694)],0.109549694,4.8111362,broken,broken
150310,28,6.842684,0.0,-0.7240909,-1.1554269,1,[np.float32(4.8111362)],[np.float32(0.08839323)],0.08839323,4.8111362,broken,broken
150310,30,4.5525913,0.0,-0.6039747,-0.80585074,2,"[np.float32(4.8111362), np.float32(5.284512)]","[np.float32(0.049403396), np.float32(0.0667954)]",0.0667954,6.214031,broken,broken
150310,31,8.228977,0.0,-0.7590176,-1.3808738,1,[np.float32(4.8111362)],[np.float32(0.089805946)],0.089805946,4.8111362,broken,broken
150310,32,5.977319,0.0,-0.6646088,-0.630321,1,[np.float32(4.8111362)],[np.float32(0.025133992)],0.025133992,6.088874,broken,broken
150310,40,4.8111362,0.0,-0.6249528,-1.0073801,2,"[np.float32(4.8111362), np.float32(5.877573)]","[np.float32(0.058463678), np.float32(0.07992371)]",0.07992371,7.5358305,broken,broken
150310,42,6.842684,0.0,-0.70063347,-0.91877604,1,[np.float32(4.8111362)],[np.float32(0.04272912)],0.04272912,4.8111362,broken,broken
150310,43,6.088874,0.0,-0.6618788,-0.7926898,1,[np.float32(5.877573)],[np.float32(0.02407378)],0.02407378,6.7248263,broken,broken
150310,44,7.5358305,0.0,-0.75419295,-1.3864759,1,[np.float32(4.8111362)],[np.float32(0.12702198)],0.12702198,4.8111362,broken,broken
150310,45,5.786329,0.0,-0.6520711,-0.5666577,1,[np.float32(4.8111362)],[np.float32(0.021990279)],0.021990279,4.8111362,broken,broken
150310,46,7.5358305,0.0,-0.75419295,-1.3864759,1,[np.float32(4.8111362)],[np.float32(0.12702198)],0.12702198,4.8111362,broken,broken
150310,48,4.5525913,0.0,-0.58110696,-0.80585074,2,"[np.float32(5.284512), np.float32(5.877573)]","[np.float32(0.0667954), np.float32(0.019440975)]",0.0667954,6.088874,broken,broken
150310,57,4.45615,0.0,-0.5728037,-0.8890514,2,"[np.float32(5.284512), np.float32(5.877573)]","[np.float32(0.027684145), np.float32(0.06546549)]",0.06546549,6.7248263,broken,broken
150310,59,6.088874,0.0,-0.66251457,-0.7926898,1,[np.float32(5.877573)],[np.float32(0.02407378)],0.02407378,6.7248263,broken,broken
150310,60,4.951692,0.0,-0.6202913,-0.52509636,1,[np.float32(4.8111362)],[np.float32(0.028111102)],0.028111102,5.2083592,broken,broken
150310,99,6.214031,0.0,-0.65466076,-1.2541078,1,[np.float32(5.284512)],[np.float32(0.123305775)],0.123305775,4.5525913,broken,broken
150310,102,5.0934668,0.0,-0.63223386,-0.73604125,1,[np.float32(5.284512)],[np.float32(0.04278246)],0.04278246,6.7248263,broken,broken
150310,105,6.088874,0.0,-0.65125275,-1.3179449,1,[np.float32(5.284512)],[np.float32(0.15505402)],0.15505402,4.5525913,broken,broken
150310,108,6.088501,0.0,-0.6722808,-0.82753754,1,[np.float32(5.284512)],[np.float32(0.03622828)],0.03622828,5.284512,broken,broken
150310,109,7.5358305,0.0,-0.75948864,-1.5501624,1,[np.float32(5.284512)],[np.float32(0.1614404)],0.1614404,5.284512,broken,broken
150310,113,5.877573,0.0,-0.70180243,-0.97457576,1,[np.float32(4.8111362)],[np.float32(0.07992371)],0.07992371,6.9761195,broken,broken
150310,128,6.9761195,0.0,-0.8058611,-1.7898527,1,[np.float32(5.877573)],[np.float32(0.28801104)],0.28801104,5.877573,broken,broken
150310,130,5.4253707,0.0,-0.6631579,-0.9543958,1,[np.float32(5.877573)],[np.float32(0.053859804)],0.053859804,7.5358305,broken,broken
150310,131,7.5358305,0.0,-0.73600006,-1.2750087,1,[np.float32(5.877573)],[np.float32(0.053509373)],0.053509373,6.842684,broken,broken
150310,132,6.842684,0.0,-0.735745,-1.4268335,1,[np.float32(5.877573)],[np.float32(0.11442152)],0.11442152,7.5358305,broken,broken
150310,133,7.5358305,0.0,-0.73575985,-1.2750087,1,[np.float32(5.877573)],[np.float32(0.053509373)],0.053509373,7.5358305,broken,broken
150310,135,5.877573,0.0,-0.6574635,-1.4707679,1,[np.float32(6.842684)],[np.float32(0.11442152)],0.11442152,6.7248263,broken,broken
150310,136,5.786329,0.0,-0.65521175,-0.7268135,1,[np.float32(5.284512)],[np.float32(0.030146634)],0.030146634,8.228977,broken,broken
150310,139,6.214031,0.0,-0.66418266,-0.7092252,1,[np.float32(4.8111362)],[np.float32(0.029351974)],0.029351974,4.5525913,broken,broken
150310,144,5.877573,0.0,-0.67677903,-0.97457576,1,[np.float32(4.8111362)],[np.float32(0.07992371)],0.07992371,6.9761195,broken,broken
150310,172,5.0934668,0.0,-0.67978024,-0.73604125,2,"[np.float32(4.8111362), np.float32(5.284512)]","[np.float32(0.031217033), np.float32(0.04278246)]",0.04278246,6.9761195,broken,broken
150310,174,6.214031,0.0,-0.6600029,-1.4808785,1,[np.float32(5.284512)],[np.float32(0.22865157)],0.22865157,5.284512,broken,broken
150310,176,6.088874,0.0,-0.6492112,-1.5052582,1,[np.float32(5.284512)],[np.float32(0.2540094)],0.2540094,5.284512,broken,broken
150310,180,5.0934668,0.0,-0.6269076,-0.73604125,1,[np.float32(5.284512)],[np.float32(0.04278246)],0.04278246,6.7248263,broken,broken
150310,218,6.214031,0.0,-0.74551946,-1.4808785,1,[np.float32(5.284512)],[np.float32(0.22865157)],0.22865157,5.284512,broken,broken
150310,221,5.0934668,0.0,-0.64818525,-0.73604125,1,[np.float32(5.284512)],[np.float32(0.04278246)],0.04278246,6.7248263,broken,broken
150310,223,5.5545464,0.0,-0.6566257,-0.9491878,1,[np.float32(6.842684)],[np.float32(0.030949712)],0.030949712,8.228977,broken,broken
150310,224,6.088874,0.0,-0.749071,-1.5052582,1,[np.float32(5.284512)],[np.float32(0.2540094)],0.2540094,5.284512,broken,broken
150310,225,7.5358305,0.0,-0.7885927,-1.8636626,1,[np.float32(6.842684)],[np.float32(0.17628156)],0.17628156,8.228977,broken,broken
150310,226,5.284512,0.0,-0.6666936,-1.0498244,1,[np.float32(5.284512)],[np.float32(0.10120408)],0.10120408,6.088874,broken,broken
150310,238,5.0934668,0.0,-0.6296454,-0.73604125,1,[np.float32(5.284512)],[np.float32(0.04278246)],0.04278246,6.7248263,broken,broken
150310,247,5.4253707,0.0,-0.65325636,-0.9061293,1,[np.float32(6.842684)],[np.float32(0.028767666)],0.028767666,7.5358305,broken,broken
150310,252,5.877573,0.0,-0.7080513,-1.4707679,1,[np.float32(6.842684)],[np.float32(0.11442152)],0.11442152,6.7248263,broken,broken
150310,256,5.284512,1.0,-0.92324734,-0.8379178,1,[np.float32(6.088501)],[np.float32(0.03622828)],0.03622828,6.088874,broken,broken
150310,259,5.786329,0.0,-0.6632877,-0.7268135,1,[np.float32(5.284512)],[np.float32(0.030146634)],0.030146634,8.228977,broken,broken
150310,260,7.5358305,0.0,-0.75179785,-1.5501624,1,[np.float32(5.284512)],[np.float32(0.1614404)],0.1614404,5.284512,broken,broken
150310,285,6.088501,1.0,-0.9658288,-0.82753754,1,[np.float32(5.284512)],[np.float32(0.03622828)],0.03622828,5.284512,broken,broken
150310,288,6.214031,0.0,-0.70194364,-1.2541078,1,[np.float32(5.284512)],[np.float32(0.123305775)],0.123305775,5.284512,broken,broken
150310,290,6.088874,0.0,-0.7038374,-1.3179449,1,[np.float32(5.284512)],[np.float32(0.15505402)],0.15505402,5.284512,broken,broken
150310,368,5.284512,0.0,-0.6773392,-1.0498244,1,[np.float32(5.284512)],[np.float32(0.10120408)],0.10120408,6.088874,broken,broken
150310,403,6.088874,0.0,-0.67163104,-1.0001935,1,[np.float32(5.786329)],[np.float32(0.048188686)],0.048188686,6.7248263,broken,broken
150310,430,4.8111362,0.0,-0.59908277,-0.574281,1,[np.float32(5.786329)],[np.float32(0.021990279)],0.021990279,6.18106,broken,broken
150310,445,4.5525913,0.0,-0.6110391,-0.7346501,1,[np.float32(5.786329)],[np.float32(0.041849934)],0.041849934,6.088874,broken,broken
173821,101,6.842684,0.0,-0.68838215,-1.4268335,1,[np.float32(5.877573)],[np.float32(0.11442152)],0.11442152,7.5358305,fixed,fixed
173821,102,5.0934668,0.0,-0.63223386,-1.2363725,2,"[np.float32(5.877573), np.float32(6.214031)]","[np.float32(0.028311158), np.float32(0.111585006)]",0.111585006,6.7248263,fixed,fixed
173821,126,7.5358305,0.0,-0.71074146,-1.2750087,1,[np.float32(5.877573)],[np.float32(0.053509373)],0.053509373,7.5358305,fixed,fixed
173821,129,5.877573,0.0,-0.6630126,-0.7222562,1,[np.float32(5.877573)],[np.float32(0.02113925)],0.02113925,6.7248263,fixed,fixed
173821,136,5.786329,0.0,-0.67171293,-1.0747151,1,[np.float32(5.877573)],[np.float32(0.06569621)],0.06569621,8.228977,fixed,fixed
173821,138,7.5358305,0.0,-0.747552,-1.2750087,1,[np.float32(5.877573)],[np.float32(0.053509373)],0.053509373,8.228977,fixed,fixed
173821,161,5.877573,0.0,-0.6723968,-0.7222562,1,[np.float32(5.877573)],[np.float32(0.02113925)],0.02113925,6.7248263,fixed,fixed
173821,185,5.877573,0.0,-0.66198415,-1.3107322,1,[np.float32(7.5358305)],[np.float32(0.053509373)],0.053509373,6.7248263,fixed,fixed
173821,205,5.184434,0.0,-0.6196618,-0.8491098,1,[np.float32(6.214031)],[np.float32(0.036789175)],0.036789175,6.7248263,fixed,fixed
173821,213,6.7248263,0.0,-0.8173754,-1.809466,1,[np.float32(5.877573)],[np.float32(0.32661414)],0.32661414,5.877573,fixed,fixed
173821,214,5.977319,0.0,-0.6755243,-0.9947844,2,"[np.float32(5.877573), np.float32(6.214031)]","[np.float32(0.04764821), np.float32(0.027491292)]",0.04764821,7.5358305,fixed,fixed
173821,217,7.5358305,0.0,-0.74614275,-1.3901631,1,[np.float32(6.214031)],[np.float32(0.06367433)],0.06367433,6.842684,fixed,fixed
173821,218,6.214031,0.0,-0.6647644,-0.83440894,1,[np.float32(5.877573)],[np.float32(0.025936576)],0.025936576,5.284512,fixed,fixed
173821,219,8.228977,0.0,-0.7631635,-1.5060576,1,[np.float32(5.877573)],[np.float32(0.07651761)],0.07651761,7.5358305,fixed,fixed
173821,220,6.842684,0.0,-0.7356193,-1.4268335,1,[np.float32(5.877573)],[np.float32(0.11442152)],0.11442152,7.5358305,fixed,fixed
173821,221,5.0934668,0.0,-0.7369645,-1.5163164,2,"[np.float32(5.877573), np.float32(6.214031)]","[np.float32(0.028311158), np.float32(0.20743524)]",0.20743524,6.7248263,fixed,fixed
173821,246,5.877573,0.0,-0.67395425,-0.8374105,1,[np.float32(6.214031)],[np.float32(0.025936576)],0.025936576,6.7248263,fixed,fixed
173821,249,6.842684,0.0,-0.6860166,-1.9148684,1,[np.float32(7.5358305)],[np.float32(0.17628156)],0.17628156,7.5358305,fixed,fixed
173821,250,7.5358305,0.0,-0.71132785,-1.8634847,1,[np.float32(7.5358305)],[np.float32(0.12459149)],0.12459149,7.5358305,fixed,fixed
173821,252,5.877573,0.0,-0.65766585,-1.3107322,1,[np.float32(7.5358305)],[np.float32(0.053509373)],0.053509373,6.7248263,fixed,fixed
173821,254,8.228977,0.0,-0.73028696,-2.0945337,1,[np.float32(7.5358305)],[np.float32(0.17652911)],0.17652911,7.5358305,fixed,fixed
173821,295,5.877573,0.0,-0.6632189,-0.9457287,1,[np.float32(5.4253707)],[np.float32(0.053859804)],0.053859804,6.7248263,fixed,fixed
173821,298,5.877573,0.0,-0.66235393,-1.9591898,1,[np.float32(6.7248263)],[np.float32(0.32661414)],0.32661414,6.7248263,fixed,fixed
173821,356,6.842684,0.0,-0.6863868,-0.89081335,1,[np.float32(5.4253707)],[np.float32(0.028767666)],0.028767666,7.5358305,fixed,fixed
173821,373,7.5358305,0.0,-0.7103717,-1.358078,1,[np.float32(5.4253707)],[np.float32(0.08591343)],0.08591343,7.5358305,fixed,fixed
173821,374,6.842684,0.0,-0.68588495,-0.89081335,1,[np.float32(5.4253707)],[np.float32(0.028767666)],0.028767666,7.5358305,fixed,fixed
173821,376,5.877573,0.0,-0.66094947,-0.9457287,1,[np.float32(5.4253707)],[np.float32(0.053859804)],0.053859804,6.9761195,fixed,fixed
175567,75,5.0934668,0.0,-0.64216584,-1.697821,1,[np.float32(6.9761195)],[np.float32(0.19394967)],0.19394967,6.5241694,fixed,fixed
175567,83,5.877573,0.0,-0.6434211,-1.4707679,1,[np.float32(6.842684)],[np.float32(0.11442152)],0.11442152,6.9761195,fixed,fixed
175567,95,5.977319,0.0,-0.67387843,-1.090112,1,[np.float32(6.842684)],[np.float32(0.03904639)],0.03904639,7.5358305,fixed,fixed
175567,98,7.5358305,0.0,-0.7873585,-1.8636626,1,[np.float32(6.842684)],[np.float32(0.17628156)],0.17628156,6.842684,fixed,fixed
175567,123,5.786329,0.0,-0.6772644,-1.0264486,1,[np.float32(6.842684)],[np.float32(0.03519518)],0.03519518,7.5358305,fixed,fixed
175567,129,5.877573,0.0,-0.71197224,-1.4707679,1,[np.float32(6.842684)],[np.float32(0.11442152)],0.11442152,6.7248263,fixed,fixed
175567,133,7.5358305,0.0,-0.71146595,-1.2750087,1,[np.float32(5.877573)],[np.float32(0.053509373)],0.053509373,7.5358305,fixed,fixed
175567,151,6.357125,0.0,-0.6705086,-1.2335458,1,[np.float32(5.0934668)],[np.float32(0.12033005)],0.12033005,5.0934668,fixed,fixed
175567,152,6.842684,0.0,-0.6861897,-1.4268335,1,[np.float32(5.877573)],[np.float32(0.11442152)],0.11442152,7.5358305,fixed,fixed
175567,153,7.5358305,0.0,-0.7113972,-1.2450897,1,[np.float32(5.0934668)],[np.float32(0.07239285)],0.07239285,7.5358305,fixed,fixed
175567,155,5.877573,0.0,-0.65852064,-1.0725757,2,"[np.float32(5.877573), np.float32(5.786329)]","[np.float32(0.02113925), np.float32(0.06569621)]",0.06569621,6.7248263,fixed,fixed
175567,163,7.5358305,0.0,-0.7158817,-1.2750087,1,[np.float32(5.877573)],[np.float32(0.053509373)],0.053509373,8.228977,fixed,fixed
175567,172,5.0934668,0.0,-0.668569,-0.9160638,1,[np.float32(5.0934668)],[np.float32(0.08184193)],0.08184193,6.9761195,fixed,fixed
175567,177,5.877573,0.0,-0.6619653,-0.7222562,2,"[np.float32(5.0934668), np.float32(5.877573)]","[np.float32(0.028311158), np.float32(0.02113925)]",0.028311158,6.7248263,fixed,fixed
175567,179,5.184434,0.0,-0.623566,-0.6998308,1,[np.float32(5.0934668)],[np.float32(0.04016033)],0.04016033,6.9761195,fixed,fixed
175567,184,5.4253707,0.0,-0.66607946,-0.9543958,2,"[np.float32(5.0934668), np.float32(5.877573)]","[np.float32(0.020732379), np.float32(0.053859804)]",0.053859804,8.228977,fixed,fixed
175567,185,5.877573,0.0,-0.67063487,-0.7222562,1,[np.float32(5.877573)],[np.float32(0.02113925)],0.02113925,6.7248263,fixed,fixed
175567,188,7.1303654,0.0,-0.729717,-1.3484745,1,[np.float32(5.0934668)],[np.float32(0.11897195)],0.11897195,5.0934668,fixed,fixed
175567,189,7.5358305,0.0,-0.75501716,-1.4836296,1,[np.float32(5.0934668)],[np.float32(0.14657553)],0.14657553,5.0934668,fixed,fixed
175567,190,5.5545464,0.0,-0.65194535,-0.8232016,1,[np.float32(5.0934668)],[np.float32(0.050411604)],0.050411604,5.0934668,fixed,fixed
175567,211,6.842684,0.0,-0.6858661,-1.0129257,1,[np.float32(5.786329)],[np.float32(0.03519518)],0.03519518,7.5358305,fixed,fixed
175567,212,7.5358305,0.0,-0.71126753,-1.4825125,1,[np.float32(5.786329)],[np.float32(0.10332351)],0.10332351,7.5358305,fixed,fixed
175567,236,6.842684,0.0,-0.68584555,-1.0129257,1,[np.float32(5.786329)],[np.float32(0.03519518)],0.03519518,7.5358305,fixed,fixed
175567,240,5.877573,0.0,-0.65819,-1.0725757,1,[np.float32(5.786329)],[np.float32(0.06569621)],0.06569621,6.7248263,fixed,fixed
175567,244,6.842684,0.0,-0.6863868,-1.4268335,1,[np.float32(5.877573)],[np.float32(0.11442152)],0.11442152,7.5358305,fixed,fixed
175567,246,5.877573,0.0,-0.6630126,-0.7222562,1,[np.float32(5.877573)],[np.float32(0.02113925)],0.02113925,6.7248263,fixed,fixed
175567,256,5.284512,0.0,-0.66208,-0.7331901,1,[np.float32(5.0934668)],[np.float32(0.04278246)],0.04278246,6.088874,fixed,fixed
175567,261,7.5358305,0.0,-0.7103717,-1.2750087,1,[np.float32(5.877573)],[np.float32(0.053509373)],0.053509373,7.5358305,fixed,fixed
175567,263,6.7248263,0.0,-0.8139823,-1.809466,1,[np.float32(5.877573)],[np.float32(0.32661414)],0.32661414,5.877573,fixed,fixed
175567,264,5.877573,0.0,-0.6623433,-0.7222562,1,[np.float32(5.877573)],[np.float32(0.02113925)],0.02113925,6.7248263,fixed,fixed
175567,265,5.4253707,0.0,-0.662555,-0.9543958,1,[np.float32(5.877573)],[np.float32(0.053859804)],0.053859804,7.5358305,fixed,fixed
175567,266,7.5358305,0.0,-0.73565376,-1.2750087,1,[np.float32(5.877573)],[np.float32(0.053509373)],0.053509373,8.228977,fixed,fixed
175567,267,6.214031,0.0,-0.7515702,-1.4078817,2,"[np.float32(5.0934668), np.float32(5.877573)]","[np.float32(0.20743524), np.float32(0.025936576)]",0.20743524,5.0934668,fixed,fixed
175567,268,6.842684,0.0,-0.73433447,-1.4268335,1,[np.float32(5.877573)],[np.float32(0.11442152)],0.11442152,7.5358305,fixed,fixed
175567,269,7.5358305,0.0,-0.7569918,-1.2750087,2,"[np.float32(5.0934668), np.float32(5.877573)]","[np.float32(0.07239285), np.float32(0.053509373)]",0.07239285,7.5358305,fixed,fixed
175567,272,5.786329,0.0,-0.6867914,-1.0747151,1,[np.float32(5.877573)],[np.float32(0.06569621)],0.06569621,7.5358305,fixed,fixed
175567,273,7.5358305,0.0,-0.74166185,-1.2750087,1,[np.float32(5.877573)],[np.float32(0.053509373)],0.053509373,6.842684,fixed,fixed
175567,277,5.877573,0.0,-0.6724312,-0.7222562,1,[np.float32(5.877573)],[np.float32(0.02113925)],0.02113925,6.7248263,fixed,fixed
175567,286,6.7248263,0.0,-0.76136655,-1.5031306,1,[np.float32(5.0934668)],[np.float32(0.21994561)],0.21994561,5.0934668,fixed,fixed
175567,289,5.5545464,0.0,-0.65133303,-0.58466166,1,[np.float32(5.0934668)],[np.float32(0.022772891)],0.022772891,8.228977,fixed,fixed
175567,290,6.088874,0.0,-0.6759615,-1.0013107,1,[np.float32(5.0934668)],[np.float32(0.06837011)],0.06837011,5.284512,fixed,fixed
175567,291,5.877573,0.0,-0.6738763,-0.6923372,1,[np.float32(5.0934668)],[np.float32(0.028311158)],0.028311158,6.7248263,fixed,fixed
175567,293,5.0934668,0.0,-0.65621775,-0.9160638,2,"[np.float32(5.0934668), np.float32(5.5545464)]","[np.float32(0.08184193), np.float32(0.022772891)]",0.08184193,6.7248263,fixed,fixed
175567,295,5.877573,0.0,-0.67206526,-0.7222562,1,[np.float32(5.877573)],[np.float32(0.02113925)],0.02113925,6.7248263,fixed,fixed
175567,300,7.1303654,0.0,-0.7320901,-1.3484745,1,[np.float32(5.0934668)],[np.float32(0.11897195)],0.11897195,5.0934668,fixed,fixed
175567,329,7.5358305,0.0,-0.74214774,-1.2750087,1,[np.float32(5.877573)],[np.float32(0.053509373)],0.053509373,6.842684,fixed,fixed
175567,351,6.7248263,0.0,-0.8179127,-1.809466,1,[np.float32(5.877573)],[np.float32(0.32661414)],0.32661414,5.877573,fixed,fixed
175567,353,5.786329,0.0,-0.6877739,-1.0747151,1,[np.float32(5.877573)],[np.float32(0.06569621)],0.06569621,7.5358305,fixed,fixed
175567,355,7.5358305,0.0,-0.73305625,-1.2750087,1,[np.float32(5.877573)],[np.float32(0.053509373)],0.053509373,7.5358305,fixed,fixed
175567,356,6.842684,0.0,-0.7358243,-1.4268335,1,[np.float32(5.877573)],[np.float32(0.11442152)],0.11442152,7.5358305,fixed,fixed
175567,368,5.284512,0.0,-0.66077995,-0.7331901,1,[np.float32(5.0934668)],[np.float32(0.04278246)],0.04278246,6.088874,fixed,fixed
175567,374,6.842684,0.0,-0.68588495,-0.93440247,1,[np.float32(5.5545464)],[np.float32(0.030949712)],0.030949712,7.5358305,fixed,fixed
175567,399,8.228977,0.0,-0.7304338,-1.3965002,1,[np.float32(5.5545464)],[np.float32(0.064895034)],0.064895034,7.5358305,fixed,fixed
175567,400,6.214031,0.0,-0.65769064,-0.7248516,1,[np.float32(5.5545464)],[np.float32(0.021325735)],0.021325735,4.5525913,fixed,fixed
178192,36,5.0301485,0.0,-0.6025215,-0.4632958,1,[np.float32(4.5525913)],[np.float32(0.024382805)],0.024382805,5.1152887,fixed,fixed
178192,40,4.8111362,0.0,-0.59804094,-0.63011235,1,[np.float32(4.5525913)],[np.float32(0.049403396)],0.049403396,7.5358305,fixed,fixed
178192,47,5.901499,0.0,-0.6507243,-0.9935665,1,[np.float32(4.5525913)],[np.float32(0.09528099)],0.09528099,4.5525913,fixed,fixed
178192,50,6.842684,0.0,-0.71588045,-1.0674742,1,[np.float32(4.5525913)],[np.float32(0.07710127)],0.07710127,6.088874,fixed,fixed
178192,51,6.088874,0.0,-0.66199905,-1.0668824,1,[np.float32(5.977319)],[np.float32(0.05349227)],0.05349227,6.7248263,fixed,fixed
178192,52,7.5358305,0.0,-0.724434,-1.0631732,1,[np.float32(4.5525913)],[np.float32(0.054496072)],0.054496072,4.8111362,fixed,fixed
178192,53,5.786329,0.0,-0.6606191,-0.7153559,1,[np.float32(4.5525913)],[np.float32(0.041849934)],0.041849934,6.088874,fixed,fixed
178192,54,7.5358305,0.0,-0.724434,-1.0631732,1,[np.float32(4.5525913)],[np.float32(0.054496072)],0.054496072,4.8111362,fixed,fixed
178192,63,8.228977,0.0,-0.76227367,-1.294222,1,[np.float32(4.5525913)],[np.float32(0.078724585)],0.078724585,4.5525913,fixed,fixed
178192,64,6.088501,0.0,-0.66845304,-0.58072996,1,[np.float32(4.5525913)],[np.float32(0.022736935)],0.022736935,4.5525913,fixed,fixed
178192,65,7.5358305,0.0,-0.7532223,-1.2985231,1,[np.float32(4.5525913)],[np.float32(0.11134854)],0.11134854,4.5525913,fixed,fixed
178192,66,5.901499,0.0,-0.68824005,-0.9935665,1,[np.float32(4.5525913)],[np.float32(0.09528099)],0.09528099,6.088874,fixed,fixed
178192,75,5.0934668,0.0,-0.6644628,-0.7242225,1,[np.float32(4.5525913)],[np.float32(0.0593831)],0.0593831,6.5241694,fixed,fixed
178192,83,5.877573,0.0,-0.6516217,-0.5104206,1,[np.float32(4.5525913)],[np.float32(0.019440975)],0.019440975,6.9761195,fixed,fixed
178192,92,6.842684,0.0,-0.685987,-1.0779737,1,[np.float32(5.977319)],[np.float32(0.03904639)],0.03904639,7.5358305,fixed,fixed
178192,96,7.5358305,0.0,-0.7318863,-1.3090227,1,[np.float32(5.977319)],[np.float32(0.05635246)],0.05635246,7.5358305,fixed,fixed
178192,97,6.214031,0.0,-0.6678392,-0.8684229,1,[np.float32(5.977319)],[np.float32(0.027491292)],0.027491292,5.0934668,fixed,fixed
178192,99,6.214031,0.0,-0.72328293,-1.2106506,1,[np.float32(4.5525913)],[np.float32(0.1570683)],0.1570683,4.5525913,fixed,fixed
178192,102,5.0934668,0.0,-0.6425268,-0.48440185,1,[np.float32(4.5525913)],[np.float32(0.025679354)],0.025679354,6.7248263,fixed,fixed
178192,105,6.088874,0.0,-0.72446626,-1.2291789,1,[np.float32(4.5525913)],[np.float32(0.17459728)],0.17459728,4.5525913,fixed,fixed
178192,107,5.284512,0.0,-0.6563499,-0.78790426,1,[np.float32(4.5525913)],[np.float32(0.0667954)],0.0667954,6.088874,fixed,fixed
178192,125,5.877573,0.0,-0.6511247,-0.5104206,1,[np.float32(4.5525913)],[np.float32(0.019440975)],0.019440975,6.9761195,fixed,fixed
178192,129,5.877573,0.0,-0.6630126,-1.4707679,1,[np.float32(6.842684)],[np.float32(0.11442152)],0.11442152,6.7248263,fixed,fixed
178192,164,5.0099363,0.0,-0.60180616,-0.9214029,1,[np.float32(5.184434)],[np.float32(0.08219252)],0.08219252,5.184434,fixed,fixed
178192,179,5.184434,0.0,-0.623566,-0.9795687,1,[np.float32(5.184434)],[np.float32(0.09065181)],0.09065181,6.9761195,fixed,fixed
178192,185,5.877573,0.0,-0.66198415,-0.72318894,1,[np.float32(5.184434)],[np.float32(0.029987883)],0.029987883,6.7248263,fixed,fixed
178192,191,8.228977,0.0,-0.7251952,-1.5069904,1,[np.float32(5.184434)],[np.float32(0.10851108)],0.10851108,5.184434,fixed,fixed
178192,193,7.1303654,0.0,-0.7344725,-1.3800663,1,[np.float32(5.184434)],[np.float32(0.12464258)],0.12464258,5.184434,fixed,fixed
178192,194,5.625983,0.0,-0.6464837,-0.6393257,1,[np.float32(5.184434)],[np.float32(0.025467675)],0.025467675,5.184434,fixed,fixed
178192,214,5.977319,0.0,-0.67267716,-1.090112,1,[np.float32(6.842684)],[np.float32(0.03904639)],0.03904639,7.5358305,fixed,fixed
178192,217,7.5358305,0.0,-0.78674966,-1.8636626,1,[np.float32(6.842684)],[np.float32(0.17628156)],0.17628156,6.842684,fixed,fixed
178192,241,5.786329,0.0,-0.67554337,-1.0264486,1,[np.float32(6.842684)],[np.float32(0.03519518)],0.03519518,7.5358305,fixed,fixed
178192,246,5.877573,0.0,-0.71197224,-1.4707679,1,[np.float32(6.842684)],[np.float32(0.11442152)],0.11442152,6.7248263,fixed,fixed
178192,267,6.214031,0.0,-0.6684821,-0.8353417,1,[np.float32(5.184434)],[np.float32(0.036789175)],0.036789175,5.0934668,fixed,fixed
178192,271,5.877573,0.0,-0.6587469,-1.9591898,1,[np.float32(6.7248263)],[np.float32(0.32661414)],0.32661414,6.7248263,fixed,fixed
178192,280,5.877573,0.0,-0.73485243,-1.3951551,1,[np.float32(5.184434)],[np.float32(0.2165618)],0.2165618,5.184434,fixed,fixed
178192,293,5.0934668,0.0,-0.6395643,-0.70109993,1,[np.float32(5.184434)],[np.float32(0.04016033)],0.04016033,6.7248263,fixed,fixed
178192,294,6.7248263,0.0,-0.76740605,-1.5367365,1,[np.float32(5.184434)],[np.float32(0.23030394)],0.23030394,5.184434,fixed,fixed
178192,297,5.4253707,0.0,-0.65525174,-0.8117346,1,[np.float32(5.184434)],[np.float32(0.049271513)],0.049271513,8.228977,fixed,fixed
178192,298,5.877573,0.0,-0.6743344,-0.72318894,1,[np.float32(5.184434)],[np.float32(0.029987883)],0.029987883,6.7248263,fixed,fixed
178192,301,7.5358305,0.0,-0.7297681,-1.2759415,1,[np.float32(5.184434)],[np.float32(0.07588504)],0.07588504,5.0934668,fixed,fixed
178192,303,8.228977,0.0,-0.7699649,-1.5069904,1,[np.float32(5.184434)],[np.float32(0.10851108)],0.10851108,5.184434,fixed,fixed
178192,304,5.184434,0.0,-0.67087746,-0.9795687,1,[np.float32(5.184434)],[np.float32(0.09065181)],0.09065181,6.7248263,fixed,fixed
178192,305,7.1303654,0.0,-0.7348498,-1.3800663,1,[np.float32(5.184434)],[np.float32(0.12464258)],0.12464258,5.184434,fixed,fixed
188238,57,4.45615,0.0,-0.5728037,-1.4853821,1,[np.float32(6.7248263)],[np.float32(0.15904854)],0.15904854,6.7248263,fixed,fixed
188238,101,6.842684,0.0,-0.68838215,-1.4268335,1,[np.float32(5.877573)],[np.float32(0.11442152)],0.11442152,7.5358305,fixed,fixed
188238,102,5.0934668,0.0,-0.63223386,-0.7001671,1,[np.float32(5.877573)],[np.float32(0.028311158)],0.028311158,6.7248263,fixed,fixed
188238,105,6.088874,0.0,-0.65125275,-1.3587313,1,[np.float32(6.088874)],[np.float32(0.11587737)],0.11587737,4.5525913,fixed,fixed
188238,107,5.284512,0.0,-0.62911916,-1.6024088,1,[np.float32(6.088874)],[np.float32(0.2540094)],0.2540094,6.088874,fixed,fixed
188238,126,7.5358305,0.0,-0.71074146,-1.2750087,1,[np.float32(5.877573)],[np.float32(0.053509373)],0.053509373,7.5358305,fixed,fixed
188238,129,5.877573,0.0,-0.6630126,-0.7222562,1,[np.float32(5.877573)],[np.float32(0.02113925)],0.02113925,6.7248263,fixed,fixed
188238,136,5.786329,0.0,-0.67171293,-1.0747151,1,[np.float32(5.877573)],[np.float32(0.06569621)],0.06569621,8.228977,fixed,fixed
188238,138,7.5358305,0.0,-0.747552,-1.2750087,1,[np.float32(5.877573)],[np.float32(0.053509373)],0.053509373,8.228977,fixed,fixed
188238,161,5.877573,0.0,-0.6723968,-0.7222562,1,[np.float32(5.877573)],[np.float32(0.02113925)],0.02113925,6.7248263,fixed,fixed
188238,164,5.0099363,0.0,-0.60180616,-0.9214029,1,[np.float32(5.184434)],[np.float32(0.08219252)],0.08219252,5.184434,fixed,fixed
188238,179,5.184434,0.0,-0.623566,-0.9795687,1,[np.float32(5.184434)],[np.float32(0.09065181)],0.09065181,6.9761195,fixed,fixed
188238,185,5.877573,0.0,-0.66198415,-0.72318894,1,[np.float32(5.184434)],[np.float32(0.029987883)],0.029987883,6.7248263,fixed,fixed
188238,191,8.228977,0.0,-0.7251952,-1.5069904,1,[np.float32(5.184434)],[np.float32(0.10851108)],0.10851108,5.184434,fixed,fixed
188238,193,7.1303654,0.0,-0.7344725,-1.3800663,1,[np.float32(5.184434)],[np.float32(0.12464258)],0.12464258,5.184434,fixed,fixed
188238,194,5.625983,0.0,-0.6464837,-0.6393257,1,[np.float32(5.184434)],[np.float32(0.025467675)],0.025467675,5.184434,fixed,fixed
188238,213,6.7248263,0.0,-0.8173754,-1.809466,1,[np.float32(5.877573)],[np.float32(0.32661414)],0.32661414,5.877573,fixed,fixed
188238,214,5.977319,0.0,-0.6755243,-0.9947844,1,[np.float32(5.877573)],[np.float32(0.04764821)],0.04764821,7.5358305,fixed,fixed
188238,218,6.214031,0.0,-0.6647644,-0.83440894,1,[np.float32(5.877573)],[np.float32(0.025936576)],0.025936576,5.284512,fixed,fixed
188238,219,8.228977,0.0,-0.7631635,-1.5060576,1,[np.float32(5.877573)],[np.float32(0.07651761)],0.07651761,7.5358305,fixed,fixed
188238,220,6.842684,0.0,-0.7356193,-1.4268335,1,[np.float32(5.877573)],[np.float32(0.11442152)],0.11442152,7.5358305,fixed,fixed
188238,221,5.0934668,0.0,-0.6437528,-1.0269289,2,"[np.float32(5.877573), np.float32(6.088874)]","[np.float32(0.028311158), np.float32(0.06837011)]",0.06837011,6.7248263,fixed,fixed
188238,226,5.284512,0.0,-0.68768924,-1.3693577,1,[np.float32(6.088874)],[np.float32(0.15505402)],0.15505402,6.088874,fixed,fixed
188238,267,6.214031,0.0,-0.6684821,-0.8353417,1,[np.float32(5.184434)],[np.float32(0.036789175)],0.036789175,5.0934668,fixed,fixed
188238,280,5.877573,0.0,-0.73485243,-1.3951551,1,[np.float32(5.184434)],[np.float32(0.2165618)],0.2165618,5.184434,fixed,fixed
188238,293,5.0934668,0.0,-0.6395643,-0.70109993,1,[np.float32(5.184434)],[np.float32(0.04016033)],0.04016033,6.7248263,fixed,fixed
188238,294,6.7248263,0.0,-0.76740605,-1.5367365,1,[np.float32(5.184434)],[np.float32(0.23030394)],0.23030394,5.184434,fixed,fixed
188238,297,5.4253707,0.0,-0.65525174,-0.8117346,1,[np.float32(5.184434)],[np.float32(0.049271513)],0.049271513,8.228977,fixed,fixed
188238,298,5.877573,0.0,-0.6743344,-0.72318894,1,[np.float32(5.184434)],[np.float32(0.029987883)],0.029987883,6.7248263,fixed,fixed
188238,301,7.5358305,0.0,-0.7297681,-1.2759415,1,[np.float32(5.184434)],[np.float32(0.07588504)],0.07588504,5.0934668,fixed,fixed
188238,303,8.228977,0.0,-0.7699649,-1.5069904,1,[np.float32(5.184434)],[np.float32(0.10851108)],0.10851108,5.184434,fixed,fixed
188238,304,5.184434,0.0,-0.67087746,-0.9795687,1,[np.float32(5.184434)],[np.float32(0.09065181)],0.09065181,6.7248263,fixed,fixed
188238,305,7.1303654,0.0,-0.7348498,-1.3800663,1,[np.float32(5.184434)],[np.float32(0.12464258)],0.12464258,5.184434,fixed,fixed
188238,336,6.088874,0.0,-0.6920032,-1.3587313,1,[np.float32(6.088874)],[np.float32(0.11587737)],0.11587737,5.284512,fixed,fixed
188238,352,6.088874,0.0,-0.6681903,-2.0296233,1,[np.float32(6.7248263)],[np.float32(0.36320382)],0.36320382,6.7248263,fixed,fixed
221788,148,5.877573,0.0,-0.66234666,-1.5930758,1,[np.float32(8.228977)],[np.float32(0.07651761)],0.07651761,6.7248263,fixed,fixed
221788,155,5.877573,0.0,-0.65852064,-1.0725757,1,[np.float32(5.786329)],[np.float32(0.06569621)],0.06569621,6.7248263,fixed,fixed
221788,177,5.877573,0.0,-0.6619653,-1.9591898,1,[np.float32(6.7248263)],[np.float32(0.32661414)],0.32661414,6.7248263,fixed,fixed
221788,205,5.184434,0.0,-0.6196618,-0.9795687,1,[np.float32(5.184434)],[np.float32(0.09065181)],0.09065181,6.7248263,fixed,fixed
221788,211,6.842684,0.0,-0.6858661,-1.0129257,1,[np.float32(5.786329)],[np.float32(0.03519518)],0.03519518,7.5358305,fixed,fixed
221788,212,7.5358305,0.0,-0.71126753,-1.4825125,1,[np.float32(5.786329)],[np.float32(0.10332351)],0.10332351,7.5358305,fixed,fixed
221788,221,5.0934668,0.0,-0.6326717,-0.70109993,1,[np.float32(5.184434)],[np.float32(0.04016033)],0.04016033,6.7248263,fixed,fixed
221788,236,6.842684,0.0,-0.68584555,-1.0129257,1,[np.float32(5.786329)],[np.float32(0.03519518)],0.03519518,7.5358305,fixed,fixed
221788,240,5.877573,0.0,-0.65819,-1.0725757,2,"[np.float32(5.786329), np.float32(5.184434)]","[np.float32(0.06569621), np.float32(0.029987883)]",0.06569621,6.7248263,fixed,fixed
221788,242,7.5358305,0.0,-0.7919459,-2.1458282,1,[np.float32(8.228977)],[np.float32(0.17652911)],0.17652911,8.228977,fixed,fixed
221788,259,5.786329,0.0,-0.6847209,-1.5626608,1,[np.float32(8.228977)],[np.float32(0.07304597)],0.07304597,8.228977,fixed,fixed
221788,313,5.0099363,0.0,-0.60330915,-1.2146889,1,[np.float32(5.184434)],[np.float32(0.18143204)],0.18143204,5.184434,fixed,fixed
221788,319,7.1303654,0.0,-0.7339704,-1.3800663,1,[np.float32(5.184434)],[np.float32(0.12464258)],0.12464258,5.184434,fixed,fixed
221788,320,7.5358305,0.0,-0.7285741,-1.2759415,1,[np.float32(5.184434)],[np.float32(0.07588504)],0.07588504,5.0934668,fixed,fixed
221788,321,5.4253707,0.0,-0.65570176,-0.8117346,1,[np.float32(5.184434)],[np.float32(0.049271513)],0.049271513,8.228977,fixed,fixed
221788,328,6.357125,0.0,-0.6777644,-0.88303953,1,[np.float32(5.184434)],[np.float32(0.039985858)],0.039985858,5.0934668,fixed,fixed
221788,344,8.228977,0.0,-0.7601764,-1.5069904,1,[np.float32(5.184434)],[np.float32(0.10851108)],0.10851108,5.184434,fixed,fixed
221788,350,4.45615,0.0,-0.6027579,-0.48866105,1,[np.float32(5.184434)],[np.float32(0.025582792)],0.025582792,6.7248263,fixed,fixed
221788,419,6.9761195,0.0,-0.76233417,-1.5279642,1,[np.float32(5.184434)],[np.float32(0.20308375)],0.20308375,5.184434,fixed,fixed
221788,420,4.951692,0.0,-0.6343525,-0.9019881,1,[np.float32(5.184434)],[np.float32(0.079511344)],0.079511344,5.487917,fixed,fixed
221788,429,5.487917,0.0,-0.6652756,-1.0807297,1,[np.float32(5.184434)],[np.float32(0.10704957)],0.10704957,4.951692,fixed,fixed
232622,99,6.214031,0.0,-0.65466076,-0.7248516,1,[np.float32(5.5545464)],[np.float32(0.021325735)],0.021325735,4.5525913,fixed,fixed
232622,100,8.228977,0.0,-0.73080987,-1.3965002,1,[np.float32(5.5545464)],[np.float32(0.064895034)],0.064895034,7.5358305,fixed,fixed
232622,101,6.842684,0.0,-0.68838215,-0.93440247,1,[np.float32(5.5545464)],[np.float32(0.030949712)],0.030949712,7.5358305,fixed,fixed
232622,102,5.0934668,0.0,-0.63223386,-0.9160638,2,"[np.float32(5.5545464), np.float32(5.0934668)]","[np.float32(0.022772891), np.float32(0.08184193)]",0.08184193,6.7248263,fixed,fixed
232622,107,5.284512,0.0,-0.62911916,-0.7331901,1,[np.float32(5.0934668)],[np.float32(0.04278246)],0.04278246,6.088874,fixed,fixed
232622,135,5.877573,0.0,-0.6574635,-0.6923372,1,[np.float32(5.0934668)],[np.float32(0.028311158)],0.028311158,6.7248263,fixed,fixed
232622,180,5.0934668,0.0,-0.6269076,-0.9160638,1,[np.float32(5.0934668)],[np.float32(0.08184193)],0.08184193,6.7248263,fixed,fixed
232622,185,5.877573,0.0,-0.66198415,-1.0725757,1,[np.float32(5.786329)],[np.float32(0.06569621)],0.06569621,6.7248263,fixed,fixed
232622,192,5.184434,0.0,-0.6310389,-0.6998308,1,[np.float32(5.0934668)],[np.float32(0.04016033)],0.04016033,6.7248263,fixed,fixed
232622,215,7.5358305,0.0,-0.7063099,-1.2450897,1,[np.float32(5.0934668)],[np.float32(0.07239285)],0.07239285,7.5358305,fixed,fixed
232622,216,6.214031,0.0,-0.6564195,-1.4078817,1,[np.float32(5.0934668)],[np.float32(0.20743524)],0.20743524,5.0934668,fixed,fixed
232622,222,7.1303654,0.0,-0.72953147,-1.3484745,1,[np.float32(5.0934668)],[np.float32(0.11897195)],0.11897195,5.0934668,fixed,fixed
232622,223,5.5545464,0.0,-0.6518166,-0.58466166,1,[np.float32(5.0934668)],[np.float32(0.022772891)],0.022772891,8.228977,fixed,fixed
232622,224,6.088874,0.0,-0.6758099,-1.0013107,1,[np.float32(5.0934668)],[np.float32(0.06837011)],0.06837011,5.284512,fixed,fixed
232622,226,5.284512,0.0,-0.64472926,-0.7331901,1,[np.float32(5.0934668)],[np.float32(0.04278246)],0.04278246,6.088874,fixed,fixed
232622,238,5.0934668,0.0,-0.6296454,-0.6907969,1,[np.float32(4.45615)],[np.float32(0.055879492)],0.055879492,6.7248263,fixed,fixed
232622,244,6.842684,0.0,-0.6863868,-1.4268335,1,[np.float32(5.877573)],[np.float32(0.11442152)],0.11442152,7.5358305,fixed,fixed
232622,246,5.877573,0.0,-0.6630126,-0.7222562,1,[np.float32(5.877573)],[np.float32(0.02113925)],0.02113925,6.7248263,fixed,fixed
232622,249,6.842684,0.0,-0.6860166,-1.0129257,1,[np.float32(5.786329)],[np.float32(0.03519518)],0.03519518,7.5358305,fixed,fixed
232622,250,7.5358305,0.0,-0.71132785,-1.4825125,1,[np.float32(5.786329)],[np.float32(0.10332351)],0.10332351,7.5358305,fixed,fixed
232622,252,5.877573,0.0,-0.6686932,-0.6923372,1,[np.float32(5.0934668)],[np.float32(0.028311158)],0.028311158,6.7248263,fixed,fixed
232622,261,7.5358305,0.0,-0.7103717,-1.2750087,1,[np.float32(5.877573)],[np.float32(0.053509373)],0.053509373,7.5358305,fixed,fixed
232622,264,5.877573,0.0,-0.6623433,-0.7222562,2,"[np.float32(5.877573), np.float32(4.45615)]","[np.float32(0.02113925), np.float32(0.018026534)]",0.02113925,6.7248263,fixed,fixed
232622,267,6.214031,0.0,-0.654026,-1.1858479,1,[np.float32(5.0934668)],[np.float32(0.111585006)],0.111585006,5.0934668,fixed,fixed
232622,268,6.842684,0.0,-0.68590754,-1.0129257,1,[np.float32(5.786329)],[np.float32(0.03519518)],0.03519518,7.5358305,fixed,fixed
232622,269,7.5358305,0.0,-0.70582086,-1.2450897,1,[np.float32(5.0934668)],[np.float32(0.07239285)],0.07239285,7.5358305,fixed,fixed
232622,271,5.877573,1.0,-0.953217,-1.0725757,1,[np.float32(5.786329)],[np.float32(0.06569621)],0.06569621,6.7248263,fixed,fixed
232622,272,5.786329,1.0,-0.9530455,-1.0747151,1,[np.float32(5.877573)],[np.float32(0.06569621)],0.06569621,7.5358305,fixed,fixed
232622,273,7.5358305,0.0,-0.74166185,-1.2750087,1,[np.float32(5.877573)],[np.float32(0.053509373)],0.053509373,6.842684,fixed,fixed
232622,277,5.877573,0.0,-0.6724312,-0.7222562,1,[np.float32(5.877573)],[np.float32(0.02113925)],0.02113925,6.7248263,fixed,fixed
232622,291,5.877573,0.0,-0.662699,-0.6923372,1,[np.float32(5.0934668)],[np.float32(0.028311158)],0.028311158,6.7248263,fixed,fixed
232622,295,5.877573,0.0,-0.67206526,-1.4707679,2,"[np.float32(5.877573), np.float32(6.842684)]","[np.float32(0.02113925), np.float32(0.11442152)]",0.11442152,6.7248263,fixed,fixed
232622,297,5.4253707,0.0,-0.643561,-0.5416031,1,[np.float32(5.0934668)],[np.float32(0.020732379)],0.020732379,8.228977,fixed,fixed
232622,300,7.1303654,0.0,-0.7322388,-1.3484745,1,[np.float32(5.0934668)],[np.float32(0.11897195)],0.11897195,5.0934668,fixed,fixed
232622,301,7.5358305,0.0,-0.7556662,-1.4836296,1,[np.float32(5.0934668)],[np.float32(0.14657553)],0.14657553,5.0934668,fixed,fixed
232622,302,5.5545464,0.0,-0.65205437,-0.8232016,1,[np.float32(5.0934668)],[np.float32(0.050411604)],0.050411604,5.0934668,fixed,fixed
232622,309,6.7248263,0.0,-0.7572862,-1.5031306,1,[np.float32(5.0934668)],[np.float32(0.21994561)],0.21994561,5.0934668,fixed,fixed
232622,310,5.5545464,0.0,-0.6508845,-0.8232016,1,[np.float32(5.0934668)],[np.float32(0.050411604)],0.050411604,5.0934668,fixed,fixed
232622,317,5.184434,0.0,-0.62850195,-0.6998308,2,"[np.float32(5.0934668), np.float32(4.45615)]","[np.float32(0.04016033), np.float32(0.025582792)]",0.04016033,6.9761195,fixed,fixed
232622,320,7.5358305,0.0,-0.7529962,-1.4836296,1,[np.float32(5.0934668)],[np.float32(0.14657553)],0.14657553,5.0934668,fixed,fixed
232622,321,5.4253707,0.0,-0.6439725,-0.5416031,1,[np.float32(5.0934668)],[np.float32(0.020732379)],0.020732379,8.228977,fixed,fixed
232622,327,7.5358305,0.0,-0.73540074,-1.2450897,1,[np.float32(5.0934668)],[np.float32(0.07239285)],0.07239285,7.5358305,fixed,fixed
232622,328,6.357125,0.0,-0.70860016,-1.2335458,1,[np.float32(5.0934668)],[np.float32(0.12033005)],0.12033005,5.0934668,fixed,fixed
232622,329,7.5358305,0.0,-0.74214774,-1.2750087,1,[np.float32(5.877573)],[np.float32(0.053509373)],0.053509373,6.842684,fixed,fixed
232622,333,5.0934668,0.0,-0.6613922,-0.9160638,1,[np.float32(5.0934668)],[np.float32(0.08184193)],0.08184193,6.9761195,fixed,fixed
232622,334,7.1303654,0.0,-0.7296065,-1.3484745,1,[np.float32(5.0934668)],[np.float32(0.11897195)],0.11897195,5.0934668,fixed,fixed
232622,345,7.5358305,0.0,-0.70739686,-1.0309854,1,[np.float32(4.45615)],[np.float32(0.051759012)],0.051759012,7.5358305,fixed,fixed
232622,346,6.214031,0.0,-0.65957016,-1.1765699,1,[np.float32(4.45615)],[np.float32(0.14939366)],0.14939366,4.45615,fixed,fixed
232622,351,6.7248263,0.0,-0.8179127,-1.809466,1,[np.float32(5.877573)],[np.float32(0.32661414)],0.32661414,5.877573,fixed,fixed
232622,353,5.786329,0.0,-0.6877739,-1.0747151,1,[np.float32(5.877573)],[np.float32(0.06569621)],0.06569621,7.5358305,fixed,fixed
232622,355,7.5358305,0.0,-0.73305625,-1.2750087,1,[np.float32(5.877573)],[np.float32(0.053509373)],0.053509373,7.5358305,fixed,fixed
232622,356,6.842684,0.0,-0.7358243,-1.4268335,1,[np.float32(5.877573)],[np.float32(0.11442152)],0.11442152,7.5358305,fixed,fixed
232622,358,5.877573,0.0,-0.6693993,-0.47823286,1,[np.float32(4.45615)],[np.float32(0.018026534)],0.018026534,6.9761195,fixed,fixed
232622,368,5.284512,0.0,-0.6702646,-0.7331901,2,"[np.float32(5.0934668), np.float32(4.45615)]","[np.float32(0.04278246), np.float32(0.027684145)]",0.04278246,6.088874,fixed,fixed
232622,370,7.1303654,0.0,-0.7202707,-1.1307777,1,[np.float32(4.45615)],[np.float32(0.08554994)],0.08554994,5.0934668,fixed,fixed
232622,371,5.786329,0.0,-0.66789085,-0.68276554,1,[np.float32(4.45615)],[np.float32(0.03937889)],0.03937889,8.228977,fixed,fixed
232622,372,7.5358305,0.0,-0.7176999,-1.0309854,1,[np.float32(4.45615)],[np.float32(0.051759012)],0.051759012,5.284512,fixed,fixed
232622,376,5.877573,0.0,-0.68621457,-0.85227984,1,[np.float32(4.45615)],[np.float32(0.06546549)],0.06546549,6.9761195,fixed,fixed
232622,379,6.214031,0.0,-0.73931134,-1.4078817,1,[np.float32(5.0934668)],[np.float32(0.20743524)],0.20743524,5.0934668,fixed,fixed
232622,381,7.5358305,0.0,-0.73603404,-1.2450897,1,[np.float32(5.0934668)],[np.float32(0.07239285)],0.07239285,7.5358305,fixed,fixed
232622,384,5.786329,0.0,-0.67609006,-1.0264486,1,[np.float32(6.842684)],[np.float32(0.03519518)],0.03519518,7.5358305,fixed,fixed
232622,385,7.5358305,0.0,-0.7866332,-1.8636626,1,[np.float32(6.842684)],[np.float32(0.17628156)],0.17628156,6.842684,fixed,fixed
232622,398,6.7248263,0.0,-0.76178247,-1.5031306,1,[np.float32(5.0934668)],[np.float32(0.21994561)],0.21994561,5.0934668,fixed,fixed
232622,400,6.214031,0.0,-0.66726077,-0.5903856,1,[np.float32(4.45615)],[np.float32(0.023234414)],0.023234414,4.5525913,fixed,fixed
232622,401,5.5545464,0.0,-0.6514072,-0.58466166,1,[np.float32(5.0934668)],[np.float32(0.022772891)],0.022772891,8.228977,fixed,fixed
232622,402,6.088874,0.0,-0.6754572,-1.0013107,1,[np.float32(5.0934668)],[np.float32(0.06837011)],0.06837011,4.5525913,fixed,fixed
232622,403,6.088874,0.0,-0.6843331,-0.76277083,1,[np.float32(5.0934668)],[np.float32(0.03232453)],0.03232453,6.7248263,fixed,fixed
232622,404,5.977319,0.0,-0.6769508,-1.090112,1,[np.float32(6.842684)],[np.float32(0.03904639)],0.03904639,7.5358305,fixed,fixed
232622,405,5.0934668,0.0,-0.65666723,-0.9160638,1,[np.float32(5.0934668)],[np.float32(0.08184193)],0.08184193,6.5241694,fixed,fixed
232622,407,5.877573,0.0,-0.71254355,-1.4707679,1,[np.float32(6.842684)],[np.float32(0.11442152)],0.11442152,6.9761195,fixed,fixed
232622,412,7.1303654,0.0,-0.73226994,-1.3484745,1,[np.float32(5.0934668)],[np.float32(0.11897195)],0.11897195,5.0934668,fixed,fixed
232622,420,4.951692,0.0,-0.6229068,-0.6435387,1,[np.float32(4.45615)],[np.float32(0.050913606)],0.050913606,5.487917,fixed,fixed
232622,424,7.5358305,0.0,-0.7483058,-1.2659328,1,[np.float32(4.45615)],[np.float32(0.10599228)],0.10599228,4.45615,fixed,fixed
232622,425,5.977319,0.0,-0.6605793,-0.51148146,1,[np.float32(4.45615)],[np.float32(0.01951078)],0.01951078,6.088874,fixed,fixed
232622,426,6.842684,0.0,-0.70971465,-1.0348839,1,[np.float32(4.45615)],[np.float32(0.073229)],0.073229,6.088874,fixed,fixed
232622,429,5.487917,0.0,-0.634796,-0.5832949,1,[np.float32(4.45615)],[np.float32(0.03217449)],0.03217449,4.951692,fixed,fixed
232622,430,4.8111362,0.0,-0.607015,-0.3577014,1,[np.float32(4.45615)],[np.float32(0.018269394)],0.018269394,6.18106,fixed,fixed
232622,432,8.228977,0.0,-0.75006926,-1.2620343,1,[np.float32(4.45615)],[np.float32(0.07493763)],0.07493763,4.951692,fixed,fixed
232622,442,6.7248263,0.0,-0.7372915,-1.2758845,1,[np.float32(4.45615)],[np.float32(0.15904854)],0.15904854,4.45615,fixed,fixed
232622,443,5.977319,0.0,-0.6693434,-0.7464289,1,[np.float32(4.45615)],[np.float32(0.044439927)],0.044439927,4.45615,fixed,fixed
232622,445,4.5525913,0.0,-0.6208501,-0.48921657,1,[np.float32(5.0934668)],[np.float32(0.025679354)],0.025679354,6.088874,fixed,fixed
232622,447,7.5358305,0.0,-0.7483058,-1.2659328,1,[np.float32(4.45615)],[np.float32(0.10599228)],0.10599228,4.45615,fixed,fixed
232622,458,7.1303654,0.0,-0.7296005,-1.1307777,1,[np.float32(4.45615)],[np.float32(0.08554994)],0.08554994,4.45615,fixed,fixed
232622,486,6.18106,0.0,-0.6999171,-1.0533279,1,[np.float32(4.45615)],[np.float32(0.10544442)],0.10544442,4.45615,fixed,fixed
239456,21,6.088874,0.0,-0.66197217,-0.79362255,1,[np.float32(5.184434)],[np.float32(0.034148183)],0.034148183,6.7248263,fixed,fixed
239456,27,4.8111362,0.0,-0.59878355,-0.5264527,1,[np.float32(4.951692)],[np.float32(0.028111102)],0.028111102,7.5358305,fixed,fixed
239456,55,5.2083592,0.0,-0.61269134,-1.0522863,1,[np.float32(4.951692)],[np.float32(0.12398622)],0.12398622,4.951692,fixed,fixed
239456,57,4.45615,0.0,-0.5728037,-0.6525061,1,[np.float32(4.951692)],[np.float32(0.050913606)],0.050913606,6.7248263,fixed,fixed
239456,58,6.842684,0.0,-0.68453777,-0.96611446,1,[np.float32(4.951692)],[np.float32(0.046202783)],0.046202783,6.088874,fixed,fixed
239456,61,8.228977,0.0,-0.7599937,-1.4282122,1,[np.float32(4.951692)],[np.float32(0.096448004)],0.096448004,4.951692,fixed,fixed
239456,72,5.184434,0.0,-0.65362626,-0.9795687,1,[np.float32(5.184434)],[np.float32(0.09065181)],0.09065181,4.8615465,fixed,fixed
239456,75,5.0934668,0.0,-0.64216584,-0.70109993,1,[np.float32(5.184434)],[np.float32(0.04016033)],0.04016033,6.5241694,fixed,fixed
239456,81,5.877573,0.0,-0.64072925,-1.3951551,1,[np.float32(5.184434)],[np.float32(0.2165618)],0.2165618,5.184434,fixed,fixed
239456,85,6.842684,0.0,-0.68838215,-1.4268335,1,[np.float32(5.877573)],[np.float32(0.11442152)],0.11442152,7.5358305,fixed,fixed
239456,86,5.184434,1.0,-0.92625,-0.7304895,1,[np.float32(5.877573)],[np.float32(0.029987883)],0.029987883,6.7248263,fixed,fixed
239456,88,7.1303654,0.0,-0.73119646,-1.3800663,1,[np.float32(5.184434)],[np.float32(0.12464258)],0.12464258,5.184434,fixed,fixed
239456,89,7.5358305,0.0,-0.72717184,-1.2759415,1,[np.float32(5.184434)],[np.float32(0.07588504)],0.07588504,5.0934668,fixed,fixed
239456,90,5.4253707,0.0,-0.6550315,-0.8117346,1,[np.float32(5.184434)],[np.float32(0.049271513)],0.049271513,8.228977,fixed,fixed
239456,97,6.214031,0.0,-0.6701065,-0.8353417,1,[np.float32(5.184434)],[np.float32(0.036789175)],0.036789175,5.0934668,fixed,fixed
239456,114,8.228977,0.0,-0.75814867,-1.5069904,1,[np.float32(5.184434)],[np.float32(0.10851108)],0.10851108,5.184434,fixed,fixed
239456,115,7.5358305,0.0,-0.70852745,-1.2750087,1,[np.float32(5.877573)],[np.float32(0.053509373)],0.053509373,7.5358305,fixed,fixed
239456,116,6.214031,0.0,-0.6614236,-0.83440894,1,[np.float32(5.877573)],[np.float32(0.025936576)],0.025936576,5.0934668,fixed,fixed
239456,122,5.877573,1.0,-0.9542942,-0.72318894,1,[np.float32(5.184434)],[np.float32(0.029987883)],0.029987883,6.7248263,fixed,fixed
239456,123,5.786329,0.0,-0.6885313,-1.0747151,1,[np.float32(5.877573)],[np.float32(0.06569621)],0.06569621,7.5358305,fixed,fixed
239456,124,7.5358305,0.0,-0.747431,-1.2750087,1,[np.float32(5.877573)],[np.float32(0.053509373)],0.053509373,8.228977,fixed,fixed
239456,129,5.877573,0.0,-0.67179096,-0.7222562,1,[np.float32(5.877573)],[np.float32(0.02113925)],0.02113925,6.7248263,fixed,fixed
239456,144,5.877573,0.0,-0.6782599,-1.0236865,1,[np.float32(4.951692)],[np.float32(0.08631818)],0.08631818,6.9761195,fixed,fixed
239456,148,5.877573,0.0,-0.67110884,-0.7222562,1,[np.float32(5.877573)],[np.float32(0.02113925)],0.02113925,6.7248263,fixed,fixed
239456,155,5.877573,0.0,-0.65852064,-1.0725757,1,[np.float32(5.786329)],[np.float32(0.06569621)],0.06569621,6.7248263,fixed,fixed
239456,164,5.0099363,0.0,-0.61742365,-0.5927194,1,[np.float32(4.951692)],[np.float32(0.032502197)],0.032502197,5.184434,fixed,fixed
239456,172,5.0934668,0.0,-0.6944164,-0.864945,1,[np.float32(4.951692)],[np.float32(0.07544661)],0.07544661,6.9761195,fixed,fixed
239456,179,5.184434,0.0,-0.6554615,-0.8952674,1,[np.float32(4.951692)],[np.float32(0.079511344)],0.079511344,6.9761195,fixed,fixed
239456,187,5.4253707,0.0,-0.63536865,-0.73119754,1,[np.float32(4.951692)],[np.float32(0.042770606)],0.042770606,5.0934668,fixed,fixed
239456,195,6.7248263,0.0,-0.7639452,-1.5367365,1,[np.float32(5.184434)],[np.float32(0.23030394)],0.23030394,5.184434,fixed,fixed
239456,196,5.625983,0.0,-0.64603144,-0.6393257,1,[np.float32(5.184434)],[np.float32(0.025467675)],0.025467675,5.184434,fixed,fixed
239456,199,6.7248263,0.0,-0.8168932,-1.809466,1,[np.float32(5.877573)],[np.float32(0.32661414)],0.32661414,5.877573,fixed,fixed
239456,200,5.977319,0.0,-0.6721025,-0.9947844,1,[np.float32(5.877573)],[np.float32(0.04764821)],0.04764821,5.877573,fixed,fixed
239456,201,5.877573,0.0,-0.6962815,-1.210615,1,[np.float32(5.184434)],[np.float32(0.13178323)],0.13178323,5.184434,fixed,fixed
239456,203,8.228977,0.0,-0.76304966,-1.5060576,1,[np.float32(5.877573)],[np.float32(0.07651761)],0.07651761,7.5358305,fixed,fixed
239456,204,6.842684,0.0,-0.7354358,-1.4268335,1,[np.float32(5.877573)],[np.float32(0.11442152)],0.11442152,7.5358305,fixed,fixed
239456,205,5.184434,0.0,-0.668781,-0.9795687,2,"[np.float32(5.184434), np.float32(5.877573)]","[np.float32(0.09065181), np.float32(0.029987883)]",0.09065181,6.7248263,fixed,fixed
239456,207,7.1303654,0.0,-0.7330271,-1.3800663,1,[np.float32(5.184434)],[np.float32(0.12464258)],0.12464258,5.184434,fixed,fixed
239456,211,6.842684,0.0,-0.6858661,-1.0129257,1,[np.float32(5.786329)],[np.float32(0.03519518)],0.03519518,7.5358305,fixed,fixed
239456,212,7.5358305,0.0,-0.71126753,-1.4825125,1,[np.float32(5.786329)],[np.float32(0.10332351)],0.10332351,7.5358305,fixed,fixed
239456,232,8.228977,0.0,-0.7594257,-1.5069904,1,[np.float32(5.184434)],[np.float32(0.10851108)],0.10851108,5.184434,fixed,fixed
239456,236,6.842684,0.0,-0.68584555,-1.0129257,1,[np.float32(5.786329)],[np.float32(0.03519518)],0.03519518,7.5358305,fixed,fixed
239456,240,5.877573,0.0,-0.65819,-1.0725757,1,[np.float32(5.786329)],[np.float32(0.06569621)],0.06569621,6.7248263,fixed,fixed
239456,264,5.877573,0.0,-0.6623433,-1.4707679,1,[np.float32(6.842684)],[np.float32(0.11442152)],0.11442152,6.7248263,fixed,fixed
239456,291,5.877573,0.0,-0.662699,-1.4707679,1,[np.float32(6.842684)],[np.float32(0.11442152)],0.11442152,6.7248263,fixed,fixed
239456,353,5.786329,0.0,-0.6763597,-1.0264486,1,[np.float32(6.842684)],[np.float32(0.03519518)],0.03519518,7.5358305,fixed,fixed
239456,354,7.5358305,0.0,-0.7909937,-1.8636626,1,[np.float32(6.842684)],[np.float32(0.17628156)],0.17628156,8.228977,fixed,fixed
239456,371,5.786329,0.0,-0.66737413,-1.0264486,1,[np.float32(6.842684)],[np.float32(0.03519518)],0.03519518,8.228977,fixed,fixed
239456,376,5.877573,0.0,-0.70924586,-1.4707679,1,[np.float32(6.842684)],[np.float32(0.11442152)],0.11442152,6.9761195,fixed,fixed
239456,377,5.4253707,0.0,-0.6529793,-0.9061293,1,[np.float32(6.842684)],[np.float32(0.028767666)],0.028767666,7.5358305,fixed,fixed
239456,378,7.5358305,0.0,-0.7838255,-1.8636626,1,[np.float32(6.842684)],[np.float32(0.17628156)],0.17628156,8.228977,fixed,fixed
239456,401,5.5545464,0.0,-0.65589595,-0.9491878,1,[np.float32(6.842684)],[np.float32(0.030949712)],0.030949712,8.228977,fixed,fixed
239456,403,6.088874,0.0,-0.7254233,-1.5412015,1,[np.float32(6.842684)],[np.float32(0.12746923)],0.12746923,6.7248263,fixed,fixed
262180,3,6.118513,0.0,-0.66105133,-1.368611,1,[np.float32(6.088874)],[np.float32(0.11766673)],0.11766673,6.088874,fixed,fixed
262180,12,4.411208,0.0,-0.60395396,-0.9988746,1,[np.float32(5.901499)],[np.float32(0.08816675)],0.08816675,6.214031,fixed,fixed
262180,21,6.088874,0.0,-0.66197217,-0.79362255,1,[np.float32(5.184434)],[np.float32(0.034148183)],0.034148183,6.7248263,fixed,fixed
262180,25,5.2083592,0.0,-0.61269134,-1.0652264,1,[np.float32(6.088874)],[np.float32(0.07279101)],0.07279101,4.5525913,fixed,fixed
262180,29,6.088874,0.0,-0.6623435,-1.3811659,1,[np.float32(7.5358305)],[np.float32(0.059698556)],0.059698556,6.7248263,fixed,fixed
262180,30,4.5525913,0.0,-0.5823696,-1.3584352,1,[np.float32(6.088874)],[np.float32(0.17459728)],0.17459728,6.214031,fixed,fixed
262180,72,5.184434,0.0,-0.65362626,-0.9795687,1,[np.float32(5.184434)],[np.float32(0.09065181)],0.09065181,4.8615465,fixed,fixed
262180,75,5.0934668,0.0,-0.64216584,-0.70109993,1,[np.float32(5.184434)],[np.float32(0.04016033)],0.04016033,6.5241694,fixed,fixed
262180,81,5.877573,0.0,-0.64072925,-1.3951551,1,[np.float32(5.184434)],[np.float32(0.2165618)],0.2165618,5.184434,fixed,fixed
262180,83,5.877573,0.0,-0.6434211,-1.3107322,1,[np.float32(7.5358305)],[np.float32(0.053509373)],0.053509373,6.9761195,fixed,fixed
262180,84,8.228977,0.0,-0.73080987,-2.0945337,1,[np.float32(7.5358305)],[np.float32(0.17652911)],0.17652911,7.5358305,fixed,fixed
262180,85,6.842684,0.0,-0.68838215,-1.9148684,1,[np.float32(7.5358305)],[np.float32(0.17628156)],0.17628156,7.5358305,fixed,fixed
262180,88,7.1303654,0.0,-0.73119646,-1.3800663,1,[np.float32(5.184434)],[np.float32(0.12464258)],0.12464258,5.184434,fixed,fixed
262180,89,7.5358305,0.0,-0.72717184,-1.2759415,1,[np.float32(5.184434)],[np.float32(0.07588504)],0.07588504,5.0934668,fixed,fixed
262180,90,5.4253707,0.0,-0.6550315,-0.8117346,1,[np.float32(5.184434)],[np.float32(0.049271513)],0.049271513,8.228977,fixed,fixed
262180,93,7.5358305,0.0,-0.71131593,-1.8634847,1,[np.float32(7.5358305)],[np.float32(0.12459149)],0.12459149,7.5358305,fixed,fixed
262180,97,6.214031,0.0,-0.6701065,-0.8353417,1,[np.float32(5.184434)],[np.float32(0.036789175)],0.036789175,5.0934668,fixed,fixed
262180,114,8.228977,0.0,-0.75814867,-1.5069904,1,[np.float32(5.184434)],[np.float32(0.10851108)],0.10851108,5.184434,fixed,fixed
262180,115,7.5358305,0.0,-0.75652647,-1.8634847,1,[np.float32(7.5358305)],[np.float32(0.12459149)],0.12459149,7.5358305,fixed,fixed
262180,116,6.214031,0.0,-0.68618876,-1.422885,1,[np.float32(7.5358305)],[np.float32(0.06367433)],0.06367433,5.0934668,fixed,fixed
262180,118,6.842684,0.0,-0.68392605,-1.9148684,1,[np.float32(7.5358305)],[np.float32(0.17628156)],0.17628156,7.5358305,fixed,fixed
262180,119,8.228977,0.0,-0.72889435,-2.0945337,1,[np.float32(7.5358305)],[np.float32(0.17652911)],0.17652911,7.5358305,fixed,fixed
262180,122,5.877573,0.0,-0.67007357,-1.3107322,2,"[np.float32(5.184434), np.float32(7.5358305)]","[np.float32(0.029987883), np.float32(0.053509373)]",0.053509373,6.7248263,fixed,fixed
262180,176,6.088874,0.0,-0.6945426,-1.3587313,1,[np.float32(6.088874)],[np.float32(0.11587737)],0.11587737,5.284512,fixed,fixed
262180,195,6.7248263,0.0,-0.7639452,-1.5367365,1,[np.float32(5.184434)],[np.float32(0.23030394)],0.23030394,5.184434,fixed,fixed
262180,196,5.625983,0.0,-0.64603144,-0.6393257,1,[np.float32(5.184434)],[np.float32(0.025467675)],0.025467675,5.184434,fixed,fixed
262180,201,5.877573,0.0,-0.6962815,-1.210615,1,[np.float32(5.184434)],[np.float32(0.13178323)],0.13178323,5.184434,fixed,fixed
262180,205,5.184434,0.0,-0.655209,-0.9795687,1,[np.float32(5.184434)],[np.float32(0.09065181)],0.09065181,6.7248263,fixed,fixed
262180,207,7.1303654,0.0,-0.7330271,-1.3800663,1,[np.float32(5.184434)],[np.float32(0.12464258)],0.12464258,5.184434,fixed,fixed
262180,232,8.228977,0.0,-0.7594257,-1.5069904,1,[np.float32(5.184434)],[np.float32(0.10851108)],0.10851108,5.184434,fixed,fixed
269384,105,6.088874,0.0,-0.65125275,-1.3587313,1,[np.float32(6.088874)],[np.float32(0.11587737)],0.11587737,4.5525913,fixed,fixed
269384,107,5.284512,0.0,-0.62911916,-1.6024088,2,"[np.float32(6.088874), np.float32(5.284512)]","[np.float32(0.2540094), np.float32(0.10120408)]",0.2540094,6.088874,fixed,fixed
269384,165,5.0934668,0.0,-0.6243472,-0.73604125,2,"[np.float32(5.284512), np.float32(5.877573)]","[np.float32(0.04278246), np.float32(0.028311158)]",0.04278246,6.7248263,fixed,fixed
269384,180,5.0934668,0.0,-0.6269076,-0.8314453,1,[np.float32(5.5545464)],[np.float32(0.050411604)],0.050411604,6.7248263,fixed,fixed
269384,218,6.214031,0.0,-0.6541547,-1.2541078,1,[np.float32(5.284512)],[np.float32(0.123305775)],0.123305775,5.284512,fixed,fixed
269384,221,5.0934668,0.0,-0.6326717,-1.0269289,2,"[np.float32(6.088874), np.float32(5.284512)]","[np.float32(0.06837011), np.float32(0.04278246)]",0.06837011,6.7248263,fixed,fixed
269384,224,6.088874,1.0,-0.9374099,-1.3179449,1,[np.float32(5.284512)],[np.float32(0.15505402)],0.15505402,5.284512,fixed,fixed
269384,226,5.284512,1.0,-0.9388753,-1.3693577,1,[np.float32(6.088874)],[np.float32(0.15505402)],0.15505402,6.088874,fixed,fixed
269384,227,6.088501,0.0,-0.6719037,-0.82753754,1,[np.float32(5.284512)],[np.float32(0.03622828)],0.03622828,5.284512,fixed,fixed
269384,228,7.5358305,0.0,-0.7571577,-1.5501624,1,[np.float32(5.284512)],[np.float32(0.1614404)],0.1614404,5.284512,fixed,fixed
269384,249,6.842684,0.0,-0.6860166,-1.4268335,1,[np.float32(5.877573)],[np.float32(0.11442152)],0.11442152,7.5358305,fixed,fixed
269384,252,5.877573,0.0,-0.65766585,-0.7222562,1,[np.float32(5.877573)],[np.float32(0.02113925)],0.02113925,6.7248263,fixed,fixed
269384,253,5.786329,0.0,-0.6549455,-0.7268135,1,[np.float32(5.284512)],[np.float32(0.030146634)],0.030146634,8.228977,fixed,fixed
269384,254,8.228977,0.0,-0.73028696,-1.5060576,1,[np.float32(5.877573)],[np.float32(0.07651761)],0.07651761,7.5358305,fixed,fixed
269384,267,6.214031,0.0,-0.654026,-0.8684229,1,[np.float32(5.977319)],[np.float32(0.027491292)],0.027491292,5.0934668,fixed,fixed
269384,268,6.842684,0.0,-0.68590754,-1.0779737,1,[np.float32(5.977319)],[np.float32(0.03904639)],0.03904639,7.5358305,fixed,fixed
269384,269,7.5358305,0.0,-0.70582086,-1.3090227,1,[np.float32(5.977319)],[np.float32(0.05635246)],0.05635246,7.5358305,fixed,fixed
269384,271,5.877573,0.0,-0.6587469,-0.7222562,1,[np.float32(5.877573)],[np.float32(0.02113925)],0.02113925,6.7248263,fixed,fixed
269384,278,5.5545464,0.0,-0.6554076,-0.8538603,1,[np.float32(5.877573)],[np.float32(0.037488364)],0.037488364,7.5358305,fixed,fixed
269384,281,5.0934668,0.0,-0.63788825,-0.7001671,1,[np.float32(5.877573)],[np.float32(0.028311158)],0.028311158,6.7248263,fixed,fixed
269384,291,5.877573,0.0,-0.662699,-0.99644876,1,[np.float32(5.977319)],[np.float32(0.04764821)],0.04764821,6.7248263,fixed,fixed
269384,295,5.877573,0.0,-0.6632189,-0.9457287,1,[np.float32(5.4253707)],[np.float32(0.053859804)],0.053859804,6.7248263,fixed,fixed
269384,298,5.877573,0.0,-0.67101216,-0.7222562,1,[np.float32(5.877573)],[np.float32(0.02113925)],0.02113925,6.7248263,fixed,fixed
269384,330,6.214031,0.0,-0.74305,-1.4808785,1,[np.float32(5.284512)],[np.float32(0.22865157)],0.22865157,5.284512,fixed,fixed
269384,333,5.0934668,0.0,-0.6464906,-0.73604125,1,[np.float32(5.284512)],[np.float32(0.04278246)],0.04278246,6.9761195,fixed,fixed
269384,336,6.088874,0.0,-0.80086166,-1.5052582,2,"[np.float32(6.088874), np.float32(5.284512)]","[np.float32(0.11587737), np.float32(0.2540094)]",0.2540094,5.284512,fixed,fixed
269384,338,4.5525913,0.0,-0.6152047,-0.80585074,1,[np.float32(5.284512)],[np.float32(0.0667954)],0.0667954,6.214031,fixed,fixed
269384,356,6.842684,0.0,-0.6863868,-0.89081335,1,[np.float32(5.4253707)],[np.float32(0.028767666)],0.028767666,7.5358305,fixed,fixed
269384,357,6.7248263,0.0,-0.8141397,-1.809466,1,[np.float32(5.877573)],[np.float32(0.32661414)],0.32661414,5.877573,fixed,fixed
269384,359,5.4253707,0.0,-0.66260225,-0.9543958,1,[np.float32(5.877573)],[np.float32(0.053859804)],0.053859804,7.5358305,fixed,fixed
269384,360,7.5358305,0.0,-0.7356784,-1.2750087,1,[np.float32(5.877573)],[np.float32(0.053509373)],0.053509373,6.842684,fixed,fixed
269384,361,6.842684,0.0,-0.73439366,-1.4268335,1,[np.float32(5.877573)],[np.float32(0.11442152)],0.11442152,7.5358305,fixed,fixed
269384,362,7.5358305,0.0,-0.73512363,-1.2750087,1,[np.float32(5.877573)],[np.float32(0.053509373)],0.053509373,7.5358305,fixed,fixed
269384,373,7.5358305,0.0,-0.7103717,-1.358078,1,[np.float32(5.4253707)],[np.float32(0.08591343)],0.08591343,7.5358305,fixed,fixed
269384,374,6.842684,0.0,-0.68588495,-0.89081335,1,[np.float32(5.4253707)],[np.float32(0.028767666)],0.028767666,7.5358305,fixed,fixed
269384,376,5.877573,0.0,-0.66094947,-0.9457287,1,[np.float32(5.4253707)],[np.float32(0.053859804)],0.053859804,6.9761195,fixed,fixed
286734,11,5.901499,0.0,-0.6507243,-0.9446309,1,[np.float32(4.411208)],[np.float32(0.08816675)],0.08816675,4.411208,fixed,fixed
286734,14,7.1303654,0.0,-0.7330989,-1.1156284,1,[np.float32(4.411208)],[np.float32(0.083557665)],0.083557665,4.411208,fixed,fixed
286734,15,5.786329,0.0,-0.66997415,-0.80653757,1,[np.float32(4.411208)],[np.float32(0.060431734)],0.060431734,4.411208,fixed,fixed
286734,16,7.5358305,0.0,-0.7341335,-1.0160102,1,[np.float32(4.411208)],[np.float32(0.05052502)],0.05052502,4.411208,fixed,fixed
286734,18,4.8111362,0.0,-0.6193661,-0.58117676,1,[np.float32(4.411208)],[np.float32(0.044807605)],0.044807605,7.5358305,fixed,fixed
286734,20,6.842684,0.0,-0.6975812,-0.7849612,1,[np.float32(4.411208)],[np.float32(0.033946827)],0.033946827,4.8111362,fixed,fixed
286734,22,7.5358305,0.0,-0.7472581,-1.2507834,1,[np.float32(4.411208)],[np.float32(0.10358117)],0.10358117,4.411208,fixed,fixed
286734,23,5.786329,0.0,-0.64979047,-0.43284288,1,[np.float32(4.411208)],[np.float32(0.01608032)],0.01608032,4.8111362,fixed,fixed
286734,24,7.5358305,0.0,-0.7472581,-1.2507834,1,[np.float32(4.411208)],[np.float32(0.10358117)],0.10358117,4.411208,fixed,fixed
286734,27,4.8111362,0.0,-0.6074593,-0.34255204,1,[np.float32(4.411208)],[np.float32(0.017441027)],0.017441027,7.5358305,fixed,fixed
286734,57,4.45615,0.0,-0.5728037,-0.4877282,1,[np.float32(5.877573)],[np.float32(0.018026534)],0.018026534,6.7248263,fixed,fixed
286734,78,6.214031,0.0,-0.7325183,-1.2203809,1,[np.float32(4.411208)],[np.float32(0.17334172)],0.17334172,4.411208,fixed,fixed
286734,80,5.977319,0.0,-0.66220814,-0.4965062,1,[np.float32(4.411208)],[np.float32(0.018846264)],0.018846264,6.088874,fixed,fixed
286734,81,5.877573,0.0,-0.6582339,-0.69803095,1,[np.float32(4.411208)],[np.float32(0.040589653)],0.040589653,5.184434,fixed,fixed
286734,82,7.5358305,0.0,-0.7465704,-1.2507834,1,[np.float32(4.411208)],[np.float32(0.10358117)],0.10358117,5.877573,fixed,fixed
286734,110,6.7248263,0.0,-0.7436777,-1.2602814,1,[np.float32(4.411208)],[np.float32(0.15543056)],0.15543056,4.411208,fixed,fixed
286734,111,5.977319,0.0,-0.671307,-0.73127955,1,[np.float32(4.411208)],[np.float32(0.043234326)],0.043234326,4.411208,fixed,fixed
286734,113,5.877573,0.0,-0.7054613,-0.9366557,1,[np.float32(4.411208)],[np.float32(0.086986564)],0.086986564,6.9761195,fixed,fixed
286734,115,7.5358305,0.0,-0.7314814,-1.0160102,1,[np.float32(4.411208)],[np.float32(0.05052502)],0.05052502,7.5358305,fixed,fixed
286734,116,6.214031,0.0,-0.69583684,-0.949105,1,[np.float32(4.411208)],[np.float32(0.077383995)],0.077383995,5.0934668,fixed,fixed
286734,120,5.0934668,0.0,-0.65246934,-0.67528695,1,[np.float32(4.411208)],[np.float32(0.054291654)],0.054291654,6.7248263,fixed,fixed
286734,125,5.877573,0.0,-0.64280206,-1.4707679,1,[np.float32(6.842684)],[np.float32(0.11442152)],0.11442152,6.9761195,fixed,fixed
286734,132,6.842684,1.0,-0.9657437,-1.4268335,1,[np.float32(5.877573)],[np.float32(0.11442152)],0.11442152,7.5358305,fixed,fixed
286734,135,5.877573,0.0,-0.6574635,-0.7222562,1,[np.float32(5.877573)],[np.float32(0.02113925)],0.02113925,6.7248263,fixed,fixed
286734,136,5.786329,0.0,-0.65887386,-1.0264486,1,[np.float32(6.842684)],[np.float32(0.03519518)],0.03519518,8.228977,fixed,fixed
286734,137,8.228977,0.0,-0.7303712,-1.5060576,1,[np.float32(5.877573)],[np.float32(0.07651761)],0.07651761,7.5358305,fixed,fixed
286734,138,7.5358305,0.0,-0.79157674,-1.8636626,1,[np.float32(6.842684)],[np.float32(0.17628156)],0.17628156,8.228977,fixed,fixed
286734,139,6.214031,0.0,-0.6616684,-0.57541037,1,[np.float32(4.411208)],[np.float32(0.022515984)],0.022515984,4.5525913,fixed,fixed
286734,141,7.1303654,0.0,-0.72363895,-1.1156284,1,[np.float32(4.411208)],[np.float32(0.083557665)],0.083557665,5.0934668,fixed,fixed
286734,155,5.877573,0.0,-0.65852064,-0.7222562,1,[np.float32(5.877573)],[np.float32(0.02113925)],0.02113925,6.7248263,fixed,fixed
286734,156,5.786329,0.0,-0.6773448,-1.0264486,1,[np.float32(6.842684)],[np.float32(0.03519518)],0.03519518,7.5358305,fixed,fixed
286734,161,5.877573,1.0,-0.9604695,-1.4707679,1,[np.float32(6.842684)],[np.float32(0.11442152)],0.11442152,6.7248263,fixed,fixed
286734,162,5.5545464,0.0,-0.6556842,-0.8538603,1,[np.float32(5.877573)],[np.float32(0.037488364)],0.037488364,7.5358305,fixed,fixed
286734,165,5.0934668,0.0,-0.6360116,-0.7001671,1,[np.float32(5.877573)],[np.float32(0.028311158)],0.028311158,6.7248263,fixed,fixed
286734,185,5.877573,0.0,-0.6706771,-0.7222562,1,[np.float32(5.877573)],[np.float32(0.02113925)],0.02113925,6.7248263,fixed,fixed
286734,245,6.7248263,0.0,-0.8148827,-1.809466,1,[np.float32(5.877573)],[np.float32(0.32661414)],0.32661414,5.877573,fixed,fixed
286734,247,5.4253707,0.0,-0.6627477,-0.9543958,1,[np.float32(5.877573)],[np.float32(0.053859804)],0.053859804,7.5358305,fixed,fixed
286734,248,7.5358305,0.0,-0.73579484,-1.2750087,1,[np.float32(5.877573)],[np.float32(0.053509373)],0.053509373,6.842684,fixed,fixed
286734,249,6.842684,0.0,-0.7346738,-1.4268335,1,[np.float32(5.877573)],[np.float32(0.11442152)],0.11442152,7.5358305,fixed,fixed
286734,250,7.5358305,0.0,-0.7352554,-1.2750087,1,[np.float32(5.877573)],[np.float32(0.053509373)],0.053509373,7.5358305,fixed,fixed
286734,338,4.5525913,0.0,-0.59001875,-1.4287801,1,[np.float32(6.214031)],[np.float32(0.18643393)],0.18643393,6.214031,fixed,fixed
286734,389,5.877573,0.0,-0.66331494,-1.9591898,1,[np.float32(6.9761195)],[np.float32(0.28801104)],0.28801104,6.9761195,fixed,fixed
286734,393,4.411208,0.0,-0.59015936,-0.5913679,2,"[np.float32(6.214031), np.float32(5.786329)]","[np.float32(0.022515984), np.float32(0.01608032)]",0.022515984,6.214031,fixed,fixed
286734,405,5.0934668,0.0,-0.62395954,-1.0167384,1,[np.float32(5.366584)],[np.float32(0.09535143)],0.09535143,6.5241694,fixed,fixed
286734,410,6.088874,0.0,-0.6711357,-1.0001935,1,[np.float32(5.786329)],[np.float32(0.048188686)],0.048188686,6.7248263,fixed,fixed
286734,416,5.184434,0.0,-0.63483495,-0.795176,1,[np.float32(5.366584)],[np.float32(0.04756625)],0.04756625,4.8615465,fixed,fixed
286734,428,4.8111362,0.0,-0.59595966,-0.72467726,1,[np.float32(6.214031)],[np.float32(0.029351974)],0.029351974,6.18106,fixed,fixed
286734,452,4.8111362,0.0,-0.592956,-0.8208317,2,"[np.float32(5.786329), np.float32(5.366584)]","[np.float32(0.048971288), np.float32(0.037656948)]",0.048971288,6.18106,fixed,fixed
286734,463,5.0301485,0.0,-0.6005345,-1.2727207,1,[np.float32(5.366584)],[np.float32(0.18958113)],0.18958113,5.366584,fixed,fixed
286734,480,6.5241694,0.0,-0.6651105,-1.2417545,1,[np.float32(5.366584)],[np.float32(0.0998975)],0.0998975,5.0934668,fixed,fixed
289833,75,5.0934668,0.0,-0.64216584,-1.2363725,1,[np.float32(6.214031)],[np.float32(0.111585006)],0.111585006,6.5241694,fixed,fixed
289833,86,5.184434,0.0,-0.61984736,-0.8491098,1,[np.float32(6.214031)],[np.float32(0.036789175)],0.036789175,6.7248263,fixed,fixed
289833,95,5.977319,0.0,-0.65607005,-0.8706591,1,[np.float32(6.214031)],[np.float32(0.027491292)],0.027491292,7.5358305,fixed,fixed
289833,98,7.5358305,0.0,-0.74681383,-1.3901631,1,[np.float32(6.214031)],[np.float32(0.06367433)],0.06367433,6.842684,fixed,fixed
289833,102,5.0934668,0.0,-0.72305906,-1.5163164,1,[np.float32(6.214031)],[np.float32(0.20743524)],0.20743524,6.7248263,fixed,fixed
289833,129,5.877573,0.0,-0.67395425,-0.8374105,1,[np.float32(6.214031)],[np.float32(0.025936576)],0.025936576,6.7248263,fixed,fixed
289833,135,5.877573,0.0,-0.6574635,-1.9591898,1,[np.float32(6.7248263)],[np.float32(0.32661414)],0.32661414,6.7248263,fixed,fixed
289833,180,5.0934668,0.0,-0.6269076,-0.9160638,1,[np.float32(5.0934668)],[np.float32(0.08184193)],0.08184193,6.7248263,fixed,fixed
289833,192,5.184434,0.0,-0.6310389,-0.6998308,1,[np.float32(5.0934668)],[np.float32(0.04016033)],0.04016033,6.7248263,fixed,fixed
289833,267,6.214031,0.0,-0.654026,-1.1858479,1,[np.float32(5.0934668)],[np.float32(0.111585006)],0.111585006,5.0934668,fixed,fixed
289833,269,7.5358305,0.0,-0.70582086,-1.2450897,1,[np.float32(5.0934668)],[np.float32(0.07239285)],0.07239285,7.5358305,fixed,fixed
289833,291,5.877573,0.0,-0.662699,-1.3107322,2,"[np.float32(5.0934668), np.float32(7.5358305)]","[np.float32(0.028311158), np.float32(0.053509373)]",0.053509373,6.7248263,fixed,fixed
289833,297,5.4253707,0.0,-0.643561,-0.5416031,1,[np.float32(5.0934668)],[np.float32(0.020732379)],0.020732379,8.228977,fixed,fixed
289833,300,7.1303654,0.0,-0.7322388,-1.3484745,1,[np.float32(5.0934668)],[np.float32(0.11897195)],0.11897195,5.0934668,fixed,fixed
289833,301,7.5358305,0.0,-0.7556662,-1.4836296,1,[np.float32(5.0934668)],[np.float32(0.14657553)],0.14657553,5.0934668,fixed,fixed
289833,302,5.5545464,0.0,-0.65205437,-0.8232016,1,[np.float32(5.0934668)],[np.float32(0.050411604)],0.050411604,5.0934668,fixed,fixed
289833,360,7.5358305,0.0,-0.71461904,-1.8634847,1,[np.float32(7.5358305)],[np.float32(0.12459149)],0.12459149,6.842684,fixed,fixed
289833,368,5.284512,0.0,-0.66082555,-0.7331901,1,[np.float32(5.0934668)],[np.float32(0.04278246)],0.04278246,6.088874,fixed,fixed
289833,377,5.4253707,0.0,-0.67770773,-1.4424306,1,[np.float32(7.5358305)],[np.float32(0.08591343)],0.08591343,7.5358305,fixed,fixed
289833,378,7.5358305,0.0,-0.7632373,-1.8634847,1,[np.float32(7.5358305)],[np.float32(0.12459149)],0.12459149,8.228977,fixed,fixed
289833,379,6.214031,0.0,-0.73931134,-1.4078817,1,[np.float32(5.0934668)],[np.float32(0.20743524)],0.20743524,5.0934668,fixed,fixed
289833,381,7.5358305,0.0,-0.73603404,-1.2450897,1,[np.float32(5.0934668)],[np.float32(0.07239285)],0.07239285,7.5358305,fixed,fixed
289833,383,6.088874,0.0,-0.69318753,-1.3811659,1,[np.float32(7.5358305)],[np.float32(0.059698556)],0.059698556,6.7248263,fixed,fixed
289833,393,4.411208,0.0,-0.59015936,-1.3816524,2,"[np.float32(5.786329), np.float32(6.214031)]","[np.float32(0.060431734), np.float32(0.17334172)]",0.17334172,6.214031,fixed,fixed
289833,398,6.7248263,0.0,-0.76178247,-1.5031306,1,[np.float32(5.0934668)],[np.float32(0.21994561)],0.21994561,5.0934668,fixed,fixed
289833,401,5.5545464,0.0,-0.6514072,-0.58466166,1,[np.float32(5.0934668)],[np.float32(0.022772891)],0.022772891,8.228977,fixed,fixed
289833,402,6.088874,0.0,-0.6754572,-1.0013107,1,[np.float32(5.0934668)],[np.float32(0.06837011)],0.06837011,4.5525913,fixed,fixed
289833,403,6.088874,0.0,-0.6843331,-0.76277083,1,[np.float32(5.0934668)],[np.float32(0.03232453)],0.03232453,6.7248263,fixed,fixed
289833,405,5.0934668,0.0,-0.65666723,-0.9160638,1,[np.float32(5.0934668)],[np.float32(0.08184193)],0.08184193,6.5241694,fixed,fixed
289833,412,7.1303654,0.0,-0.73226994,-1.3484745,1,[np.float32(5.0934668)],[np.float32(0.11897195)],0.11897195,5.0934668,fixed,fixed
289833,445,4.5525913,0.0,-0.6208501,-0.48921657,1,[np.float32(5.0934668)],[np.float32(0.025679354)],0.025679354,6.088874,fixed,fixed
289833,452,4.8111362,0.0,-0.592956,-0.72467726,1,[np.float32(6.214031)],[np.float32(0.029351974)],0.029351974,6.18106,fixed,fixed
289833,470,4.8615465,0.0,-0.6119975,-0.74148065,1,[np.float32(6.214031)],[np.float32(0.030291062)],0.030291062,5.184434,fixed,fixed
293108,8,4.8615465,0.0,-0.59315974,-1.2561784,1,[np.float32(5.184434)],[np.float32(0.2086917)],0.2086917,5.184434,fixed,fixed
293108,10,5.2083592,0.0,-0.6123656,-0.9875438,1,[np.float32(5.184434)],[np.float32(0.09186398)],0.09186398,4.8615465,fixed,fixed
293108,12,4.411208,0.0,-0.5650759,-0.5913679,1,[np.float32(6.214031)],[np.float32(0.022515984)],0.022515984,6.214031,fixed,fixed
293108,18,4.8111362,0.0,-0.5977445,-0.85513616,1,[np.float32(5.184434)],[np.float32(0.07331457)],0.07331457,7.5358305,fixed,fixed
293108,21,6.088874,0.0,-0.66197217,-0.79362255,1,[np.float32(5.184434)],[np.float32(0.034148183)],0.034148183,6.7248263,fixed,fixed
293108,27,4.8111362,0.0,-0.59878355,-0.72467726,1,[np.float32(6.214031)],[np.float32(0.029351974)],0.029351974,7.5358305,fixed,fixed
293108,30,4.5525913,0.0,-0.5823696,-1.4287801,2,"[np.float32(6.214031), np.float32(6.088874)]","[np.float32(0.18643393), np.float32(0.105595194)]",0.18643393,6.214031,fixed,fixed
293108,36,5.0301485,0.0,-0.6025215,-0.67999387,1,[np.float32(5.184434)],[np.float32(0.038555223)],0.038555223,5.1152887,fixed,fixed
293108,38,5.1152887,0.0,-0.60793376,-0.70837396,1,[np.float32(5.184434)],[np.float32(0.040722754)],0.040722754,5.0301485,fixed,fixed
293108,71,6.9761195,0.0,-0.6960244,-1.5279642,1,[np.float32(5.184434)],[np.float32(0.20308375)],0.20308375,5.184434,fixed,fixed
293108,73,5.625983,0.0,-0.6443996,-0.6393257,1,[np.float32(5.184434)],[np.float32(0.025467675)],0.025467675,5.184434,fixed,fixed
293108,81,5.877573,0.0,-0.6879296,-1.210615,1,[np.float32(5.184434)],[np.float32(0.13178323)],0.13178323,5.184434,fixed,fixed
293108,86,5.184434,0.0,-0.651797,-0.9795687,1,[np.float32(5.184434)],[np.float32(0.09065181)],0.09065181,6.7248263,fixed,fixed
293108,88,7.1303654,0.0,-0.7267076,-1.3800663,1,[np.float32(5.184434)],[np.float32(0.12464258)],0.12464258,5.184434,fixed,fixed
293108,113,5.877573,0.0,-0.6712413,-1.4707679,1,[np.float32(6.842684)],[np.float32(0.11442152)],0.11442152,6.9761195,fixed,fixed
293108,114,8.228977,0.0,-0.75443214,-1.5069904,1,[np.float32(5.184434)],[np.float32(0.10851108)],0.10851108,5.184434,fixed,fixed
293108,123,5.786329,0.0,-0.6772644,-1.0264486,1,[np.float32(6.842684)],[np.float32(0.03519518)],0.03519518,7.5358305,fixed,fixed
293108,124,7.5358305,0.0,-0.79151237,-1.8636626,1,[np.float32(6.842684)],[np.float32(0.17628156)],0.17628156,8.228977,fixed,fixed
293108,142,5.786329,0.0,-0.67030466,-1.0264486,1,[np.float32(6.842684)],[np.float32(0.03519518)],0.03519518,6.088874,fixed,fixed
293108,148,5.877573,0.0,-0.71130157,-1.4707679,1,[np.float32(6.842684)],[np.float32(0.11442152)],0.11442152,6.7248263,fixed,fixed
293108,169,6.088874,0.0,-0.656715,-1.3587313,1,[np.float32(6.088874)],[np.float32(0.11587737)],0.11587737,4.5525913,fixed,fixed
293108,172,5.0934668,0.0,-0.668569,-1.0269289,1,[np.float32(6.088874)],[np.float32(0.06837011)],0.06837011,6.9761195,fixed,fixed
293108,256,5.284512,0.0,-0.74257606,-1.6024088,1,[np.float32(6.088874)],[np.float32(0.2540094)],0.2540094,6.088874,fixed,fixed
293108,290,6.088874,0.0,-0.6958129,-1.3587313,1,[np.float32(6.088874)],[np.float32(0.11587737)],0.11587737,5.284512,fixed,fixed
306185,57,4.45615,0.0,-0.5728037,-0.4877282,1,[np.float32(5.877573)],[np.float32(0.018026534)],0.018026534,6.7248263,fixed,fixed
306185,102,5.0934668,0.0,-0.63223386,-0.9160638,1,[np.float32(5.0934668)],[np.float32(0.08184193)],0.08184193,6.7248263,fixed,fixed
306185,107,5.284512,0.0,-0.62911916,-0.7331901,1,[np.float32(5.0934668)],[np.float32(0.04278246)],0.04278246,6.088874,fixed,fixed
306185,132,6.842684,0.0,-0.6863613,-1.4268335,1,[np.float32(5.877573)],[np.float32(0.11442152)],0.11442152,7.5358305,fixed,fixed
306185,135,5.877573,0.0,-0.6574635,-0.7222562,2,"[np.float32(5.877573), np.float32(5.0934668)]","[np.float32(0.02113925), np.float32(0.028311158)]",0.028311158,6.7248263,fixed,fixed
306185,137,8.228977,0.0,-0.7303712,-1.5060576,1,[np.float32(5.877573)],[np.float32(0.07651761)],0.07651761,7.5358305,fixed,fixed
306185,155,5.877573,0.0,-0.65852064,-0.7222562,1,[np.float32(5.877573)],[np.float32(0.02113925)],0.02113925,6.7248263,fixed,fixed
306185,162,5.5545464,0.0,-0.6556842,-0.8538603,1,[np.float32(5.877573)],[np.float32(0.037488364)],0.037488364,7.5358305,fixed,fixed
306185,165,5.0934668,0.0,-0.6360116,-0.7001671,1,[np.float32(5.877573)],[np.float32(0.028311158)],0.028311158,6.7248263,fixed,fixed
306185,180,5.0934668,0.0,-0.6269076,-0.7001671,1,[np.float32(5.877573)],[np.float32(0.028311158)],0.028311158,6.7248263,fixed,fixed
306185,182,5.877573,0.0,-0.6632189,-1.9591898,1,[np.float32(6.7248263)],[np.float32(0.32661414)],0.32661414,6.7248263,fixed,fixed
306185,185,5.877573,0.0,-0.6706771,-0.7222562,1,[np.float32(5.877573)],[np.float32(0.02113925)],0.02113925,6.7248263,fixed,fixed
306185,211,6.842684,0.0,-0.6858661,-1.4268335,1,[np.float32(5.877573)],[np.float32(0.11442152)],0.11442152,7.5358305,fixed,fixed
306185,215,7.5358305,0.0,-0.7063099,-1.2750087,2,"[np.float32(5.0934668), np.float32(5.877573)]","[np.float32(0.07239285), np.float32(0.053509373)]",0.07239285,7.5358305,fixed,fixed
306185,216,6.214031,0.0,-0.6564195,-1.4078817,2,"[np.float32(5.0934668), np.float32(5.877573)]","[np.float32(0.20743524), np.float32(0.025936576)]",0.20743524,5.0934668,fixed,fixed
306185,218,6.214031,0.0,-0.6541547,-1.422885,1,[np.float32(7.5358305)],[np.float32(0.06367433)],0.06367433,5.284512,fixed,fixed
306185,219,8.228977,0.0,-0.7301102,-2.0945337,1,[np.float32(7.5358305)],[np.float32(0.17652911)],0.17652911,7.5358305,fixed,fixed
306185,220,6.842684,0.0,-0.68632084,-1.9148684,1,[np.float32(7.5358305)],[np.float32(0.17628156)],0.17628156,7.5358305,fixed,fixed
306185,222,7.1303654,0.0,-0.72953147,-1.3484745,1,[np.float32(5.0934668)],[np.float32(0.11897195)],0.11897195,5.0934668,fixed,fixed
306185,223,5.5545464,0.0,-0.6518166,-0.58466166,1,[np.float32(5.0934668)],[np.float32(0.022772891)],0.022772891,8.228977,fixed,fixed
306185,224,6.088874,0.0,-0.6758099,-1.0013107,1,[np.float32(5.0934668)],[np.float32(0.06837011)],0.06837011,5.284512,fixed,fixed
306185,225,7.5358305,1.0,-0.9598201,-1.2750087,1,[np.float32(5.877573)],[np.float32(0.053509373)],0.053509373,8.228977,fixed,fixed
306185,226,5.284512,0.0,-0.64472926,-0.7331901,1,[np.float32(5.0934668)],[np.float32(0.04278246)],0.04278246,6.088874,fixed,fixed
306185,240,5.877573,0.0,-0.65819,-0.7222562,1,[np.float32(5.877573)],[np.float32(0.02113925)],0.02113925,6.7248263,fixed,fixed
306185,243,7.5358305,0.0,-0.75777906,-1.8634847,1,[np.float32(7.5358305)],[np.float32(0.12459149)],0.12459149,7.5358305,fixed,fixed
306185,245,6.7248263,0.0,-0.8148827,-1.809466,1,[np.float32(5.877573)],[np.float32(0.32661414)],0.32661414,5.877573,fixed,fixed
306185,246,5.877573,1.0,-0.95470953,-1.3107322,1,[np.float32(7.5358305)],[np.float32(0.053509373)],0.053509373,6.7248263,fixed,fixed
306185,247,5.4253707,0.0,-0.6859148,-0.9543958,2,"[np.float32(5.877573), np.float32(5.877573)]","[np.float32(0.053859804), np.float32(0.053859804)]",0.053859804,7.5358305,fixed,fixed
306185,248,7.5358305,0.0,-0.73579484,-1.2750087,1,[np.float32(5.877573)],[np.float32(0.053509373)],0.053509373,6.842684,fixed,fixed
306185,249,6.842684,0.0,-0.7346738,-1.4268335,1,[np.float32(5.877573)],[np.float32(0.11442152)],0.11442152,7.5358305,fixed,fixed
306185,250,7.5358305,0.0,-0.7352554,-1.2750087,1,[np.float32(5.877573)],[np.float32(0.053509373)],0.053509373,7.5358305,fixed,fixed
306185,252,5.877573,0.0,-0.6769426,-0.7222562,2,"[np.float32(5.0934668), np.float32(5.877573)]","[np.float32(0.028311158), np.float32(0.02113925)]",0.028311158,6.7248263,fixed,fixed
306185,262,6.842684,0.0,-0.68588495,-1.4268335,1,[np.float32(5.877573)],[np.float32(0.11442152)],0.11442152,7.5358305,fixed,fixed
306185,264,5.877573,0.0,-0.6623433,-0.7222562,1,[np.float32(5.877573)],[np.float32(0.02113925)],0.02113925,6.7248263,fixed,fixed
306185,271,5.877573,0.0,-0.6675929,-0.7222562,1,[np.float32(5.877573)],[np.float32(0.02113925)],0.02113925,6.7248263,fixed,fixed
306185,287,8.228977,0.0,-0.7304338,-1.5060576,1,[np.float32(5.877573)],[np.float32(0.07651761)],0.07651761,7.5358305,fixed,fixed
306185,288,6.214031,0.0,-0.6578562,-0.83440894,1,[np.float32(5.877573)],[np.float32(0.025936576)],0.025936576,5.284512,fixed,fixed
306185,292,5.977319,0.0,-0.6789169,-0.9947844,1,[np.float32(5.877573)],[np.float32(0.04764821)],0.04764821,7.5358305,fixed,fixed
306185,293,5.0934668,0.0,-0.6350441,-0.7001671,1,[np.float32(5.877573)],[np.float32(0.028311158)],0.028311158,6.7248263,fixed,fixed
306185,295,5.877573,0.0,-0.6718708,-0.7222562,1,[np.float32(5.877573)],[np.float32(0.02113925)],0.02113925,6.7248263,fixed,fixed
306185,309,6.7248263,0.0,-0.7572862,-1.5031306,1,[np.float32(5.0934668)],[np.float32(0.21994561)],0.21994561,5.0934668,fixed,fixed
306185,310,5.5545464,0.0,-0.6508845,-0.8232016,1,[np.float32(5.0934668)],[np.float32(0.050411604)],0.050411604,5.0934668,fixed,fixed
306185,317,5.184434,0.0,-0.62850195,-0.6998308,1,[np.float32(5.0934668)],[np.float32(0.04016033)],0.04016033,6.9761195,fixed,fixed
306185,318,6.7248263,0.0,-0.81363857,-1.809466,1,[np.float32(5.877573)],[np.float32(0.32661414)],0.32661414,5.877573,fixed,fixed
306185,320,7.5358305,0.0,-0.7529962,-1.4836296,1,[np.float32(5.0934668)],[np.float32(0.14657553)],0.14657553,5.0934668,fixed,fixed
306185,321,5.4253707,0.0,-0.66692984,-0.9543958,2,"[np.float32(5.0934668), np.float32(5.877573)]","[np.float32(0.020732379), np.float32(0.053859804)]",0.053859804,8.228977,fixed,fixed
306185,322,7.5358305,0.0,-0.7413098,-1.2750087,1,[np.float32(5.877573)],[np.float32(0.053509373)],0.053509373,8.228977,fixed,fixed
306185,323,6.842684,0.0,-0.7342051,-1.4268335,1,[np.float32(5.877573)],[np.float32(0.11442152)],0.11442152,7.5358305,fixed,fixed
306185,324,7.5358305,0.0,-0.73503506,-1.2750087,1,[np.float32(5.877573)],[np.float32(0.053509373)],0.053509373,7.5358305,fixed,fixed
306185,327,7.5358305,0.0,-0.73540074,-1.2450897,1,[np.float32(5.0934668)],[np.float32(0.07239285)],0.07239285,7.5358305,fixed,fixed
306185,328,6.357125,0.0,-0.70860016,-1.2335458,1,[np.float32(5.0934668)],[np.float32(0.12033005)],0.12033005,5.0934668,fixed,fixed
306185,333,5.0934668,0.0,-0.6613922,-0.9160638,1,[np.float32(5.0934668)],[np.float32(0.08184193)],0.08184193,6.9761195,fixed,fixed
306185,334,7.1303654,0.0,-0.7296065,-1.3484745,1,[np.float32(5.0934668)],[np.float32(0.11897195)],0.11897195,5.0934668,fixed,fixed
306185,354,7.5358305,0.0,-0.7465427,-1.2750087,1,[np.float32(5.877573)],[np.float32(0.053509373)],0.053509373,8.228977,fixed,fixed
306185,369,6.7248263,0.0,-0.8137953,-1.809466,1,[np.float32(5.877573)],[np.float32(0.32661414)],0.32661414,5.877573,fixed,fixed
306185,371,5.786329,0.0,-0.67878526,-1.0747151,1,[np.float32(5.877573)],[np.float32(0.06569621)],0.06569621,8.228977,fixed,fixed
306185,373,7.5358305,0.0,-0.7328882,-1.2750087,1,[np.float32(5.877573)],[np.float32(0.053509373)],0.053509373,7.5358305,fixed,fixed
306185,374,6.842684,0.0,-0.7342641,-1.4268335,1,[np.float32(5.877573)],[np.float32(0.11442152)],0.11442152,7.5358305,fixed,fixed
315962,192,5.184434,0.0,-0.6310389,-0.9795687,1,[np.float32(5.184434)],[np.float32(0.09065181)],0.09065181,6.7248263,fixed,fixed
315962,201,5.877573,0.0,-0.64547443,-0.9019987,1,[np.float32(5.0099363)],[np.float32(0.057961278)],0.057961278,5.184434,fixed,fixed
315962,205,5.184434,0.0,-0.6196618,-0.9161854,1,[np.float32(5.0099363)],[np.float32(0.08219252)],0.08219252,6.7248263,fixed,fixed
315962,238,5.0934668,0.0,-0.6296454,-0.64062995,1,[np.float32(5.0099363)],[np.float32(0.03582518)],0.03582518,6.7248263,fixed,fixed
315962,240,5.877573,0.0,-0.65819,-1.9591898,1,[np.float32(6.7248263)],[np.float32(0.32661414)],0.32661414,6.7248263,fixed,fixed
315962,244,6.842684,0.0,-0.6863868,-1.4268335,1,[np.float32(5.877573)],[np.float32(0.11442152)],0.11442152,7.5358305,fixed,fixed
315962,246,5.877573,0.0,-0.6630126,-0.7222562,1,[np.float32(5.877573)],[np.float32(0.02113925)],0.02113925,6.7248263,fixed,fixed
315962,261,7.5358305,0.0,-0.7103717,-1.2750087,1,[np.float32(5.877573)],[np.float32(0.053509373)],0.053509373,7.5358305,fixed,fixed
315962,264,5.877573,0.0,-0.6623433,-0.7222562,1,[np.float32(5.877573)],[np.float32(0.02113925)],0.02113925,6.7248263,fixed,fixed
315962,271,5.877573,1.0,-0.953217,-1.0725757,1,[np.float32(5.786329)],[np.float32(0.06569621)],0.06569621,6.7248263,fixed,fixed
315962,272,5.786329,0.0,-0.6867914,-1.0747151,1,[np.float32(5.877573)],[np.float32(0.06569621)],0.06569621,7.5358305,fixed,fixed
315962,273,7.5358305,0.0,-0.74166185,-1.2750087,1,[np.float32(5.877573)],[np.float32(0.053509373)],0.053509373,6.842684,fixed,fixed
315962,277,5.877573,0.0,-0.6724312,-0.7222562,1,[np.float32(5.877573)],[np.float32(0.02113925)],0.02113925,6.7248263,fixed,fixed
315962,280,5.877573,0.0,-0.6446945,-1.210615,1,[np.float32(5.184434)],[np.float32(0.13178323)],0.13178323,5.184434,fixed,fixed
315962,295,5.877573,0.0,-0.67206526,-0.7222562,1,[np.float32(5.877573)],[np.float32(0.02113925)],0.02113925,6.7248263,fixed,fixed
315962,298,5.877573,0.0,-0.66235393,-0.72318894,1,[np.float32(5.184434)],[np.float32(0.029987883)],0.029987883,6.7248263,fixed,fixed
315962,303,8.228977,0.0,-0.7257383,-1.5069904,1,[np.float32(5.184434)],[np.float32(0.10851108)],0.10851108,5.184434,fixed,fixed
315962,305,7.1303654,0.0,-0.7339737,-1.3800663,1,[np.float32(5.184434)],[np.float32(0.12464258)],0.12464258,5.184434,fixed,fixed
315962,306,5.625983,0.0,-0.64616054,-0.6393257,1,[np.float32(5.184434)],[np.float32(0.025467675)],0.025467675,5.184434,fixed,fixed
315962,312,5.977319,0.0,-0.6514036,-0.69732624,1,[np.float32(5.0099363)],[np.float32(0.028617572)],0.028617572,5.877573,fixed,fixed
315962,314,7.5358305,0.0,-0.7284086,-1.2168301,1,[np.float32(5.0099363)],[np.float32(0.069318235)],0.069318235,5.0934668,fixed,fixed
315962,317,5.184434,0.0,-0.69425976,-1.2017678,1,[np.float32(5.0099363)],[np.float32(0.18143204)],0.18143204,6.9761195,fixed,fixed
315962,323,6.842684,0.0,-0.6858661,-1.0129257,1,[np.float32(5.786329)],[np.float32(0.03519518)],0.03519518,7.5358305,fixed,fixed
315962,324,7.5358305,0.0,-0.71126753,-1.4825125,1,[np.float32(5.786329)],[np.float32(0.10332351)],0.10332351,7.5358305,fixed,fixed
315962,329,7.5358305,0.0,-0.74214774,-1.2750087,1,[np.float32(5.877573)],[np.float32(0.053509373)],0.053509373,6.842684,fixed,fixed
315962,346,6.214031,0.0,-0.67361814,-0.7762304,1,[np.float32(5.0099363)],[np.float32(0.03316943)],0.03316943,4.45615,fixed,fixed
315962,348,6.842684,0.0,-0.68584555,-1.0129257,1,[np.float32(5.786329)],[np.float32(0.03519518)],0.03519518,7.5358305,fixed,fixed
315962,351,6.7248263,0.0,-0.8179127,-1.809466,1,[np.float32(5.877573)],[np.float32(0.32661414)],0.32661414,5.877573,fixed,fixed
315962,352,6.088874,0.0,-0.6681903,-1.1430093,1,[np.float32(5.786329)],[np.float32(0.07359712)],0.07359712,6.7248263,fixed,fixed
315962,353,5.786329,1.0,-0.95294034,-1.0747151,1,[np.float32(5.877573)],[np.float32(0.06569621)],0.06569621,7.5358305,fixed,fixed
315962,355,7.5358305,0.0,-0.73305625,-1.2750087,1,[np.float32(5.877573)],[np.float32(0.053509373)],0.053509373,7.5358305,fixed,fixed
315962,356,6.842684,0.0,-0.7358243,-1.4268335,1,[np.float32(5.877573)],[np.float32(0.11442152)],0.11442152,7.5358305,fixed,fixed
315962,379,6.214031,0.0,-0.6682227,-0.8353417,1,[np.float32(5.184434)],[np.float32(0.036789175)],0.036789175,5.0934668,fixed,fixed
315962,392,5.877573,0.0,-0.7323852,-1.3951551,1,[np.float32(5.184434)],[np.float32(0.2165618)],0.2165618,5.184434,fixed,fixed
315962,405,5.0934668,0.0,-0.6396482,-0.70109993,1,[np.float32(5.184434)],[np.float32(0.04016033)],0.04016033,6.5241694,fixed,fixed
315962,406,6.7248263,0.0,-0.7649372,-1.5367365,1,[np.float32(5.184434)],[np.float32(0.23030394)],0.23030394,5.184434,fixed,fixed
315962,409,5.4253707,0.0,-0.6547788,-0.8117346,1,[np.float32(5.184434)],[np.float32(0.049271513)],0.049271513,8.228977,fixed,fixed
315962,410,6.088874,0.0,-0.684441,-0.79362255,1,[np.float32(5.184434)],[np.float32(0.034148183)],0.034148183,6.7248263,fixed,fixed
315962,413,7.5358305,0.0,-0.7289871,-1.2759415,1,[np.float32(5.184434)],[np.float32(0.07588504)],0.07588504,5.0934668,fixed,fixed
315962,415,8.228977,0.0,-0.76897913,-1.5069904,1,[np.float32(5.184434)],[np.float32(0.10851108)],0.10851108,5.184434,fixed,fixed
315962,416,5.184434,0.0,-0.66991085,-0.9795687,1,[np.float32(5.184434)],[np.float32(0.09065181)],0.09065181,4.8615465,fixed,fixed
315962,417,7.1303654,0.0,-0.7335991,-1.3800663,1,[np.float32(5.184434)],[np.float32(0.12464258)],0.12464258,5.184434,fixed,fixed
315962,420,4.951692,0.0,-0.6159388,-0.5933717,1,[np.float32(5.0099363)],[np.float32(0.032502197)],0.032502197,5.487917,fixed,fixed
315962,452,4.8111362,0.0,-0.592956,-1.2522821,1,[np.float32(6.18106)],[np.float32(0.12722044)],0.12722044,6.18106,fixed,fixed
332515,102,5.0934668,0.0,-0.63223386,-1.697821,1,[np.float32(6.7248263)],[np.float32(0.21994561)],0.21994561,6.7248263,fixed,fixed
332515,129,5.877573,0.0,-0.6630126,-1.4707679,1,[np.float32(6.842684)],[np.float32(0.11442152)],0.11442152,6.7248263,fixed,fixed
332515,214,5.977319,0.0,-0.67267716,-1.090112,1,[np.float32(6.842684)],[np.float32(0.03904639)],0.03904639,7.5358305,fixed,fixed
332515,217,7.5358305,0.0,-0.78674966,-1.8636626,1,[np.float32(6.842684)],[np.float32(0.17628156)],0.17628156,6.842684,fixed,fixed
332515,241,5.786329,0.0,-0.67554337,-1.0264486,1,[np.float32(6.842684)],[np.float32(0.03519518)],0.03519518,7.5358305,fixed,fixed
332515,246,5.877573,0.0,-0.71197224,-1.4707679,1,[np.float32(6.842684)],[np.float32(0.11442152)],0.11442152,6.7248263,fixed,fixed
332515,271,5.877573,0.0,-0.6587469,-1.9591898,1,[np.float32(6.7248263)],[np.float32(0.32661414)],0.32661414,6.7248263,fixed,fixed
332515,362,7.5358305,0.0,-0.7112918,-1.8634847,1,[np.float32(7.5358305)],[np.float32(0.12459149)],0.12459149,7.5358305,fixed,fixed
332515,379,6.214031,0.0,-0.6540225,-1.422885,1,[np.float32(7.5358305)],[np.float32(0.06367433)],0.06367433,5.0934668,fixed,fixed
332515,380,6.842684,0.0,-0.68590754,-1.9148684,1,[np.float32(7.5358305)],[np.float32(0.17628156)],0.17628156,7.5358305,fixed,fixed
332515,381,7.5358305,0.0,-0.70585275,-1.8634847,1,[np.float32(7.5358305)],[np.float32(0.12459149)],0.12459149,7.5358305,fixed,fixed
332515,383,6.088874,0.0,-0.6677075,-1.3811659,1,[np.float32(7.5358305)],[np.float32(0.059698556)],0.059698556,6.7248263,fixed,fixed
358969,12,4.411208,0.0,-0.60395396,-0.9988746,1,[np.float32(5.901499)],[np.float32(0.08816675)],0.08816675,6.214031,fixed,fixed
358969,18,4.8111362,0.0,-0.6535547,-1.1321839,2,"[np.float32(5.901499), np.float32(5.0301485)]","[np.float32(0.109549694), np.float32(0.06689753)]",0.109549694,7.5358305,fixed,fixed
358969,25,5.2083592,0.0,-0.61269134,-0.95436126,1,[np.float32(5.0934668)],[np.float32(0.087324865)],0.087324865,4.5525913,fixed,fixed
358969,27,4.8111362,0.0,-0.59878355,-0.5753982,1,[np.float32(5.0934668)],[np.float32(0.031217033)],0.031217033,7.5358305,fixed,fixed
358969,30,4.5525913,0.0,-0.5823696,-0.88719004,1,[np.float32(5.0934668)],[np.float32(0.093068875)],0.093068875,6.214031,fixed,fixed
358969,35,5.977319,0.0,-0.65265644,-0.7041583,1,[np.float32(5.0301485)],[np.float32(0.028986992)],0.028986992,5.0301485,fixed,fixed
358969,37,7.5358305,0.0,-0.73236156,-1.2236623,1,[np.float32(5.0301485)],[np.float32(0.0700509)],0.0700509,4.8111362,fixed,fixed
358969,38,5.1152887,0.0,-0.690715,-1.162496,1,[np.float32(5.0301485)],[np.float32(0.1660328)],0.1660328,5.0301485,fixed,fixed
358969,48,4.5525913,0.0,-0.59250534,-0.46731496,1,[np.float32(5.0301485)],[np.float32(0.024382805)],0.024382805,6.088874,fixed,fixed
358969,55,5.2083592,0.0,-0.61269134,-0.7078059,1,[np.float32(5.0934668)],[np.float32(0.0407778)],0.0407778,4.951692,fixed,fixed
358969,60,4.951692,0.0,-0.6073078,-0.8688056,1,[np.float32(5.0934668)],[np.float32(0.07544661)],0.07544661,5.2083592,fixed,fixed
358969,72,5.184434,0.0,-0.6679856,-0.67792916,1,[np.float32(5.0301485)],[np.float32(0.038555223)],0.038555223,4.8615465,fixed,fixed
358969,75,5.0934668,0.0,-0.67357796,-0.8931484,1,[np.float32(5.0301485)],[np.float32(0.078936815)],0.078936815,6.5241694,fixed,fixed
358969,83,5.877573,0.0,-0.6551839,-0.6709097,1,[np.float32(5.0301485)],[np.float32(0.02717884)],0.02717884,6.9761195,fixed,fixed
358969,151,6.357125,0.0,-0.6705086,-1.3805634,1,[np.float32(5.0934668)],[np.float32(0.18210293)],0.18210293,5.0934668,fixed,fixed
358969,153,7.5358305,0.0,-0.7113972,-1.2450897,1,[np.float32(5.0934668)],[np.float32(0.07239285)],0.07239285,7.5358305,fixed,fixed
358969,171,6.9761195,0.0,-0.6960244,-1.4951938,1,[np.float32(5.0934668)],[np.float32(0.19394967)],0.19394967,5.0934668,fixed,fixed
358969,175,5.5545464,0.0,-0.64952856,-0.58466166,1,[np.float32(5.0934668)],[np.float32(0.022772891)],0.022772891,8.228977,fixed,fixed
358969,176,6.088874,0.0,-0.6719625,-1.0013107,1,[np.float32(5.0934668)],[np.float32(0.06837011)],0.06837011,5.284512,fixed,fixed
358969,177,5.877573,0.0,-0.6717072,-0.6923372,1,[np.float32(5.0934668)],[np.float32(0.028311158)],0.028311158,6.7248263,fixed,fixed
358969,180,5.0934668,0.0,-0.6548371,-0.9160638,1,[np.float32(5.0934668)],[np.float32(0.08184193)],0.08184193,6.7248263,fixed,fixed
358969,187,5.4253707,0.0,-0.653599,-1.0266985,1,[np.float32(5.0934668)],[np.float32(0.098482996)],0.098482996,5.0934668,fixed,fixed
358969,188,7.1303654,0.0,-0.72378093,-1.3484745,1,[np.float32(5.0934668)],[np.float32(0.11897195)],0.11897195,5.0934668,fixed,fixed
358969,256,5.284512,0.0,-0.6602407,-0.7331901,1,[np.float32(5.0934668)],[np.float32(0.04278246)],0.04278246,6.088874,fixed,fixed
358969,298,5.877573,0.0,-0.66235393,-1.4707679,1,[np.float32(6.842684)],[np.float32(0.11442152)],0.11442152,6.7248263,fixed,fixed
358969,304,5.184434,0.0,-0.6350822,-0.81590843,1,[np.float32(5.4253707)],[np.float32(0.049271513)],0.049271513,6.7248263,fixed,fixed
358969,388,6.842684,1.0,-0.9656466,-0.89081335,1,[np.float32(5.4253707)],[np.float32(0.028767666)],0.028767666,7.5358305,fixed,fixed
358969,390,5.5545464,0.0,-0.6535191,-0.9491878,1,[np.float32(6.842684)],[np.float32(0.030949712)],0.030949712,7.5358305,fixed,fixed
358969,391,7.5358305,0.0,-0.78452986,-1.8636626,1,[np.float32(6.842684)],[np.float32(0.17628156)],0.17628156,8.228977,fixed,fixed
358969,405,5.0934668,0.0,-0.62395954,-0.54395676,1,[np.float32(5.4253707)],[np.float32(0.020732379)],0.020732379,6.5241694,fixed,fixed
358969,407,5.877573,0.0,-0.66313875,-0.9457287,1,[np.float32(5.4253707)],[np.float32(0.053859804)],0.053859804,6.9761195,fixed,fixed
358969,408,8.228977,0.0,-0.7303202,-1.3529111,1,[np.float32(5.4253707)],[np.float32(0.060737602)],0.060737602,7.5358305,fixed,fixed
358969,409,5.4253707,1.0,-0.9475729,-0.9061293,1,[np.float32(6.842684)],[np.float32(0.028767666)],0.028767666,8.228977,fixed,fixed
358969,410,6.088874,0.0,-0.72503525,-1.5412015,1,[np.float32(6.842684)],[np.float32(0.12746923)],0.12746923,6.7248263,fixed,fixed
401141,7,5.977319,0.0,-0.65440387,-0.64727956,1,[np.float32(4.8615465)],[np.float32(0.025992488)],0.025992488,4.8615465,fixed,fixed
401141,9,7.5358305,0.0,-0.74114144,-1.1667835,1,[np.float32(4.8615465)],[np.float32(0.064151175)],0.064151175,4.8615465,fixed,fixed
401141,10,5.2083592,0.0,-0.69632155,-1.1277764,1,[np.float32(4.8615465)],[np.float32(0.1595158)],0.1595158,4.8615465,fixed,fixed
401141,18,4.8111362,0.0,-0.61091137,-0.4955001,1,[np.float32(4.8615465)],[np.float32(0.026210686)],0.026210686,7.5358305,fixed,fixed
401141,21,6.088874,0.0,-0.66197217,-2.0296233,1,[np.float32(6.7248263)],[np.float32(0.36320382)],0.36320382,6.7248263,fixed,fixed
401141,25,5.2083592,0.0,-0.61269134,-0.95436126,1,[np.float32(5.0934668)],[np.float32(0.087324865)],0.087324865,4.5525913,fixed,fixed
401141,27,4.8111362,0.0,-0.59878355,-0.5753982,1,[np.float32(5.0934668)],[np.float32(0.031217033)],0.031217033,7.5358305,fixed,fixed
401141,29,6.088874,0.0,-0.6623435,-1.1430093,1,[np.float32(5.786329)],[np.float32(0.07359712)],0.07359712,6.7248263,fixed,fixed
401141,30,4.5525913,0.0,-0.5823696,-0.88719004,2,"[np.float32(5.786329), np.float32(5.0934668)]","[np.float32(0.018084316), np.float32(0.093068875)]",0.093068875,6.214031,fixed,fixed
401141,55,5.2083592,0.0,-0.61269134,-0.7078059,1,[np.float32(5.0934668)],[np.float32(0.0407778)],0.0407778,4.951692,fixed,fixed
401141,60,4.951692,0.0,-0.6073078,-0.8688056,1,[np.float32(5.0934668)],[np.float32(0.07544661)],0.07544661,5.2083592,fixed,fixed
401141,72,5.184434,0.0,-0.73845446,-1.2275537,1,[np.float32(4.8615465)],[np.float32(0.2086917)],0.2086917,4.8615465,fixed,fixed
401141,78,6.214031,0.0,-0.66666335,-0.7261837,1,[np.float32(4.8615465)],[np.float32(0.030291062)],0.030291062,4.411208,fixed,fixed
401141,81,5.877573,0.0,-0.6645849,-0.85097903,1,[np.float32(4.8615465)],[np.float32(0.0532357)],0.0532357,5.184434,fixed,fixed
401141,113,5.877573,0.0,-0.6712413,-1.5930758,1,[np.float32(8.228977)],[np.float32(0.07651761)],0.07651761,6.9761195,fixed,fixed
401141,118,6.842684,0.0,-0.68392605,-1.0129257,1,[np.float32(5.786329)],[np.float32(0.03519518)],0.03519518,7.5358305,fixed,fixed
401141,119,8.228977,1.0,-0.9760535,-1.4750236,1,[np.float32(5.786329)],[np.float32(0.07304597)],0.07304597,7.5358305,fixed,fixed
401141,120,5.0934668,0.0,-0.6295801,-0.91494185,1,[np.float32(5.786329)],[np.float32(0.05768841)],0.05768841,6.7248263,fixed,fixed
401141,124,7.5358305,0.0,-0.79264283,-2.1458282,1,[np.float32(8.228977)],[np.float32(0.17652911)],0.17652911,8.228977,fixed,fixed
401141,142,5.786329,1.0,-0.9549548,-1.5626608,1,[np.float32(8.228977)],[np.float32(0.07304597)],0.07304597,6.088874,fixed,fixed
401141,151,6.357125,0.0,-0.6705086,-1.3805634,1,[np.float32(5.0934668)],[np.float32(0.18210293)],0.18210293,5.0934668,fixed,fixed
401141,153,7.5358305,0.0,-0.7113972,-1.2450897,1,[np.float32(5.0934668)],[np.float32(0.07239285)],0.07239285,7.5358305,fixed,fixed
401141,171,6.9761195,0.0,-0.6960244,-1.4951938,1,[np.float32(5.0934668)],[np.float32(0.19394967)],0.19394967,5.0934668,fixed,fixed
401141,175,5.5545464,0.0,-0.64952856,-0.58466166,1,[np.float32(5.0934668)],[np.float32(0.022772891)],0.022772891,8.228977,fixed,fixed
401141,176,6.088874,0.0,-0.6719625,-1.0013107,1,[np.float32(5.0934668)],[np.float32(0.06837011)],0.06837011,5.284512,fixed,fixed
401141,177,5.877573,0.0,-0.6717072,-0.6923372,1,[np.float32(5.0934668)],[np.float32(0.028311158)],0.028311158,6.7248263,fixed,fixed
401141,180,5.0934668,0.0,-0.6548371,-0.9160638,1,[np.float32(5.0934668)],[np.float32(0.08184193)],0.08184193,6.7248263,fixed,fixed
401141,187,5.4253707,0.0,-0.653599,-1.0266985,1,[np.float32(5.0934668)],[np.float32(0.098482996)],0.098482996,5.0934668,fixed,fixed
401141,188,7.1303654,0.0,-0.723781,-1.3484745,1,[np.float32(5.0934668)],[np.float32(0.11897195)],0.11897195,5.0934668,fixed,fixed
401141,256,5.284512,0.0,-0.6602407,-0.7331901,1,[np.float32(5.0934668)],[np.float32(0.04278246)],0.04278246,6.088874,fixed,fixed
403175,40,4.8111362,0.0,-0.59804094,-1.0073801,1,[np.float32(5.877573)],[np.float32(0.07992371)],0.07992371,7.5358305,fixed,fixed
403175,43,6.088874,0.0,-0.6618788,-0.7926898,1,[np.float32(5.877573)],[np.float32(0.02407378)],0.02407378,6.7248263,fixed,fixed
403175,48,4.5525913,0.0,-0.58110696,-0.5198753,1,[np.float32(5.877573)],[np.float32(0.019440975)],0.019440975,6.088874,fixed,fixed
403175,57,4.45615,0.0,-0.58518314,-0.8890514,2,"[np.float32(5.2083592), np.float32(5.877573)]","[np.float32(0.026079133), np.float32(0.06546549)]",0.06546549,6.7248263,fixed,fixed
403175,58,6.842684,0.0,-0.68453777,-1.3574401,1,[np.float32(6.088874)],[np.float32(0.08446663)],0.08446663,6.088874,fixed,fixed
403175,59,6.088874,1.0,-0.96215963,-0.7926898,1,[np.float32(5.877573)],[np.float32(0.02407378)],0.02407378,6.7248263,fixed,fixed
403175,60,4.951692,0.0,-0.6702363,-1.0644442,1,[np.float32(5.2083592)],[np.float32(0.12398622)],0.12398622,5.2083592,fixed,fixed
403175,62,5.977319,0.0,-0.6781807,-1.0689851,1,[np.float32(6.088874)],[np.float32(0.05349227)],0.05349227,6.088874,fixed,fixed
403175,86,5.184434,0.0,-0.61984736,-1.7281433,1,[np.float32(6.7248263)],[np.float32(0.23030394)],0.23030394,6.7248263,fixed,fixed
403175,101,6.842684,0.0,-0.68838215,-0.89081335,1,[np.float32(5.4253707)],[np.float32(0.028767666)],0.028767666,7.5358305,fixed,fixed
403175,122,5.877573,0.0,-0.6582316,-1.9591898,1,[np.float32(6.7248263)],[np.float32(0.32661414)],0.32661414,6.7248263,fixed,fixed
403175,125,5.877573,1.0,-0.9498184,-0.9457287,2,"[np.float32(6.088874), np.float32(5.4253707)]","[np.float32(0.02407378), np.float32(0.053859804)]",0.053859804,6.9761195,fixed,fixed
403175,126,7.5358305,0.0,-0.71074146,-1.358078,1,[np.float32(5.4253707)],[np.float32(0.08591343)],0.08591343,7.5358305,fixed,fixed
403175,127,6.842684,0.0,-0.68838215,-0.89081335,1,[np.float32(5.4253707)],[np.float32(0.028767666)],0.028767666,7.5358305,fixed,fixed
403175,128,6.9761195,0.0,-0.8058611,-1.7898527,1,[np.float32(5.877573)],[np.float32(0.28801104)],0.28801104,5.877573,fixed,fixed
403175,129,5.877573,0.0,-0.6630126,-0.9457287,1,[np.float32(5.4253707)],[np.float32(0.053859804)],0.053859804,6.7248263,fixed,fixed
403175,130,5.4253707,1.0,-0.9489455,-0.9543958,1,[np.float32(5.877573)],[np.float32(0.053859804)],0.053859804,7.5358305,fixed,fixed
403175,131,7.5358305,0.0,-0.73600006,-1.2750087,1,[np.float32(5.877573)],[np.float32(0.053509373)],0.053509373,6.842684,fixed,fixed
403175,132,6.842684,0.0,-0.735745,-1.4268335,1,[np.float32(5.877573)],[np.float32(0.11442152)],0.11442152,7.5358305,fixed,fixed
403175,133,7.5358305,0.0,-0.73575985,-1.2750087,1,[np.float32(5.877573)],[np.float32(0.053509373)],0.053509373,7.5358305,fixed,fixed
403175,138,7.5358305,0.0,-0.7510859,-1.3471832,1,[np.float32(6.088874)],[np.float32(0.059698556)],0.059698556,8.228977,fixed,fixed
403175,154,6.7248263,0.0,-0.8436623,-1.9018301,1,[np.float32(6.088874)],[np.float32(0.36320382)],0.36320382,6.088874,fixed,fixed
403175,156,5.786329,0.0,-0.6936877,-1.1510593,1,[np.float32(6.088874)],[np.float32(0.07359712)],0.07359712,7.5358305,fixed,fixed
403175,158,6.214031,0.0,-0.6689662,-0.9065835,1,[np.float32(6.088874)],[np.float32(0.029311275)],0.029311275,4.45615,fixed,fixed
403175,159,7.5358305,0.0,-0.735627,-1.3471832,1,[np.float32(6.088874)],[np.float32(0.059698556)],0.059698556,7.5358305,fixed,fixed
403175,160,6.842684,0.0,-0.74566543,-1.5031776,1,[np.float32(6.088874)],[np.float32(0.12746923)],0.12746923,7.5358305,fixed,fixed
403175,172,5.0934668,0.0,-0.68423045,-0.7094349,1,[np.float32(5.2083592)],[np.float32(0.0407778)],0.0407778,6.9761195,fixed,fixed
403175,179,5.184434,0.0,-0.6651472,-0.9883506,1,[np.float32(5.2083592)],[np.float32(0.09186398)],0.09186398,6.9761195,fixed,fixed
403175,226,5.284512,0.0,-0.6293866,-0.8379178,1,[np.float32(6.088501)],[np.float32(0.03622828)],0.03622828,6.088874,fixed,fixed
403175,291,5.877573,0.0,-0.662699,-1.4707679,1,[np.float32(6.842684)],[np.float32(0.11442152)],0.11442152,6.7248263,fixed,fixed
403175,293,5.0934668,0.0,-0.6235367,-0.58827734,1,[np.float32(5.5545464)],[np.float32(0.022772891)],0.022772891,6.7248263,fixed,fixed
403175,374,6.842684,1.0,-0.9656408,-0.93440247,1,[np.float32(5.5545464)],[np.float32(0.030949712)],0.030949712,7.5358305,fixed,fixed
403175,377,5.4253707,0.0,-0.6529793,-0.9061293,1,[np.float32(6.842684)],[np.float32(0.028767666)],0.028767666,7.5358305,fixed,fixed
403175,378,7.5358305,0.0,-0.7838255,-1.8636626,1,[np.float32(6.842684)],[np.float32(0.17628156)],0.17628156,8.228977,fixed,fixed
403175,399,8.228977,0.0,-0.7304338,-1.3965002,1,[np.float32(5.5545464)],[np.float32(0.064895034)],0.064895034,7.5358305,fixed,fixed
403175,400,6.214031,0.0,-0.65769064,-0.7248516,1,[np.float32(5.5545464)],[np.float32(0.021325735)],0.021325735,4.5525913,fixed,fixed
403175,401,5.5545464,1.0,-0.95516396,-0.9491878,1,[np.float32(6.842684)],[np.float32(0.030949712)],0.030949712,8.228977,fixed,fixed
403175,403,6.088874,0.0,-0.72542334,-1.5412015,1,[np.float32(6.842684)],[np.float32(0.12746923)],0.12746923,6.7248263,fixed,fixed
407794,180,5.0934668,0.0,-0.6269076,-0.58827734,1,[np.float32(5.5545464)],[np.float32(0.022772891)],0.022772891,6.7248263,fixed,fixed
407794,262,6.842684,0.0,-0.68588495,-0.93440247,1,[np.float32(5.5545464)],[np.float32(0.030949712)],0.030949712,7.5358305,fixed,fixed
407794,287,8.228977,0.0,-0.7304338,-1.3965002,1,[np.float32(5.5545464)],[np.float32(0.064895034)],0.064895034,7.5358305,fixed,fixed
407794,288,6.214031,0.0,-0.6578562,-0.7248516,1,[np.float32(5.5545464)],[np.float32(0.021325735)],0.021325735,5.284512,fixed,fixed
407794,293,5.0934668,0.0,-0.6235367,-0.9160638,1,[np.float32(5.0934668)],[np.float32(0.08184193)],0.08184193,6.7248263,fixed,fixed
407794,304,5.184434,0.0,-0.6350822,-0.8046902,2,"[np.float32(5.0934668), np.float32(6.088874)]","[np.float32(0.04016033), np.float32(0.034148183)]",0.04016033,6.7248263,fixed,fixed
407794,316,6.842684,0.0,-0.6862617,-1.5031776,1,[np.float32(6.088874)],[np.float32(0.12746923)],0.12746923,7.5358305,fixed,fixed
407794,317,5.184434,0.0,-0.6126743,-1.0929221,1,[np.float32(5.487917)],[np.float32(0.10704957)],0.10704957,6.9761195,fixed,fixed
407794,333,5.0934668,0.0,-0.63105845,-0.8077368,1,[np.float32(5.487917)],[np.float32(0.048449278)],0.048449278,6.9761195,fixed,fixed
407794,345,7.5358305,0.0,-0.70739686,-1.3471832,1,[np.float32(6.088874)],[np.float32(0.059698556)],0.059698556,7.5358305,fixed,fixed
407794,346,6.214031,0.0,-0.65957016,-0.9065835,1,[np.float32(6.088874)],[np.float32(0.029311275)],0.029311275,4.45615,fixed,fixed
407794,350,4.45615,0.0,-0.59196234,-0.5952979,1,[np.float32(5.487917)],[np.float32(0.03217449)],0.03217449,6.7248263,fixed,fixed
407794,353,5.786329,0.0,-0.69095516,-1.1510593,1,[np.float32(6.088874)],[np.float32(0.07359712)],0.07359712,7.5358305,fixed,fixed
407794,354,7.5358305,0.0,-0.7491805,-1.3471832,1,[np.float32(6.088874)],[np.float32(0.059698556)],0.059698556,8.228977,fixed,fixed
407794,376,5.877573,0.0,-0.67079234,-0.79443073,1,[np.float32(6.088874)],[np.float32(0.02407378)],0.02407378,6.9761195,fixed,fixed
407794,379,6.214031,0.0,-0.6540225,-1.1858479,1,[np.float32(5.0934668)],[np.float32(0.111585006)],0.111585006,5.0934668,fixed,fixed
407794,381,7.5358305,0.0,-0.70585275,-1.2450897,1,[np.float32(5.0934668)],[np.float32(0.07239285)],0.07239285,7.5358305,fixed,fixed
407794,383,6.088874,0.0,-0.6677075,-1.0001935,1,[np.float32(5.786329)],[np.float32(0.048188686)],0.048188686,6.7248263,fixed,fixed
407794,388,6.842684,0.0,-0.6859121,-1.5031776,1,[np.float32(6.088874)],[np.float32(0.12746923)],0.12746923,7.5358305,fixed,fixed
407794,403,6.088874,0.0,-0.67163104,-0.76277083,1,[np.float32(5.0934668)],[np.float32(0.03232453)],0.03232453,6.7248263,fixed,fixed
407794,407,5.877573,0.0,-0.66313875,-0.79443073,1,[np.float32(6.088874)],[np.float32(0.02407378)],0.02407378,6.9761195,fixed,fixed
407794,408,8.228977,0.0,-0.7303202,-1.5782322,1,[np.float32(6.088874)],[np.float32(0.08518146)],0.08518146,7.5358305,fixed,fixed
407794,409,5.4253707,0.0,-0.6434432,-0.5416031,1,[np.float32(5.0934668)],[np.float32(0.020732379)],0.020732379,8.228977,fixed,fixed
407794,411,5.977319,0.0,-0.67343533,-1.0689851,1,[np.float32(6.088874)],[np.float32(0.05349227)],0.05349227,6.088874,fixed,fixed
407794,412,7.1303654,0.0,-0.7322015,-1.3484745,1,[np.float32(5.0934668)],[np.float32(0.11897195)],0.11897195,5.0934668,fixed,fixed
407794,413,7.5358305,0.0,-0.7553604,-1.4836296,1,[np.float32(5.0934668)],[np.float32(0.14657553)],0.14657553,5.0934668,fixed,fixed
407794,414,5.5545464,0.0,-0.6520042,-0.8232016,1,[np.float32(5.0934668)],[np.float32(0.050411604)],0.050411604,5.0934668,fixed,fixed
407794,416,5.184434,0.0,-0.6482122,-0.8046902,1,[np.float32(6.088874)],[np.float32(0.034148183)],0.034148183,4.8615465,fixed,fixed
407794,420,4.951692,0.0,-0.60163754,-1.1761433,1,[np.float32(5.487917)],[np.float32(0.14413235)],0.14413235,5.487917,fixed,fixed
407794,423,6.7248263,0.0,-0.8328842,-1.9018301,1,[np.float32(6.088874)],[np.float32(0.36320382)],0.36320382,6.088874,fixed,fixed
407794,425,5.977319,0.0,-0.6756514,-1.0689851,1,[np.float32(6.088874)],[np.float32(0.05349227)],0.05349227,6.088874,fixed,fixed
407794,426,6.842684,0.0,-0.71524656,-1.3574401,1,[np.float32(6.088874)],[np.float32(0.08446663)],0.08446663,6.088874,fixed,fixed
407794,428,4.8111362,0.0,-0.59595966,-0.574281,1,[np.float32(5.786329)],[np.float32(0.021990279)],0.021990279,6.18106,fixed,fixed
407794,430,4.8111362,0.0,-0.59908277,-0.8208317,1,[np.float32(5.786329)],[np.float32(0.048971288)],0.048971288,6.18106,fixed,fixed
407794,445,4.5525913,0.0,-0.63333476,-0.73577195,1,[np.float32(5.0934668)],[np.float32(0.0593831)],0.0593831,6.088874,fixed,fixed
407794,463,5.0301485,0.0,-0.634318,-0.8949577,1,[np.float32(5.0934668)],[np.float32(0.078936815)],0.078936815,5.366584,fixed,fixed
407794,464,6.7248263,0.0,-0.8287957,-1.9018301,1,[np.float32(6.088874)],[np.float32(0.36320382)],0.36320382,6.088874,fixed,fixed
407794,467,5.786329,0.0,-0.6612284,-1.0053219,1,[np.float32(6.088874)],[np.float32(0.048188686)],0.048188686,4.8111362,fixed,fixed
407794,468,6.842684,0.0,-0.7144917,-1.3574401,1,[np.float32(6.088874)],[np.float32(0.08446663)],0.08446663,4.8111362,fixed,fixed
407794,476,6.9761195,0.0,-0.758793,-1.4951938,1,[np.float32(5.0934668)],[np.float32(0.19394967)],0.19394967,5.0934668,fixed,fixed
407794,477,6.18106,0.0,-0.6796826,-1.0320394,1,[np.float32(5.0934668)],[np.float32(0.071924254)],0.071924254,6.088874,fixed,fixed
407794,480,6.5241694,0.0,-0.765406,-1.5112611,1,[np.float32(5.0934668)],[np.float32(0.24319017)],0.24319017,5.0934668,fixed,fixed
407794,481,5.366584,0.0,-0.665465,-1.0071028,1,[np.float32(5.0934668)],[np.float32(0.09535143)],0.09535143,5.0301485,fixed,fixed
418499,18,4.8111362,0.0,-0.5977445,-0.6409698,1,[np.float32(5.977319)],[np.float32(0.025133992)],0.025133992,7.5358305,fixed,fixed
418499,27,4.8111362,0.0,-0.6720261,-1.1321839,2,"[np.float32(5.2083592), np.float32(5.901499)]","[np.float32(0.0338484), np.float32(0.109549694)]",0.109549694,7.5358305,fixed,fixed
418499,30,4.5525913,0.0,-0.6284606,-0.93141055,1,[np.float32(5.2083592)],[np.float32(0.099425495)],0.099425495,6.214031,fixed,fixed
418499,36,5.0301485,0.0,-0.6177311,-0.71397394,1,[np.float32(5.977319)],[np.float32(0.028986992)],0.028986992,5.1152887,fixed,fixed
418499,75,5.0934668,0.0,-0.64216584,-0.8314453,1,[np.float32(5.5545464)],[np.float32(0.050411604)],0.050411604,6.5241694,fixed,fixed
418499,169,6.088874,0.0,-0.68838316,-1.0412372,1,[np.float32(5.2083592)],[np.float32(0.07279101)],0.07279101,4.5525913,fixed,fixed
418499,172,5.0934668,0.0,-0.7017925,-0.95802814,1,[np.float32(5.2083592)],[np.float32(0.087324865)],0.087324865,6.9761195,fixed,fixed
429627,11,5.901499,0.0,-0.6507243,-0.9446309,1,[np.float32(4.411208)],[np.float32(0.08816675)],0.08816675,4.411208,fixed,fixed
429627,14,7.1303654,0.0,-0.7330989,-1.1156284,1,[np.float32(4.411208)],[np.float32(0.083557665)],0.083557665,4.411208,fixed,fixed
429627,15,5.786329,0.0,-0.66997415,-0.80653757,1,[np.float32(4.411208)],[np.float32(0.060431734)],0.060431734,4.411208,fixed,fixed
429627,16,7.5358305,0.0,-0.7341335,-1.0160102,1,[np.float32(4.411208)],[np.float32(0.05052502)],0.05052502,4.411208,fixed,fixed
429627,18,4.8111362,0.0,-0.6193661,-0.58117676,1,[np.float32(4.411208)],[np.float32(0.044807605)],0.044807605,7.5358305,fixed,fixed
429627,20,6.842684,0.0,-0.6975812,-0.7849612,1,[np.float32(4.411208)],[np.float32(0.033946827)],0.033946827,4.8111362,fixed,fixed
429627,22,7.5358305,0.0,-0.7472581,-1.2507834,1,[np.float32(4.411208)],[np.float32(0.10358117)],0.10358117,4.411208,fixed,fixed
429627,23,5.786329,0.0,-0.64979047,-0.43284288,1,[np.float32(4.411208)],[np.float32(0.01608032)],0.01608032,4.8111362,fixed,fixed
429627,24,7.5358305,0.0,-0.7472581,-1.2507834,1,[np.float32(4.411208)],[np.float32(0.10358117)],0.10358117,4.411208,fixed,fixed
429627,27,4.8111362,0.0,-0.6074593,-0.34255204,1,[np.float32(4.411208)],[np.float32(0.017441027)],0.017441027,7.5358305,fixed,fixed
429627,78,6.214031,0.0,-0.7325183,-1.2203809,1,[np.float32(4.411208)],[np.float32(0.17334172)],0.17334172,4.411208,fixed,fixed
429627,80,5.977319,0.0,-0.66220814,-0.4965062,1,[np.float32(4.411208)],[np.float32(0.018846264)],0.018846264,6.088874,fixed,fixed
429627,81,5.877573,0.0,-0.6582339,-0.69803095,1,[np.float32(4.411208)],[np.float32(0.040589653)],0.040589653,5.184434,fixed,fixed
429627,82,7.5358305,0.0,-0.7465704,-1.2507834,1,[np.float32(4.411208)],[np.float32(0.10358117)],0.10358117,5.877573,fixed,fixed
429627,86,5.184434,0.0,-0.61984736,-1.4973623,1,[np.float32(7.1303654)],[np.float32(0.12464258)],0.12464258,6.7248263,fixed,fixed
429627,110,6.7248263,0.0,-0.7436777,-1.2602814,1,[np.float32(4.411208)],[np.float32(0.15543056)],0.15543056,4.411208,fixed,fixed
429627,111,5.977319,0.0,-0.671307,-0.73127955,1,[np.float32(4.411208)],[np.float32(0.043234326)],0.043234326,4.411208,fixed,fixed
429627,113,5.877573,0.0,-0.7054613,-0.9366557,1,[np.float32(4.411208)],[np.float32(0.086986564)],0.086986564,6.9761195,fixed,fixed
429627,115,7.5358305,0.0,-0.7314814,-1.0160102,1,[np.float32(4.411208)],[np.float32(0.05052502)],0.05052502,7.5358305,fixed,fixed
429627,116,6.214031,0.0,-0.69583684,-0.949105,1,[np.float32(4.411208)],[np.float32(0.077383995)],0.077383995,5.0934668,fixed,fixed
429627,120,5.0934668,0.0,-0.65246934,-0.67528695,1,[np.float32(4.411208)],[np.float32(0.054291654)],0.054291654,6.7248263,fixed,fixed
429627,139,6.214031,0.0,-0.6616684,-0.57541037,1,[np.float32(4.411208)],[np.float32(0.022515984)],0.022515984,4.5525913,fixed,fixed
429627,141,7.1303654,0.0,-0.72363895,-1.1156284,1,[np.float32(4.411208)],[np.float32(0.083557665)],0.083557665,5.0934668,fixed,fixed
429627,180,5.0934668,0.0,-0.6269076,-0.9160638,1,[np.float32(5.0934668)],[np.float32(0.08184193)],0.08184193,6.7248263,fixed,fixed
429627,192,5.184434,0.0,-0.6310389,-0.6998308,1,[np.float32(5.0934668)],[np.float32(0.04016033)],0.04016033,6.7248263,fixed,fixed
429627,205,5.184434,0.0,-0.6196618,-1.4973623,1,[np.float32(7.1303654)],[np.float32(0.12464258)],0.12464258,6.7248263,fixed,fixed
429627,238,5.0934668,0.0,-0.6296454,-0.73508,1,[np.float32(5.977319)],[np.float32(0.03016363)],0.03016363,6.7248263,fixed,fixed
429627,240,5.877573,0.0,-0.65819,-0.99644876,1,[np.float32(5.977319)],[np.float32(0.04764821)],0.04764821,6.7248263,fixed,fixed
429627,267,6.214031,0.0,-0.654026,-1.1858479,1,[np.float32(5.0934668)],[np.float32(0.111585006)],0.111585006,5.0934668,fixed,fixed
429627,269,7.5358305,0.0,-0.70582086,-1.2450897,1,[np.float32(5.0934668)],[np.float32(0.07239285)],0.07239285,7.5358305,fixed,fixed
429627,291,5.877573,0.0,-0.662699,-0.6923372,1,[np.float32(5.0934668)],[np.float32(0.028311158)],0.028311158,6.7248263,fixed,fixed
429627,295,5.877573,0.0,-0.6632189,-0.9457287,1,[np.float32(5.4253707)],[np.float32(0.053859804)],0.053859804,6.7248263,fixed,fixed
429627,297,5.4253707,0.0,-0.643561,-0.5416031,1,[np.float32(5.0934668)],[np.float32(0.020732379)],0.020732379,8.228977,fixed,fixed
429627,300,7.1303654,0.0,-0.7322388,-1.3484745,1,[np.float32(5.0934668)],[np.float32(0.11897195)],0.11897195,5.0934668,fixed,fixed
429627,301,7.5358305,0.0,-0.7556662,-1.4836296,1,[np.float32(5.0934668)],[np.float32(0.14657553)],0.14657553,5.0934668,fixed,fixed
429627,302,5.5545464,0.0,-0.65205437,-0.8232016,1,[np.float32(5.0934668)],[np.float32(0.050411604)],0.050411604,5.0934668,fixed,fixed
429627,313,5.0099363,0.0,-0.6173271,-0.7072365,1,[np.float32(5.977319)],[np.float32(0.028617572)],0.028617572,5.184434,fixed,fixed
429627,350,4.45615,0.0,-0.59196234,-1.4853821,1,[np.float32(6.7248263)],[np.float32(0.15904854)],0.15904854,6.7248263,fixed,fixed
429627,356,6.842684,0.0,-0.6863868,-0.89081335,1,[np.float32(5.4253707)],[np.float32(0.028767666)],0.028767666,7.5358305,fixed,fixed
429627,368,5.284512,0.0,-0.66082555,-0.7331901,1,[np.float32(5.0934668)],[np.float32(0.04278246)],0.04278246,6.088874,fixed,fixed
429627,373,7.5358305,0.0,-0.7103717,-1.358078,1,[np.float32(5.4253707)],[np.float32(0.08591343)],0.08591343,7.5358305,fixed,fixed
429627,374,6.842684,0.0,-0.68588495,-0.89081335,1,[np.float32(5.4253707)],[np.float32(0.028767666)],0.028767666,7.5358305,fixed,fixed
429627,376,5.877573,0.0,-0.66094947,-0.9457287,1,[np.float32(5.4253707)],[np.float32(0.053859804)],0.053859804,6.9761195,fixed,fixed
429627,379,6.214031,0.0,-0.73931134,-1.4078817,1,[np.float32(5.0934668)],[np.float32(0.20743524)],0.20743524,5.0934668,fixed,fixed
429627,381,7.5358305,0.0,-0.73603404,-1.2450897,1,[np.float32(5.0934668)],[np.float32(0.07239285)],0.07239285,7.5358305,fixed,fixed
429627,398,6.7248263,0.0,-0.76178247,-1.5031306,1,[np.float32(5.0934668)],[np.float32(0.21994561)],0.21994561,5.0934668,fixed,fixed
429627,401,5.5545464,0.0,-0.6514072,-0.58466166,1,[np.float32(5.0934668)],[np.float32(0.022772891)],0.022772891,8.228977,fixed,fixed
429627,402,6.088874,0.0,-0.6754572,-1.0013107,1,[np.float32(5.0934668)],[np.float32(0.06837011)],0.06837011,4.5525913,fixed,fixed
429627,403,6.088874,0.0,-0.6843331,-0.76277083,1,[np.float32(5.0934668)],[np.float32(0.03232453)],0.03232453,6.7248263,fixed,fixed
429627,405,5.0934668,0.0,-0.65666723,-0.9160638,1,[np.float32(5.0934668)],[np.float32(0.08184193)],0.08184193,6.5241694,fixed,fixed
429627,412,7.1303654,0.0,-0.73226994,-1.3484745,1,[np.float32(5.0934668)],[np.float32(0.11897195)],0.11897195,5.0934668,fixed,fixed
429627,445,4.5525913,0.0,-0.6208501,-0.48921657,1,[np.float32(5.0934668)],[np.float32(0.025679354)],0.025679354,6.088874,fixed,fixed
459252,246,5.877573,0.0,-0.6630126,-1.3107322,1,[np.float32(7.5358305)],[np.float32(0.053509373)],0.053509373,6.7248263,broken,broken
459252,271,5.877573,0.0,-0.6587469,-1.3107322,1,[np.float32(7.5358305)],[np.float32(0.053509373)],0.053509373,6.7248263,broken,broken
459252,291,5.877573,0.0,-0.662699,-1.4707679,1,[np.float32(6.842684)],[np.float32(0.11442152)],0.11442152,6.7248263,broken,broken
459252,315,8.228977,0.0,-0.7300802,-2.0945337,1,[np.float32(7.5358305)],[np.float32(0.17652911)],0.17652911,7.5358305,broken,broken
459252,316,6.842684,0.0,-0.6862617,-1.9148684,1,[np.float32(7.5358305)],[np.float32(0.17628156)],0.17628156,7.5358305,broken,broken
459252,323,6.842684,0.0,-0.6858661,-1.9148684,1,[np.float32(7.5358305)],[np.float32(0.17628156)],0.17628156,7.5358305,broken,broken
459252,324,7.5358305,0.0,-0.71126753,-1.8634847,1,[np.float32(7.5358305)],[np.float32(0.12459149)],0.12459149,7.5358305,broken,broken
459252,327,7.5358305,0.0,-0.7062666,-1.8634847,1,[np.float32(7.5358305)],[np.float32(0.12459149)],0.12459149,7.5358305,broken,broken
459252,328,6.357125,0.0,-0.66165656,-1.4705828,1,[np.float32(7.5358305)],[np.float32(0.06852645)],0.06852645,5.0934668,broken,broken
459252,345,7.5358305,0.0,-0.7550064,-1.8634847,1,[np.float32(7.5358305)],[np.float32(0.12459149)],0.12459149,7.5358305,broken,broken
459252,346,6.214031,0.0,-0.68414414,-1.422885,1,[np.float32(7.5358305)],[np.float32(0.06367433)],0.06367433,4.45615,broken,broken
459252,376,5.877573,0.0,-0.66094947,-1.9591898,1,[np.float32(6.9761195)],[np.float32(0.28801104)],0.28801104,6.9761195,broken,broken
459252,377,5.4253707,0.0,-0.6529793,-0.9061293,1,[np.float32(6.842684)],[np.float32(0.028767666)],0.028767666,7.5358305,broken,broken
459252,378,7.5358305,0.0,-0.7838255,-1.8636626,1,[np.float32(6.842684)],[np.float32(0.17628156)],0.17628156,8.228977,broken,broken
459252,401,5.5545464,0.0,-0.65589595,-0.9491878,1,[np.float32(6.842684)],[np.float32(0.030949712)],0.030949712,8.228977,broken,broken
459252,403,6.088874,0.0,-0.72542334,-1.5412015,1,[np.float32(6.842684)],[np.float32(0.12746923)],0.12746923,6.7248263,broken,broken
474273,36,5.0301485,0.0,-0.6025215,-0.8949577,1,[np.float32(5.0934668)],[np.float32(0.078936815)],0.078936815,5.1152887,fixed,fixed
474273,38,5.1152887,0.0,-0.60793376,-0.92333776,1,[np.float32(5.0934668)],[np.float32(0.08286201)],0.08286201,5.0301485,fixed,fixed
474273,42,6.842684,0.0,-0.68153036,-1.3574401,1,[np.float32(6.088874)],[np.float32(0.08446663)],0.08446663,4.8111362,fixed,fixed
474273,45,5.786329,0.0,-0.6644128,-1.0053219,1,[np.float32(6.088874)],[np.float32(0.048188686)],0.048188686,4.8111362,fixed,fixed
474273,48,4.5525913,0.0,-0.58110696,-0.73577195,1,[np.float32(5.0934668)],[np.float32(0.0593831)],0.0593831,6.088874,fixed,fixed
474273,51,6.088874,0.0,-0.66199905,-0.76277083,1,[np.float32(5.0934668)],[np.float32(0.03232453)],0.03232453,6.7248263,fixed,fixed
474273,59,6.088874,0.0,-0.66251457,-2.0296233,1,[np.float32(6.7248263)],[np.float32(0.36320382)],0.36320382,6.7248263,fixed,fixed
474273,66,5.901499,0.0,-0.6442024,-0.93885237,1,[np.float32(5.0934668)],[np.float32(0.061586138)],0.061586138,6.088874,fixed,fixed
474273,74,6.5241694,0.0,-0.67319757,-1.5112611,1,[np.float32(5.0934668)],[np.float32(0.24319017)],0.24319017,5.0934668,fixed,fixed
474273,76,6.9761195,0.0,-0.75069875,-1.4951938,1,[np.float32(5.0934668)],[np.float32(0.19394967)],0.19394967,5.0934668,fixed,fixed
474273,77,5.5545464,0.0,-0.64955366,-0.8232016,1,[np.float32(5.0934668)],[np.float32(0.050411604)],0.050411604,5.0934668,fixed,fixed
474273,83,5.877573,0.0,-0.6539175,-0.79443073,1,[np.float32(6.088874)],[np.float32(0.02407378)],0.02407378,6.9761195,fixed,fixed
474273,85,6.842684,0.0,-0.68838215,-0.93440247,1,[np.float32(5.5545464)],[np.float32(0.030949712)],0.030949712,7.5358305,fixed,fixed
474273,86,5.184434,0.0,-0.6344938,-0.6998308,1,[np.float32(5.0934668)],[np.float32(0.04016033)],0.04016033,6.7248263,fixed,fixed
474273,89,7.5358305,0.0,-0.749924,-1.4836296,1,[np.float32(5.0934668)],[np.float32(0.14657553)],0.14657553,5.0934668,fixed,fixed
474273,90,5.4253707,0.0,-0.6432456,-0.5416031,1,[np.float32(5.0934668)],[np.float32(0.020732379)],0.020732379,8.228977,fixed,fixed
474273,96,7.5358305,0.0,-0.7338156,-1.2450897,1,[np.float32(5.0934668)],[np.float32(0.07239285)],0.07239285,7.5358305,fixed,fixed
474273,97,6.214031,0.0,-0.69776505,-1.1858479,1,[np.float32(5.0934668)],[np.float32(0.111585006)],0.111585006,5.0934668,fixed,fixed
474273,98,7.5358305,0.0,-0.74624085,-1.3471832,1,[np.float32(6.088874)],[np.float32(0.059698556)],0.059698556,6.842684,fixed,fixed
474273,102,5.0934668,0.0,-0.66111046,-0.9160638,1,[np.float32(5.0934668)],[np.float32(0.08184193)],0.08184193,6.7248263,fixed,fixed
474273,103,7.1303654,0.0,-0.72700065,-1.3484745,1,[np.float32(5.0934668)],[np.float32(0.11897195)],0.11897195,5.0934668,fixed,fixed
474273,113,5.877573,0.0,-0.6712413,-0.8496461,1,[np.float32(5.5545464)],[np.float32(0.037488364)],0.037488364,6.9761195,fixed,fixed
474273,115,7.5358305,0.0,-0.70852745,-1.1654514,1,[np.float32(5.5545464)],[np.float32(0.045181643)],0.045181643,7.5358305,fixed,fixed
474273,116,6.214031,0.0,-0.6614236,-0.7248516,1,[np.float32(5.5545464)],[np.float32(0.021325735)],0.021325735,5.0934668,fixed,fixed
474273,121,6.7248263,0.0,-0.8436623,-1.9018301,1,[np.float32(6.088874)],[np.float32(0.36320382)],0.36320382,6.088874,fixed,fixed
474273,123,5.786329,0.0,-0.69360983,-1.1510593,1,[np.float32(6.088874)],[np.float32(0.07359712)],0.07359712,7.5358305,fixed,fixed
474273,125,5.877573,0.0,-0.653462,-0.79443073,1,[np.float32(6.088874)],[np.float32(0.02407378)],0.02407378,6.9761195,fixed,fixed
474273,126,7.5358305,0.0,-0.73772097,-1.3471832,1,[np.float32(6.088874)],[np.float32(0.059698556)],0.059698556,7.5358305,fixed,fixed
474273,127,6.842684,0.0,-0.74566543,-1.5031776,1,[np.float32(6.088874)],[np.float32(0.12746923)],0.12746923,7.5358305,fixed,fixed
474273,180,5.0934668,0.0,-0.6269076,-1.46704,1,[np.float32(7.1303654)],[np.float32(0.11897195)],0.11897195,6.7248263,fixed,fixed
474273,279,7.5358305,0.0,-0.71568406,-2.1458282,1,[np.float32(8.228977)],[np.float32(0.17652911)],0.17652911,8.228977,fixed,fixed
474273,293,5.0934668,0.0,-0.6235367,-1.46704,1,[np.float32(7.1303654)],[np.float32(0.11897195)],0.11897195,6.7248263,fixed,fixed
474273,297,5.4253707,0.0,-0.66166943,-1.4423414,1,[np.float32(8.228977)],[np.float32(0.060737602)],0.060737602,8.228977,fixed,fixed
474273,298,5.877573,0.0,-0.6941499,-1.5930758,1,[np.float32(8.228977)],[np.float32(0.07651761)],0.07651761,6.7248263,fixed,fixed
485537,12,4.411208,0.0,-0.5650759,-0.4409716,1,[np.float32(5.786329)],[np.float32(0.01608032)],0.01608032,6.214031,fixed,fixed
485537,18,4.8111362,0.0,-0.5977445,-0.8208317,1,[np.float32(5.786329)],[np.float32(0.048971288)],0.048971288,7.5358305,fixed,fixed
485537,21,6.088874,0.0,-0.66197217,-1.0001935,1,[np.float32(5.786329)],[np.float32(0.048188686)],0.048188686,6.7248263,fixed,fixed
485537,102,5.0934668,0.0,-0.63223386,-1.2363725,1,[np.float32(6.214031)],[np.float32(0.111585006)],0.111585006,6.7248263,fixed,fixed
485537,164,5.0099363,0.0,-0.60180616,-1.3039526,2,"[np.float32(7.5358305), np.float32(5.877573)]","[np.float32(0.069318235), np.float32(0.057961278)]",0.069318235,5.184434,fixed,fixed
485537,165,5.0934668,0.0,-0.6243472,-1.697821,1,[np.float32(7.5358305)],[np.float32(0.14657553)],0.14657553,6.7248263,fixed,fixed
485537,192,5.184434,0.0,-0.6310389,-1.4616389,1,[np.float32(5.877573)],[np.float32(0.2165618)],0.2165618,6.7248263,fixed,fixed
485537,205,5.184434,0.0,-0.6196618,-0.8491098,1,[np.float32(6.214031)],[np.float32(0.036789175)],0.036789175,6.7248263,fixed,fixed
485537,214,5.977319,0.0,-0.6548517,-0.8706591,1,[np.float32(6.214031)],[np.float32(0.027491292)],0.027491292,7.5358305,fixed,fixed
485537,217,7.5358305,0.0,-0.74614275,-1.3901631,1,[np.float32(6.214031)],[np.float32(0.06367433)],0.06367433,6.842684,fixed,fixed
485537,221,5.0934668,0.0,-0.7229473,-1.5163164,1,[np.float32(6.214031)],[np.float32(0.20743524)],0.20743524,6.7248263,fixed,fixed
485537,246,5.877573,0.0,-0.67395425,-0.8374105,1,[np.float32(6.214031)],[np.float32(0.025936576)],0.025936576,6.7248263,fixed,fixed
485537,252,5.877573,0.0,-0.65766585,-1.9591898,1,[np.float32(6.7248263)],[np.float32(0.32661414)],0.32661414,6.7248263,fixed,fixed
485537,274,6.214031,0.0,-0.65517336,-1.0736886,1,[np.float32(5.877573)],[np.float32(0.054237153)],0.054237153,5.0934668,fixed,fixed
485537,281,5.0934668,0.0,-0.65019405,-1.697821,2,"[np.float32(5.877573), np.float32(6.7248263)]","[np.float32(0.06076004), np.float32(0.21994561)]",0.21994561,6.7248263,fixed,fixed
485537,284,7.5358305,0.0,-0.74161804,-1.5142883,1,[np.float32(5.877573)],[np.float32(0.10823412)],0.10823412,5.0934668,fixed,fixed
485537,299,5.977319,0.0,-0.67006403,-0.9947844,1,[np.float32(5.877573)],[np.float32(0.04764821)],0.04764821,5.877573,fixed,fixed
485537,304,5.184434,0.0,-0.68728584,-1.2467588,1,[np.float32(5.877573)],[np.float32(0.13178323)],0.13178323,6.7248263,fixed,fixed
485537,392,5.877573,0.0,-0.68151385,-1.2096821,1,[np.float32(5.877573)],[np.float32(0.092942566)],0.092942566,5.184434,fixed,fixed
505928,48,4.5525913,0.0,-0.58110696,-0.48921657,1,[np.float32(5.0934668)],[np.float32(0.025679354)],0.025679354,6.088874,fixed,fixed
505928,51,6.088874,0.0,-0.66199905,-0.76277083,1,[np.float32(5.0934668)],[np.float32(0.03232453)],0.03232453,6.7248263,fixed,fixed
505928,75,5.0934668,0.0,-0.64216584,-0.9160638,1,[np.float32(5.0934668)],[np.float32(0.08184193)],0.08184193,6.5241694,fixed,fixed
505928,96,7.5358305,0.0,-0.70585227,-1.2450897,1,[np.float32(5.0934668)],[np.float32(0.07239285)],0.07239285,7.5358305,fixed,fixed
505928,97,6.214031,0.0,-0.6554411,-1.4078817,1,[np.float32(5.0934668)],[np.float32(0.20743524)],0.20743524,5.0934668,fixed,fixed
505928,101,6.842684,0.0,-0.68838215,-1.4268335,1,[np.float32(5.877573)],[np.float32(0.11442152)],0.11442152,7.5358305,fixed,fixed
505928,102,5.0934668,1.0,-0.9294944,-0.7001671,1,[np.float32(5.877573)],[np.float32(0.028311158)],0.028311158,6.7248263,fixed,fixed
505928,103,7.1303654,0.0,-0.7290276,-1.3484745,1,[np.float32(5.0934668)],[np.float32(0.11897195)],0.11897195,5.0934668,fixed,fixed
505928,104,5.5545464,0.0,-0.651907,-0.58466166,1,[np.float32(5.0934668)],[np.float32(0.022772891)],0.022772891,8.228977,fixed,fixed
505928,105,6.088874,0.0,-0.6762289,-1.0013107,1,[np.float32(5.0934668)],[np.float32(0.06837011)],0.06837011,4.5525913,fixed,fixed
505928,107,5.284512,0.0,-0.64481467,-0.7331901,1,[np.float32(5.0934668)],[np.float32(0.04278246)],0.04278246,6.088874,fixed,fixed
505928,126,7.5358305,0.0,-0.71074146,-1.2750087,1,[np.float32(5.877573)],[np.float32(0.053509373)],0.053509373,7.5358305,fixed,fixed
505928,129,5.877573,0.0,-0.6630126,-0.7222562,1,[np.float32(5.877573)],[np.float32(0.02113925)],0.02113925,6.7248263,fixed,fixed
505928,135,5.877573,1.0,-0.954308,-0.6923372,1,[np.float32(5.0934668)],[np.float32(0.028311158)],0.028311158,6.7248263,fixed,fixed
505928,136,5.786329,0.0,-0.67171293,-1.0747151,1,[np.float32(5.877573)],[np.float32(0.06569621)],0.06569621,8.228977,fixed,fixed
505928,138,7.5358305,0.0,-0.747552,-1.2750087,1,[np.float32(5.877573)],[np.float32(0.053509373)],0.053509373,8.228977,fixed,fixed
505928,161,5.877573,0.0,-0.6723968,-0.7222562,1,[np.float32(5.877573)],[np.float32(0.02113925)],0.02113925,6.7248263,fixed,fixed
505928,165,5.0934668,0.0,-0.6243472,-0.9160638,2,"[np.float32(5.786329), np.float32(5.0934668)]","[np.float32(0.05768841), np.float32(0.08184193)]",0.08184193,6.7248263,fixed,fixed
505928,197,6.7248263,0.0,-0.7578611,-1.5031306,1,[np.float32(5.0934668)],[np.float32(0.21994561)],0.21994561,5.0934668,fixed,fixed
505928,198,5.5545464,0.0,-0.65103316,-0.8232016,1,[np.float32(5.0934668)],[np.float32(0.050411604)],0.050411604,5.0934668,fixed,fixed
505928,205,5.184434,0.0,-0.6350319,-0.6998308,1,[np.float32(5.0934668)],[np.float32(0.04016033)],0.04016033,6.7248263,fixed,fixed
505928,208,7.5358305,0.0,-0.75318354,-1.4836296,1,[np.float32(5.0934668)],[np.float32(0.14657553)],0.14657553,5.0934668,fixed,fixed
505928,209,5.4253707,0.0,-0.64389294,-0.5416031,1,[np.float32(5.0934668)],[np.float32(0.020732379)],0.020732379,8.228977,fixed,fixed
505928,213,6.7248263,0.0,-0.8173754,-1.809466,1,[np.float32(5.877573)],[np.float32(0.32661414)],0.32661414,5.877573,fixed,fixed
505928,214,5.977319,0.0,-0.6755243,-0.9947844,1,[np.float32(5.877573)],[np.float32(0.04764821)],0.04764821,7.5358305,fixed,fixed
505928,215,7.5358305,0.0,-0.73557454,-1.2450897,1,[np.float32(5.0934668)],[np.float32(0.07239285)],0.07239285,7.5358305,fixed,fixed
505928,216,6.214031,0.0,-0.7007184,-1.1858479,1,[np.float32(5.0934668)],[np.float32(0.111585006)],0.111585006,5.0934668,fixed,fixed
505928,218,6.214031,0.0,-0.6647644,-0.83440894,1,[np.float32(5.877573)],[np.float32(0.025936576)],0.025936576,5.284512,fixed,fixed
505928,219,8.228977,0.0,-0.7631635,-1.5060576,1,[np.float32(5.877573)],[np.float32(0.07651761)],0.07651761,7.5358305,fixed,fixed
505928,220,6.842684,0.0,-0.7356193,-1.4268335,1,[np.float32(5.877573)],[np.float32(0.11442152)],0.11442152,7.5358305,fixed,fixed
505928,221,5.0934668,0.0,-0.67442733,-0.9160638,2,"[np.float32(5.0934668), np.float32(5.877573)]","[np.float32(0.08184193), np.float32(0.028311158)]",0.08184193,6.7248263,fixed,fixed
505928,222,7.1303654,0.0,-0.7297356,-1.3484745,1,[np.float32(5.0934668)],[np.float32(0.11897195)],0.11897195,5.0934668,fixed,fixed
505928,226,5.284512,0.0,-0.6293866,-0.7320729,1,[np.float32(5.786329)],[np.float32(0.030146634)],0.030146634,6.088874,fixed,fixed
505928,249,6.842684,0.0,-0.6860166,-1.0129257,1,[np.float32(5.786329)],[np.float32(0.03519518)],0.03519518,7.5358305,fixed,fixed
505928,252,5.877573,0.0,-0.65766585,-1.0725757,1,[np.float32(5.786329)],[np.float32(0.06569621)],0.06569621,6.7248263,fixed,fixed
505928,254,8.228977,0.0,-0.7622894,-1.4750236,1,[np.float32(5.786329)],[np.float32(0.07304597)],0.07304597,7.5358305,fixed,fixed
505928,274,6.214031,0.0,-0.65517336,-1.1858479,1,[np.float32(5.0934668)],[np.float32(0.111585006)],0.111585006,5.0934668,fixed,fixed
505928,275,7.5358305,0.0,-0.70596755,-1.2450897,1,[np.float32(5.0934668)],[np.float32(0.07239285)],0.07239285,7.5358305,fixed,fixed
505928,277,5.877573,0.0,-0.6635719,-0.6923372,1,[np.float32(5.0934668)],[np.float32(0.028311158)],0.028311158,6.7248263,fixed,fixed
505928,280,5.877573,0.0,-0.6446945,-0.93087715,1,[np.float32(5.0934668)],[np.float32(0.06076004)],0.06076004,5.184434,fixed,fixed
505928,282,7.1303654,0.0,-0.73201776,-1.3484745,1,[np.float32(5.0934668)],[np.float32(0.11897195)],0.11897195,5.0934668,fixed,fixed
505928,283,5.977319,0.0,-0.6772946,-0.9641257,1,[np.float32(5.0934668)],[np.float32(0.06426283)],0.06426283,5.0934668,fixed,fixed
505928,284,7.5358305,0.0,-0.754966,-1.4836296,1,[np.float32(5.0934668)],[np.float32(0.14657553)],0.14657553,5.0934668,fixed,fixed
505928,299,5.977319,0.0,-0.66303504,-0.72558576,1,[np.float32(5.0934668)],[np.float32(0.03016363)],0.03016363,5.877573,fixed,fixed
505928,330,6.214031,0.0,-0.6667025,-0.8044899,1,[np.float32(5.0934668)],[np.float32(0.034869)],0.034869,5.284512,fixed,fixed
505928,338,4.5525913,0.0,-0.60042983,-0.48921657,1,[np.float32(5.0934668)],[np.float32(0.025679354)],0.025679354,6.214031,fixed,fixed
505928,340,7.5358305,0.0,-0.7281995,-1.2450897,1,[np.float32(5.0934668)],[np.float32(0.07239285)],0.07239285,4.5525913,fixed,fixed
505928,363,6.7248263,0.0,-0.7608082,-1.5031306,1,[np.float32(5.0934668)],[np.float32(0.21994561)],0.21994561,5.0934668,fixed,fixed
505928,365,5.786329,0.0,-0.66695356,-0.9004624,1,[np.float32(5.0934668)],[np.float32(0.05768841)],0.05768841,6.088874,fixed,fixed
505928,386,6.214031,0.0,-0.7403231,-1.4078817,1,[np.float32(5.0934668)],[np.float32(0.20743524)],0.20743524,5.0934668,fixed,fixed
505928,387,7.5358305,0.0,-0.735737,-1.2450897,1,[np.float32(5.0934668)],[np.float32(0.07239285)],0.07239285,7.5358305,fixed,fixed
505928,389,5.877573,0.0,-0.6745509,-0.6923372,1,[np.float32(5.0934668)],[np.float32(0.028311158)],0.028311158,6.9761195,fixed,fixed
505928,392,5.877573,0.0,-0.6456274,-1.5931648,1,[np.float32(7.5358305)],[np.float32(0.10823412)],0.10823412,5.184434,fixed,fixed
505928,393,4.411208,0.0,-0.612182,-1.4704014,2,"[np.float32(5.0934668), np.float32(7.5358305)]","[np.float32(0.054291654), np.float32(0.10358117)]",0.10358117,6.214031,fixed,fixed
505928,394,7.1303654,0.0,-0.73242486,-1.3484745,1,[np.float32(5.0934668)],[np.float32(0.11897195)],0.11897195,5.0934668,fixed,fixed
505928,416,5.184434,0.0,-0.63483495,-0.6432058,1,[np.float32(5.625983)],[np.float32(0.025467675)],0.025467675,4.8615465,fixed,fixed
542618,30,4.5525913,0.0,-0.5823696,-0.6052942,1,[np.float32(5.4253707)],[np.float32(0.032927886)],0.032927886,6.214031,broken,broken
542618,36,5.0301485,0.0,-0.6025215,-0.8949577,1,[np.float32(5.0934668)],[np.float32(0.078936815)],0.078936815,5.1152887,broken,broken
542618,38,5.1152887,0.0,-0.60793376,-0.92333776,1,[np.float32(5.0934668)],[np.float32(0.08286201)],0.08286201,5.0301485,broken,broken
542618,43,6.088874,0.0,-0.6618788,-1.3811659,1,[np.float32(7.5358305)],[np.float32(0.059698556)],0.059698556,6.7248263,broken,broken
542618,48,4.5525913,0.0,-0.58110696,-0.73577195,1,[np.float32(5.0934668)],[np.float32(0.0593831)],0.0593831,6.088874,broken,broken
542618,50,6.842684,0.0,-0.68153644,-1.3574401,1,[np.float32(6.088874)],[np.float32(0.08446663)],0.08446663,6.088874,broken,broken
542618,51,6.088874,1.0,-0.9620248,-0.76277083,1,[np.float32(5.0934668)],[np.float32(0.03232453)],0.03232453,6.7248263,broken,broken
542618,53,5.786329,0.0,-0.6643063,-1.0053219,1,[np.float32(6.088874)],[np.float32(0.048188686)],0.048188686,6.088874,broken,broken
542618,60,4.951692,0.0,-0.6073078,-0.7383278,1,[np.float32(5.4253707)],[np.float32(0.042770606)],0.042770606,5.2083592,broken,broken
542618,66,5.901499,0.0,-0.6442024,-0.93885237,1,[np.float32(5.0934668)],[np.float32(0.061586138)],0.061586138,6.088874,broken,broken
542618,74,6.5241694,0.0,-0.67319757,-1.5112611,1,[np.float32(5.0934668)],[np.float32(0.24319017)],0.24319017,5.0934668,broken,broken
542618,75,5.0934668,1.0,-0.9295542,-0.7743678,1,[np.float32(6.088874)],[np.float32(0.03232453)],0.03232453,6.5241694,broken,broken
542618,76,6.9761195,0.0,-0.75069875,-1.4951938,1,[np.float32(5.0934668)],[np.float32(0.19394967)],0.19394967,5.0934668,broken,broken
542618,77,5.5545464,0.0,-0.64955366,-0.8232016,1,[np.float32(5.0934668)],[np.float32(0.050411604)],0.050411604,5.0934668,broken,broken
542618,86,5.184434,0.0,-0.6344938,-0.6998308,1,[np.float32(5.0934668)],[np.float32(0.04016033)],0.04016033,6.7248263,broken,broken
542618,89,7.5358305,0.0,-0.749924,-1.4836296,1,[np.float32(5.0934668)],[np.float32(0.14657553)],0.14657553,5.0934668,broken,broken
542618,90,5.4253707,0.0,-0.6432456,-0.5416031,1,[np.float32(5.0934668)],[np.float32(0.020732379)],0.020732379,8.228977,broken,broken
542618,94,6.7248263,0.0,-0.8436623,-1.9018301,1,[np.float32(6.088874)],[np.float32(0.36320382)],0.36320382,6.088874,broken,broken
542618,95,5.977319,0.0,-0.680821,-1.0689851,1,[np.float32(6.088874)],[np.float32(0.05349227)],0.05349227,7.5358305,broken,broken
542618,96,7.5358305,0.0,-0.7338156,-1.2450897,1,[np.float32(5.0934668)],[np.float32(0.07239285)],0.07239285,7.5358305,broken,broken
542618,97,6.214031,0.0,-0.69776505,-1.1858479,1,[np.float32(5.0934668)],[np.float32(0.111585006)],0.111585006,5.0934668,broken,broken
542618,99,6.214031,0.0,-0.6677092,-0.9065835,1,[np.float32(6.088874)],[np.float32(0.029311275)],0.029311275,4.5525913,broken,broken
542618,100,8.228977,0.0,-0.7693829,-1.5782322,1,[np.float32(6.088874)],[np.float32(0.08518146)],0.08518146,7.5358305,broken,broken
542618,101,6.842684,0.0,-0.74566543,-1.5031776,1,[np.float32(6.088874)],[np.float32(0.12746923)],0.12746923,7.5358305,broken,broken
542618,102,5.0934668,0.0,-0.6752405,-0.9160638,2,"[np.float32(6.088874), np.float32(5.0934668)]","[np.float32(0.03232453), np.float32(0.08184193)]",0.08184193,6.7248263,broken,broken
542618,103,7.1303654,0.0,-0.72700065,-1.3484745,1,[np.float32(5.0934668)],[np.float32(0.11897195)],0.11897195,5.0934668,broken,broken
542618,106,7.5358305,0.0,-0.7214324,-1.8634847,1,[np.float32(7.5358305)],[np.float32(0.12459149)],0.12459149,8.228977,broken,broken
542618,127,6.842684,0.0,-0.68838215,-1.4268335,1,[np.float32(5.877573)],[np.float32(0.11442152)],0.11442152,7.5358305,broken,broken
542618,129,5.877573,0.0,-0.6630126,-0.7222562,1,[np.float32(5.877573)],[np.float32(0.02113925)],0.02113925,6.7248263,broken,broken
542618,130,5.4253707,0.0,-0.6779078,-1.4424306,1,[np.float32(7.5358305)],[np.float32(0.08591343)],0.08591343,7.5358305,broken,broken
542618,131,7.5358305,0.0,-0.76303774,-1.8634847,1,[np.float32(7.5358305)],[np.float32(0.12459149)],0.12459149,6.842684,broken,broken
542618,135,5.877573,0.0,-0.6798174,-1.3107322,1,[np.float32(7.5358305)],[np.float32(0.053509373)],0.053509373,6.7248263,broken,broken
542618,145,7.5358305,0.0,-0.7112715,-1.2750087,1,[np.float32(5.877573)],[np.float32(0.053509373)],0.053509373,7.5358305,broken,broken
542618,148,5.877573,0.0,-0.66234666,-0.7222562,1,[np.float32(5.877573)],[np.float32(0.02113925)],0.02113925,6.7248263,broken,broken
542618,151,6.357125,0.0,-0.6705086,-1.2335458,1,[np.float32(5.0934668)],[np.float32(0.12033005)],0.12033005,5.0934668,broken,broken
542618,153,7.5358305,0.0,-0.7113972,-1.2450897,1,[np.float32(5.0934668)],[np.float32(0.07239285)],0.07239285,7.5358305,broken,broken
542618,156,5.786329,0.0,-0.6887577,-1.0747151,1,[np.float32(5.877573)],[np.float32(0.06569621)],0.06569621,7.5358305,broken,broken
542618,157,7.5358305,0.0,-0.74355805,-1.2750087,1,[np.float32(5.877573)],[np.float32(0.053509373)],0.053509373,6.842684,broken,broken
542618,161,5.877573,0.0,-0.67242247,-0.7222562,1,[np.float32(5.877573)],[np.float32(0.02113925)],0.02113925,6.7248263,broken,broken
542618,172,5.0934668,0.0,-0.668569,-1.0388595,2,"[np.float32(5.0934668), np.float32(5.4253707)]","[np.float32(0.08184193), np.float32(0.098482996)]",0.098482996,6.9761195,broken,broken
542618,177,5.877573,0.0,-0.6619653,-0.6923372,1,[np.float32(5.0934668)],[np.float32(0.028311158)],0.028311158,6.7248263,broken,broken
542618,179,5.184434,0.0,-0.623566,-0.6998308,1,[np.float32(5.0934668)],[np.float32(0.04016033)],0.04016033,6.9761195,broken,broken
542618,182,5.877573,0.0,-0.67206526,-0.7222562,1,[np.float32(5.877573)],[np.float32(0.02113925)],0.02113925,6.7248263,broken,broken
542618,184,5.4253707,0.0,-0.6430544,-0.5416031,1,[np.float32(5.0934668)],[np.float32(0.020732379)],0.020732379,8.228977,broken,broken
542618,188,7.1303654,0.0,-0.729717,-1.3484745,1,[np.float32(5.0934668)],[np.float32(0.11897195)],0.11897195,5.0934668,broken,broken
542618,189,7.5358305,0.0,-0.75501716,-1.4836296,1,[np.float32(5.0934668)],[np.float32(0.14657553)],0.14657553,5.0934668,broken,broken
542618,190,5.5545464,0.0,-0.65194535,-0.8232016,1,[np.float32(5.0934668)],[np.float32(0.050411604)],0.050411604,5.0934668,broken,broken
542618,204,6.842684,0.0,-0.6862617,-1.4268335,1,[np.float32(5.877573)],[np.float32(0.11442152)],0.11442152,7.5358305,broken,broken
542618,205,5.184434,0.0,-0.6196618,-0.7304895,1,[np.float32(5.877573)],[np.float32(0.029987883)],0.029987883,6.7248263,broken,broken
542618,217,7.5358305,0.0,-0.7419552,-1.2750087,1,[np.float32(5.877573)],[np.float32(0.053509373)],0.053509373,6.842684,broken,broken
542618,233,7.5358305,0.0,-0.70740306,-1.2750087,1,[np.float32(5.877573)],[np.float32(0.053509373)],0.053509373,7.5358305,broken,broken
542618,234,6.214031,0.0,-0.66033643,-0.83440894,1,[np.float32(5.877573)],[np.float32(0.025936576)],0.025936576,5.0934668,broken,broken
542618,239,6.7248263,0.0,-0.8179127,-1.809466,1,[np.float32(5.877573)],[np.float32(0.32661414)],0.32661414,5.877573,broken,broken
542618,241,5.786329,0.0,-0.7138803,-1.0747151,2,"[np.float32(5.877573), np.float32(5.877573)]","[np.float32(0.06569621), np.float32(0.06569621)]",0.06569621,7.5358305,broken,broken
542618,242,7.5358305,0.0,-0.74658537,-1.2750087,1,[np.float32(5.877573)],[np.float32(0.053509373)],0.053509373,8.228977,broken,broken
542618,243,7.5358305,0.0,-0.73305625,-1.2750087,1,[np.float32(5.877573)],[np.float32(0.053509373)],0.053509373,7.5358305,broken,broken
542618,244,6.842684,0.0,-0.7358243,-1.4268335,1,[np.float32(5.877573)],[np.float32(0.11442152)],0.11442152,7.5358305,broken,broken
542618,246,5.877573,0.0,-0.67179096,-0.7222562,1,[np.float32(5.877573)],[np.float32(0.02113925)],0.02113925,6.7248263,broken,broken
542618,256,5.284512,0.0,-0.66208,-0.7331901,1,[np.float32(5.0934668)],[np.float32(0.04278246)],0.04278246,6.088874,broken,broken
542618,264,5.877573,0.0,-0.6711055,-0.7222562,1,[np.float32(5.877573)],[np.float32(0.02113925)],0.02113925,6.7248263,broken,broken
542618,267,6.214031,0.0,-0.7389925,-1.4078817,1,[np.float32(5.0934668)],[np.float32(0.20743524)],0.20743524,5.0934668,broken,broken
542618,269,7.5358305,0.0,-0.73590636,-1.2450897,1,[np.float32(5.0934668)],[np.float32(0.07239285)],0.07239285,7.5358305,broken,broken
542618,286,6.7248263,0.0,-0.76136655,-1.5031306,1,[np.float32(5.0934668)],[np.float32(0.21994561)],0.21994561,5.0934668,broken,broken
542618,289,5.5545464,0.0,-0.65133303,-0.58466166,1,[np.float32(5.0934668)],[np.float32(0.022772891)],0.022772891,8.228977,broken,broken
542618,290,6.088874,0.0,-0.6759615,-1.0013107,1,[np.float32(5.0934668)],[np.float32(0.06837011)],0.06837011,5.284512,broken,broken
542618,291,5.877573,0.0,-0.6738763,-0.6923372,1,[np.float32(5.0934668)],[np.float32(0.028311158)],0.028311158,6.7248263,broken,broken
542618,293,5.0934668,0.0,-0.65621775,-0.9160638,1,[np.float32(5.0934668)],[np.float32(0.08184193)],0.08184193,6.7248263,broken,broken
542618,300,7.1303654,0.0,-0.7320901,-1.3484745,1,[np.float32(5.0934668)],[np.float32(0.11897195)],0.11897195,5.0934668,broken,broken
542618,311,6.7248263,0.0,-0.8168932,-1.809466,1,[np.float32(5.877573)],[np.float32(0.32661414)],0.32661414,5.877573,broken,broken
542618,312,5.977319,0.0,-0.67209846,-0.9947844,1,[np.float32(5.877573)],[np.float32(0.04764821)],0.04764821,5.877573,broken,broken
542618,315,8.228977,0.0,-0.76304966,-1.5060576,1,[np.float32(5.877573)],[np.float32(0.07651761)],0.07651761,7.5358305,broken,broken
542618,316,6.842684,0.0,-0.7354358,-1.4268335,1,[np.float32(5.877573)],[np.float32(0.11442152)],0.11442152,7.5358305,broken,broken
542618,317,5.184434,0.0,-0.62550807,-0.7304895,1,[np.float32(5.877573)],[np.float32(0.029987883)],0.029987883,6.9761195,broken,broken
542618,368,5.284512,0.0,-0.66077995,-0.7331901,1,[np.float32(5.0934668)],[np.float32(0.04278246)],0.04278246,6.088874,broken,broken
550449,107,5.284512,0.0,-0.62911916,-1.0498244,1,[np.float32(5.284512)],[np.float32(0.10120408)],0.10120408,6.088874,broken,broken
550449,135,5.877573,0.0,-0.6574635,-1.4707679,1,[np.float32(6.842684)],[np.float32(0.11442152)],0.11442152,6.7248263,broken,broken
550449,165,5.0934668,0.0,-0.6243472,-0.73604125,1,[np.float32(5.284512)],[np.float32(0.04278246)],0.04278246,6.7248263,broken,broken
550449,192,5.184434,0.0,-0.6310389,-0.81590843,1,[np.float32(5.4253707)],[np.float32(0.049271513)],0.049271513,6.7248263,broken,broken
550449,218,6.214031,0.0,-0.6541547,-1.2541078,1,[np.float32(5.284512)],[np.float32(0.123305775)],0.123305775,5.284512,broken,broken
550449,221,5.0934668,0.0,-0.6326717,-0.73604125,1,[np.float32(5.284512)],[np.float32(0.04278246)],0.04278246,6.7248263,broken,broken
550449,223,5.5545464,0.0,-0.6566257,-0.9491878,1,[np.float32(6.842684)],[np.float32(0.030949712)],0.030949712,8.228977,broken,broken
550449,224,6.088874,0.0,-0.65181977,-1.3179449,1,[np.float32(5.284512)],[np.float32(0.15505402)],0.15505402,5.284512,broken,broken
550449,225,7.5358305,0.0,-0.7885927,-1.8636626,1,[np.float32(6.842684)],[np.float32(0.17628156)],0.17628156,8.228977,broken,broken
550449,227,6.088501,0.0,-0.6719037,-0.82753754,1,[np.float32(5.284512)],[np.float32(0.03622828)],0.03622828,5.284512,broken,broken
550449,228,7.5358305,0.0,-0.7571577,-1.5501624,1,[np.float32(5.284512)],[np.float32(0.1614404)],0.1614404,5.284512,broken,broken
550449,247,5.4253707,0.0,-0.65325636,-0.9061293,1,[np.float32(6.842684)],[np.float32(0.028767666)],0.028767666,7.5358305,broken,broken
550449,250,7.5358305,0.0,-0.71132785,-1.8634847,1,[np.float32(7.5358305)],[np.float32(0.12459149)],0.12459149,7.5358305,broken,broken
550449,252,5.877573,0.0,-0.7080513,-1.4707679,1,[np.float32(6.842684)],[np.float32(0.11442152)],0.11442152,6.7248263,broken,broken
550449,253,5.786329,0.0,-0.6549455,-0.7268135,1,[np.float32(5.284512)],[np.float32(0.030146634)],0.030146634,8.228977,broken,broken
550449,267,6.214031,0.0,-0.654026,-1.422885,1,[np.float32(7.5358305)],[np.float32(0.06367433)],0.06367433,5.0934668,broken,broken
550449,268,6.842684,0.0,-0.68590754,-1.9148684,1,[np.float32(7.5358305)],[np.float32(0.17628156)],0.17628156,7.5358305,broken,broken
550449,269,7.5358305,0.0,-0.70582086,-1.8634847,1,[np.float32(7.5358305)],[np.float32(0.12459149)],0.12459149,7.5358305,broken,broken
550449,271,5.877573,0.0,-0.6587469,-1.3107322,1,[np.float32(7.5358305)],[np.float32(0.053509373)],0.053509373,6.7248263,broken,broken
550449,276,6.842684,0.0,-0.6859121,-0.89081335,1,[np.float32(5.4253707)],[np.float32(0.028767666)],0.028767666,7.5358305,broken,broken
550449,293,5.0934668,0.0,-0.6235367,-0.54395676,1,[np.float32(5.4253707)],[np.float32(0.020732379)],0.020732379,6.7248263,broken,broken
550449,295,5.877573,0.0,-0.6632189,-1.4707679,2,"[np.float32(5.4253707), np.float32(6.842684)]","[np.float32(0.053859804), np.float32(0.11442152)]",0.11442152,6.7248263,broken,broken
550449,296,8.228977,0.0,-0.7303202,-1.3529111,1,[np.float32(5.4253707)],[np.float32(0.060737602)],0.060737602,7.5358305,broken,broken
550449,330,6.214031,0.0,-0.74305,-1.4808785,1,[np.float32(5.284512)],[np.float32(0.22865157)],0.22865157,5.284512,broken,broken
550449,333,5.0934668,0.0,-0.6464906,-0.73604125,1,[np.float32(5.284512)],[np.float32(0.04278246)],0.04278246,6.9761195,broken,broken
550449,336,6.088874,0.0,-0.74606055,-1.5052582,1,[np.float32(5.284512)],[np.float32(0.2540094)],0.2540094,5.284512,broken,broken
550449,338,4.5525913,0.0,-0.6152047,-0.80585074,1,[np.float32(5.284512)],[np.float32(0.0667954)],0.0667954,6.214031,broken,broken
550449,384,5.786329,0.0,-0.67609006,-1.0264486,1,[np.float32(6.842684)],[np.float32(0.03519518)],0.03519518,7.5358305,broken,broken
550449,385,7.5358305,0.0,-0.7866332,-1.8636626,1,[np.float32(6.842684)],[np.float32(0.17628156)],0.17628156,6.842684,broken,broken
550449,404,5.977319,0.0,-0.6769508,-1.090112,1,[np.float32(6.842684)],[np.float32(0.03904639)],0.03904639,7.5358305,broken,broken
550449,407,5.877573,0.0,-0.71254355,-1.4707679,1,[np.float32(6.842684)],[np.float32(0.11442152)],0.11442152,6.9761195,broken,broken
550449,416,5.184434,0.0,-0.63483495,-1.0929221,1,[np.float32(5.487917)],[np.float32(0.10704957)],0.10704957,4.8615465,broken,broken
550449,470,4.8615465,0.0,-0.5986805,-1.2697747,1,[np.float32(5.487917)],[np.float32(0.18501784)],0.18501784,5.184434,broken,broken
558512,48,4.5525913,0.0,-0.58110696,-0.48921657,1,[np.float32(5.0934668)],[np.float32(0.025679354)],0.025679354,6.088874,fixed,fixed
558512,51,6.088874,0.0,-0.66199905,-0.76277083,1,[np.float32(5.0934668)],[np.float32(0.03232453)],0.03232453,6.7248263,fixed,fixed
558512,57,4.45615,0.0,-0.5728037,-1.1195351,2,"[np.float32(6.842684), np.float32(5.786329)]","[np.float32(0.073229), np.float32(0.03937889)]",0.073229,6.7248263,fixed,fixed
558512,59,6.088874,0.0,-0.70228267,-1.3813437,1,[np.float32(6.842684)],[np.float32(0.08446663)],0.08446663,6.7248263,fixed,fixed
558512,60,4.951692,0.0,-0.6292312,-1.0022831,1,[np.float32(6.842684)],[np.float32(0.046202783)],0.046202783,5.2083592,fixed,fixed
558512,75,5.0934668,0.0,-0.64216584,-0.9160638,1,[np.float32(5.0934668)],[np.float32(0.08184193)],0.08184193,6.5241694,fixed,fixed
558512,96,7.5358305,0.0,-0.70585227,-1.2450897,1,[np.float32(5.0934668)],[np.float32(0.07239285)],0.07239285,7.5358305,fixed,fixed
558512,97,6.214031,0.0,-0.6554411,-1.4078817,1,[np.float32(5.0934668)],[np.float32(0.20743524)],0.20743524,5.0934668,fixed,fixed
558512,103,7.1303654,0.0,-0.7290276,-1.3484745,1,[np.float32(5.0934668)],[np.float32(0.11897195)],0.11897195,5.0934668,fixed,fixed
558512,104,5.5545464,0.0,-0.651907,-0.58466166,1,[np.float32(5.0934668)],[np.float32(0.022772891)],0.022772891,8.228977,fixed,fixed
558512,105,6.088874,0.0,-0.6762289,-1.0013107,1,[np.float32(5.0934668)],[np.float32(0.06837011)],0.06837011,4.5525913,fixed,fixed
558512,107,5.284512,0.0,-0.64481467,-0.7331901,2,"[np.float32(5.0934668), np.float32(5.786329)]","[np.float32(0.04278246), np.float32(0.030146634)]",0.04278246,6.088874,fixed,fixed
558512,125,5.877573,0.0,-0.64280206,-1.9591898,1,[np.float32(6.9761195)],[np.float32(0.28801104)],0.28801104,6.9761195,fixed,fixed
558512,132,6.842684,0.0,-0.6863613,-1.0129257,1,[np.float32(5.786329)],[np.float32(0.03519518)],0.03519518,7.5358305,fixed,fixed
558512,135,5.877573,0.0,-0.6685378,-1.0725757,2,"[np.float32(5.0934668), np.float32(5.786329)]","[np.float32(0.028311158), np.float32(0.06569621)]",0.06569621,6.7248263,fixed,fixed
558512,137,8.228977,0.0,-0.76261294,-1.4750236,1,[np.float32(5.786329)],[np.float32(0.07304597)],0.07304597,7.5358305,fixed,fixed
558512,197,6.7248263,0.0,-0.7578611,-1.5031306,1,[np.float32(5.0934668)],[np.float32(0.21994561)],0.21994561,5.0934668,fixed,fixed
558512,198,5.5545464,0.0,-0.65103316,-0.8232016,1,[np.float32(5.0934668)],[np.float32(0.050411604)],0.050411604,5.0934668,fixed,fixed
558512,205,5.184434,0.0,-0.6350319,-0.6998308,1,[np.float32(5.0934668)],[np.float32(0.04016033)],0.04016033,6.7248263,fixed,fixed
558512,208,7.5358305,0.0,-0.75318354,-1.4836296,1,[np.float32(5.0934668)],[np.float32(0.14657553)],0.14657553,5.0934668,fixed,fixed
558512,209,5.4253707,0.0,-0.64389294,-0.5416031,1,[np.float32(5.0934668)],[np.float32(0.020732379)],0.020732379,8.228977,fixed,fixed
558512,215,7.5358305,0.0,-0.73557454,-1.2450897,1,[np.float32(5.0934668)],[np.float32(0.07239285)],0.07239285,7.5358305,fixed,fixed
558512,216,6.214031,0.0,-0.7007184,-1.1858479,1,[np.float32(5.0934668)],[np.float32(0.111585006)],0.111585006,5.0934668,fixed,fixed
558512,221,5.0934668,0.0,-0.662838,-0.9160638,1,[np.float32(5.0934668)],[np.float32(0.08184193)],0.08184193,6.7248263,fixed,fixed
558512,222,7.1303654,0.0,-0.7297356,-1.3484745,1,[np.float32(5.0934668)],[np.float32(0.11897195)],0.11897195,5.0934668,fixed,fixed
558512,383,6.088874,0.0,-0.6677075,-1.0001935,1,[np.float32(5.786329)],[np.float32(0.048188686)],0.048188686,6.7248263,fixed,fixed
558512,428,4.8111362,0.0,-0.59595966,-0.574281,1,[np.float32(5.786329)],[np.float32(0.021990279)],0.021990279,6.18106,fixed,fixed
558512,430,4.8111362,0.0,-0.59908277,-0.8208317,1,[np.float32(5.786329)],[np.float32(0.048971288)],0.048971288,6.18106,fixed,fixed
581578,25,5.2083592,0.0,-0.61269134,-0.95436126,1,[np.float32(5.0934668)],[np.float32(0.087324865)],0.087324865,4.5525913,fixed,fixed
581578,27,4.8111362,0.0,-0.59878355,-0.5753982,1,[np.float32(5.0934668)],[np.float32(0.031217033)],0.031217033,7.5358305,fixed,fixed
581578,30,4.5525913,0.0,-0.5823696,-0.88719004,1,[np.float32(5.0934668)],[np.float32(0.093068875)],0.093068875,6.214031,fixed,fixed
581578,40,4.8111362,0.0,-0.59804094,-1.0073801,1,[np.float32(5.877573)],[np.float32(0.07992371)],0.07992371,7.5358305,fixed,fixed
581578,43,6.088874,0.0,-0.6618788,-0.7926898,1,[np.float32(5.877573)],[np.float32(0.02407378)],0.02407378,6.7248263,fixed,fixed
581578,48,4.5525913,0.0,-0.58110696,-0.5198753,1,[np.float32(5.877573)],[np.float32(0.019440975)],0.019440975,6.088874,fixed,fixed
581578,55,5.2083592,0.0,-0.61269134,-0.7078059,1,[np.float32(5.0934668)],[np.float32(0.0407778)],0.0407778,4.951692,fixed,fixed
581578,57,4.45615,0.0,-0.5728037,-0.8890514,1,[np.float32(5.877573)],[np.float32(0.06546549)],0.06546549,6.7248263,fixed,fixed
581578,59,6.088874,0.0,-0.66251457,-0.7926898,1,[np.float32(5.877573)],[np.float32(0.02407378)],0.02407378,6.7248263,fixed,fixed
581578,60,4.951692,0.0,-0.6073078,-0.8688056,1,[np.float32(5.0934668)],[np.float32(0.07544661)],0.07544661,5.2083592,fixed,fixed
581578,107,5.284512,0.0,-0.62911916,-1.0498244,2,"[np.float32(6.088501), np.float32(5.284512)]","[np.float32(0.03622828), np.float32(0.10120408)]",0.10120408,6.088874,fixed,fixed
581578,128,6.9761195,0.0,-0.8058611,-1.7898527,1,[np.float32(5.877573)],[np.float32(0.28801104)],0.28801104,5.877573,fixed,fixed
581578,130,5.4253707,0.0,-0.6631579,-0.9543958,1,[np.float32(5.877573)],[np.float32(0.053859804)],0.053859804,7.5358305,fixed,fixed
581578,131,7.5358305,0.0,-0.73600006,-1.2750087,1,[np.float32(5.877573)],[np.float32(0.053509373)],0.053509373,6.842684,fixed,fixed
581578,132,6.842684,0.0,-0.735745,-1.4268335,1,[np.float32(5.877573)],[np.float32(0.11442152)],0.11442152,7.5358305,fixed,fixed
581578,133,7.5358305,0.0,-0.73575985,-1.2750087,1,[np.float32(5.877573)],[np.float32(0.053509373)],0.053509373,7.5358305,fixed,fixed
581578,151,6.357125,0.0,-0.6705086,-1.3805634,1,[np.float32(5.0934668)],[np.float32(0.18210293)],0.18210293,5.0934668,fixed,fixed
581578,153,7.5358305,0.0,-0.7113972,-1.2450897,1,[np.float32(5.0934668)],[np.float32(0.07239285)],0.07239285,7.5358305,fixed,fixed
581578,165,5.0934668,0.0,-0.6243472,-0.73604125,1,[np.float32(5.284512)],[np.float32(0.04278246)],0.04278246,6.7248263,fixed,fixed
581578,171,6.9761195,0.0,-0.6960244,-1.4951938,1,[np.float32(5.0934668)],[np.float32(0.19394967)],0.19394967,5.0934668,fixed,fixed
581578,175,5.5545464,0.0,-0.64952856,-0.58466166,1,[np.float32(5.0934668)],[np.float32(0.022772891)],0.022772891,8.228977,fixed,fixed
581578,176,6.088874,0.0,-0.6719625,-1.0013107,1,[np.float32(5.0934668)],[np.float32(0.06837011)],0.06837011,5.284512,fixed,fixed
581578,177,5.877573,0.0,-0.6717072,-0.6923372,1,[np.float32(5.0934668)],[np.float32(0.028311158)],0.028311158,6.7248263,fixed,fixed
581578,180,5.0934668,0.0,-0.6548371,-0.9160638,1,[np.float32(5.0934668)],[np.float32(0.08184193)],0.08184193,6.7248263,fixed,fixed
581578,187,5.4253707,0.0,-0.653599,-1.0266985,1,[np.float32(5.0934668)],[np.float32(0.098482996)],0.098482996,5.0934668,fixed,fixed
581578,188,7.1303654,0.0,-0.72378093,-1.3484745,1,[np.float32(5.0934668)],[np.float32(0.11897195)],0.11897195,5.0934668,fixed,fixed
581578,218,6.214031,0.0,-0.6541547,-1.2541078,1,[np.float32(5.284512)],[np.float32(0.123305775)],0.123305775,5.284512,fixed,fixed
581578,221,5.0934668,0.0,-0.6326717,-0.73604125,1,[np.float32(5.284512)],[np.float32(0.04278246)],0.04278246,6.7248263,fixed,fixed
581578,224,6.088874,0.0,-0.65181977,-1.3179449,1,[np.float32(5.284512)],[np.float32(0.15505402)],0.15505402,5.284512,fixed,fixed
581578,227,6.088501,0.0,-0.6719037,-0.82753754,1,[np.float32(5.284512)],[np.float32(0.03622828)],0.03622828,5.284512,fixed,fixed
581578,228,7.5358305,0.0,-0.7571577,-1.5501624,1,[np.float32(5.284512)],[np.float32(0.1614404)],0.1614404,5.284512,fixed,fixed
581578,253,5.786329,0.0,-0.6549455,-0.7268135,1,[np.float32(5.284512)],[np.float32(0.030146634)],0.030146634,8.228977,fixed,fixed
581578,256,5.284512,0.0,-0.6602407,-0.7331901,1,[np.float32(5.0934668)],[np.float32(0.04278246)],0.04278246,6.088874,fixed,fixed
581578,330,6.214031,0.0,-0.74305,-1.4808785,1,[np.float32(5.284512)],[np.float32(0.22865157)],0.22865157,5.284512,fixed,fixed
581578,333,5.0934668,0.0,-0.6464906,-0.73604125,1,[np.float32(5.284512)],[np.float32(0.04278246)],0.04278246,6.9761195,fixed,fixed
581578,336,6.088874,0.0,-0.74606055,-1.5052582,1,[np.float32(5.284512)],[np.float32(0.2540094)],0.2540094,5.284512,fixed,fixed
581578,338,4.5525913,0.0,-0.6152047,-0.80585074,1,[np.float32(5.284512)],[np.float32(0.0667954)],0.0667954,6.214031,fixed,fixed
581578,392,5.877573,0.0,-0.6456274,-0.85097903,1,[np.float32(4.8615465)],[np.float32(0.0532357)],0.0532357,5.184434,fixed,fixed
581578,405,5.0934668,0.0,-0.62395954,-0.8931484,1,[np.float32(5.0301485)],[np.float32(0.078936815)],0.078936815,6.5241694,fixed,fixed
581578,407,5.877573,0.0,-0.66313875,-0.6709097,1,[np.float32(5.0301485)],[np.float32(0.02717884)],0.02717884,6.9761195,fixed,fixed
581578,416,5.184434,0.0,-0.63483495,-1.2275537,2,"[np.float32(5.0301485), np.float32(4.8615465)]","[np.float32(0.038555223), np.float32(0.2086917)]",0.2086917,4.8615465,fixed,fixed
581578,445,4.5525913,0.0,-0.61103904,-0.46731496,1,[np.float32(5.0301485)],[np.float32(0.024382805)],0.024382805,6.088874,fixed,fixed
581578,452,4.8111362,0.0,-0.592956,-0.79903823,2,"[np.float32(5.0301485), np.float32(4.8615465)]","[np.float32(0.06689753), np.float32(0.026210686)]",0.06689753,6.18106,fixed,fixed
581578,466,7.5358305,0.0,-0.7294752,-1.2236623,1,[np.float32(5.0301485)],[np.float32(0.0700509)],0.0700509,4.8111362,fixed,fixed
581578,469,6.214031,0.0,-0.6502173,-0.7261837,1,[np.float32(4.8615465)],[np.float32(0.030291062)],0.030291062,4.411208,fixed,fixed
581578,473,7.5358305,0.0,-0.73642296,-1.1667835,1,[np.float32(4.8615465)],[np.float32(0.064151175)],0.064151175,4.8615465,fixed,fixed
581578,479,5.977319,0.0,-0.6637285,-0.7041583,1,[np.float32(5.0301485)],[np.float32(0.028986992)],0.028986992,5.0301485,fixed,fixed
581578,481,5.366584,0.0,-0.70760304,-1.246261,1,[np.float32(5.0301485)],[np.float32(0.18958113)],0.18958113,5.0301485,fixed,fixed
581578,484,5.977319,0.0,-0.6637498,-0.64727956,1,[np.float32(4.8615465)],[np.float32(0.025992488)],0.025992488,4.8615465,fixed,fixed
581578,485,5.487917,0.0,-0.70168227,-1.2209623,1,[np.float32(4.8615465)],[np.float32(0.18501784)],0.18501784,4.8615465,fixed,fixed
585324,57,4.45615,0.0,-0.5728037,-1.1193571,1,[np.float32(7.5358305)],[np.float32(0.051759012)],0.051759012,6.7248263,fixed,fixed
585324,107,5.284512,0.0,-0.62911916,-1.7615027,1,[np.float32(7.5358305)],[np.float32(0.1614404)],0.1614404,6.088874,fixed,fixed
585324,164,5.0099363,0.0,-0.60180616,-0.92046994,1,[np.float32(5.877573)],[np.float32(0.057961278)],0.057961278,5.184434,fixed,fixed
585324,165,5.0934668,0.0,-0.6243472,-1.697821,1,[np.float32(6.7248263)],[np.float32(0.21994561)],0.21994561,6.7248263,fixed,fixed
585324,192,5.184434,0.0,-0.6310389,-1.4616389,1,[np.float32(5.877573)],[np.float32(0.2165618)],0.2165618,6.7248263,fixed,fixed
585324,271,5.877573,0.0,-0.6587469,-1.4707679,1,[np.float32(6.842684)],[np.float32(0.11442152)],0.11442152,6.7248263,fixed,fixed
585324,274,6.214031,0.0,-0.65517336,-1.0736886,1,[np.float32(5.877573)],[np.float32(0.054237153)],0.054237153,5.0934668,fixed,fixed
585324,277,5.877573,0.0,-0.6635719,-1.3107322,1,[np.float32(7.5358305)],[np.float32(0.053509373)],0.053509373,6.7248263,fixed,fixed
585324,281,5.0934668,0.0,-0.65019405,-0.9483134,1,[np.float32(5.877573)],[np.float32(0.06076004)],0.06076004,6.7248263,fixed,fixed
585324,284,7.5358305,0.0,-0.74161804,-1.5142883,1,[np.float32(5.877573)],[np.float32(0.10823412)],0.10823412,5.0934668,fixed,fixed
585324,299,5.977319,0.0,-0.6700641,-0.9947844,1,[np.float32(5.877573)],[np.float32(0.04764821)],0.04764821,5.877573,fixed,fixed
585324,304,5.184434,0.0,-0.68728584,-1.2467588,1,[np.float32(5.877573)],[np.float32(0.13178323)],0.13178323,6.7248263,fixed,fixed
585324,355,7.5358305,0.0,-0.71002984,-1.8634847,1,[np.float32(7.5358305)],[np.float32(0.12459149)],0.12459149,7.5358305,fixed,fixed
585324,356,6.842684,1.0,-0.96574926,-1.9148684,1,[np.float32(7.5358305)],[np.float32(0.17628156)],0.17628156,7.5358305,fixed,fixed
585324,359,5.4253707,0.0,-0.65320724,-0.9061293,1,[np.float32(6.842684)],[np.float32(0.028767666)],0.028767666,7.5358305,fixed,fixed
585324,360,7.5358305,1.0,-0.9709273,-1.8636626,1,[np.float32(6.842684)],[np.float32(0.17628156)],0.17628156,6.842684,fixed,fixed
585324,373,7.5358305,0.0,-0.7591153,-1.8634847,1,[np.float32(7.5358305)],[np.float32(0.12459149)],0.12459149,7.5358305,fixed,fixed
585324,376,5.877573,0.0,-0.68117225,-1.3107322,1,[np.float32(7.5358305)],[np.float32(0.053509373)],0.053509373,6.9761195,fixed,fixed
585324,377,5.4253707,0.0,-0.6529793,-0.9061293,1,[np.float32(6.842684)],[np.float32(0.028767666)],0.028767666,7.5358305,fixed,fixed
585324,383,6.088874,0.0,-0.72314674,-1.5412015,1,[np.float32(6.842684)],[np.float32(0.12746923)],0.12746923,6.7248263,fixed,fixed
585324,392,5.877573,0.0,-0.68151385,-1.2096821,1,[np.float32(5.877573)],[np.float32(0.092942566)],0.092942566,5.184434,fixed,fixed
648442,18,4.8111362,0.0,-0.5977445,-0.4782444,1,[np.float32(4.8111362)],[np.float32(0.025171421)],0.025171421,7.5358305,fixed,fixed
648442,27,4.8111362,0.0,-0.59878355,-0.72078735,1,[np.float32(4.8111362)],[np.float32(0.058463678)],0.058463678,7.5358305,fixed,fixed
648442,39,5.901499,0.0,-0.6507243,-1.0842415,1,[np.float32(4.8111362)],[np.float32(0.109549694)],0.109549694,4.8111362,fixed,fixed
648442,40,4.8111362,1.0,-0.9329843,-1.6037108,1,[np.float32(7.5358305)],[np.float32(0.12702198)],0.12702198,7.5358305,fixed,fixed
648442,42,6.842684,0.0,-0.72006905,-1.1554269,1,[np.float32(4.8111362)],[np.float32(0.08839323)],0.08839323,4.8111362,fixed,fixed
648442,44,7.5358305,0.0,-0.7276583,-1.149825,1,[np.float32(4.8111362)],[np.float32(0.062477622)],0.062477622,4.8111362,fixed,fixed
648442,45,5.786329,0.0,-0.6636577,-0.80330855,1,[np.float32(4.8111362)],[np.float32(0.048971288)],0.048971288,4.8111362,fixed,fixed
648442,46,7.5358305,0.0,-0.7276583,-1.149825,1,[np.float32(4.8111362)],[np.float32(0.062477622)],0.062477622,4.8111362,fixed,fixed
648442,48,4.5525913,0.0,-0.60241586,-1.1515042,2,"[np.float32(4.8111362), np.float32(7.5358305)]","[np.float32(0.049403396), np.float32(0.054496072)]",0.054496072,6.088874,fixed,fixed
648442,50,6.842684,0.0,-0.70046955,-0.91877604,1,[np.float32(4.8111362)],[np.float32(0.04272912)],0.04272912,6.088874,fixed,fixed
648442,52,7.5358305,1.0,-0.9720874,-1.3864759,1,[np.float32(4.8111362)],[np.float32(0.12702198)],0.12702198,4.8111362,fixed,fixed
648442,53,5.786329,0.0,-0.6517725,-0.5666577,1,[np.float32(4.8111362)],[np.float32(0.021990279)],0.021990279,6.088874,fixed,fixed
648442,54,7.5358305,0.0,-0.7535581,-1.3864759,1,[np.float32(4.8111362)],[np.float32(0.12702198)],0.12702198,4.8111362,fixed,fixed
648442,57,4.45615,0.0,-0.5807762,-0.35991564,1,[np.float32(4.8111362)],[np.float32(0.018269394)],0.018269394,6.7248263,fixed,fixed
648442,83,5.877573,0.0,-0.67743826,-0.97457576,1,[np.float32(4.8111362)],[np.float32(0.07992371)],0.07992371,6.9761195,fixed,fixed
648442,102,5.0934668,0.0,-0.63223386,-0.9160638,1,[np.float32(5.0934668)],[np.float32(0.08184193)],0.08184193,6.7248263,fixed,fixed
648442,107,5.284512,0.0,-0.62911916,-0.7331901,1,[np.float32(5.0934668)],[np.float32(0.04278246)],0.04278246,6.088874,fixed,fixed
648442,113,5.877573,0.0,-0.68020195,-0.5970724,1,[np.float32(4.8111362)],[np.float32(0.023465414)],0.023465414,6.9761195,fixed,fixed
648442,125,5.877573,0.0,-0.677462,-0.97457576,1,[np.float32(4.8111362)],[np.float32(0.07992371)],0.07992371,6.9761195,fixed,fixed
648442,135,5.877573,0.0,-0.6574635,-0.6923372,1,[np.float32(5.0934668)],[np.float32(0.028311158)],0.028311158,6.7248263,fixed,fixed
648442,144,5.877573,0.0,-0.651697,-1.3107322,2,"[np.float32(4.8111362), np.float32(7.5358305)]","[np.float32(0.023465414), np.float32(0.053509373)]",0.053509373,6.9761195,fixed,fixed
648442,157,7.5358305,0.0,-0.7717366,-1.8634847,1,[np.float32(7.5358305)],[np.float32(0.12459149)],0.12459149,6.842684,fixed,fixed
648442,172,5.0934668,0.0,-0.6955442,-1.331796,1,[np.float32(7.5358305)],[np.float32(0.07239285)],0.07239285,6.9761195,fixed,fixed
648442,177,5.877573,0.0,-0.6619653,-1.0725757,1,[np.float32(5.786329)],[np.float32(0.06569621)],0.06569621,6.7248263,fixed,fixed
648442,178,5.977319,0.0,-0.68640953,-1.3439808,1,[np.float32(7.5358305)],[np.float32(0.05635246)],0.05635246,7.5358305,fixed,fixed
648442,180,5.0934668,0.0,-0.65921545,-1.331796,1,[np.float32(7.5358305)],[np.float32(0.07239285)],0.07239285,6.7248263,fixed,fixed
648442,211,6.842684,0.0,-0.6858661,-1.4268335,1,[np.float32(5.877573)],[np.float32(0.11442152)],0.11442152,7.5358305,fixed,fixed
648442,215,7.5358305,0.0,-0.7063099,-1.2750087,2,"[np.float32(5.0934668), np.float32(5.877573)]","[np.float32(0.07239285), np.float32(0.053509373)]",0.07239285,7.5358305,fixed,fixed
648442,216,6.214031,0.0,-0.6564195,-1.4078817,2,"[np.float32(5.0934668), np.float32(5.877573)]","[np.float32(0.20743524), np.float32(0.025936576)]",0.20743524,5.0934668,fixed,fixed
648442,222,7.1303654,0.0,-0.72953147,-1.3484745,1,[np.float32(5.0934668)],[np.float32(0.11897195)],0.11897195,5.0934668,fixed,fixed
648442,223,5.5545464,0.0,-0.6518166,-0.58466166,1,[np.float32(5.0934668)],[np.float32(0.022772891)],0.022772891,8.228977,fixed,fixed
648442,224,6.088874,0.0,-0.6758099,-1.0013107,1,[np.float32(5.0934668)],[np.float32(0.06837011)],0.06837011,5.284512,fixed,fixed
648442,225,7.5358305,0.0,-0.72145593,-1.2750087,1,[np.float32(5.877573)],[np.float32(0.053509373)],0.053509373,8.228977,fixed,fixed
648442,226,5.284512,0.0,-0.64472926,-0.7331901,1,[np.float32(5.0934668)],[np.float32(0.04278246)],0.04278246,6.088874,fixed,fixed
648442,236,6.842684,0.0,-0.68584555,-1.0129257,1,[np.float32(5.786329)],[np.float32(0.03519518)],0.03519518,7.5358305,fixed,fixed
648442,237,8.228977,0.0,-0.7298684,-1.4750236,1,[np.float32(5.786329)],[np.float32(0.07304597)],0.07304597,7.5358305,fixed,fixed
648442,238,5.0934668,0.0,-0.6296454,-0.91494185,1,[np.float32(5.786329)],[np.float32(0.05768841)],0.05768841,6.7248263,fixed,fixed
648442,240,5.877573,0.0,-0.65819,-0.7222562,1,[np.float32(5.877573)],[np.float32(0.02113925)],0.02113925,6.7248263,fixed,fixed
648442,244,6.842684,0.0,-0.6863868,-1.4268335,1,[np.float32(5.877573)],[np.float32(0.11442152)],0.11442152,7.5358305,fixed,fixed
648442,246,5.877573,1.0,-0.95104593,-0.7222562,1,[np.float32(5.877573)],[np.float32(0.02113925)],0.02113925,6.7248263,fixed,fixed
648442,247,5.4253707,0.0,-0.6625819,-0.9543958,1,[np.float32(5.877573)],[np.float32(0.053859804)],0.053859804,7.5358305,fixed,fixed
648442,252,5.877573,0.0,-0.6769426,-0.7222562,2,"[np.float32(5.0934668), np.float32(5.877573)]","[np.float32(0.028311158), np.float32(0.02113925)]",0.028311158,6.7248263,fixed,fixed
648442,256,5.284512,0.0,-0.6476308,-0.7320729,1,[np.float32(5.786329)],[np.float32(0.030146634)],0.030146634,6.088874,fixed,fixed
648442,261,7.5358305,0.0,-0.7103717,-1.2750087,1,[np.float32(5.877573)],[np.float32(0.053509373)],0.053509373,7.5358305,fixed,fixed
648442,264,5.877573,0.0,-0.6623433,-0.7222562,1,[np.float32(5.877573)],[np.float32(0.02113925)],0.02113925,6.7248263,fixed,fixed
648442,271,5.877573,1.0,-0.9547348,-0.7222562,1,[np.float32(5.877573)],[np.float32(0.02113925)],0.02113925,6.7248263,fixed,fixed
648442,272,5.786329,0.0,-0.6867914,-1.0747151,1,[np.float32(5.877573)],[np.float32(0.06569621)],0.06569621,7.5358305,fixed,fixed
648442,273,7.5358305,0.0,-0.74166185,-1.2750087,1,[np.float32(5.877573)],[np.float32(0.053509373)],0.053509373,6.842684,fixed,fixed
648442,277,5.877573,0.0,-0.6724312,-0.7222562,1,[np.float32(5.877573)],[np.float32(0.02113925)],0.02113925,6.7248263,fixed,fixed
648442,295,5.877573,0.0,-0.67206526,-0.7222562,1,[np.float32(5.877573)],[np.float32(0.02113925)],0.02113925,6.7248263,fixed,fixed
648442,309,6.7248263,0.0,-0.7572862,-1.5031306,1,[np.float32(5.0934668)],[np.float32(0.21994561)],0.21994561,5.0934668,fixed,fixed
648442,310,5.5545464,0.0,-0.6508845,-0.8232016,1,[np.float32(5.0934668)],[np.float32(0.050411604)],0.050411604,5.0934668,fixed,fixed
648442,317,5.184434,0.0,-0.62850195,-0.6998308,1,[np.float32(5.0934668)],[np.float32(0.04016033)],0.04016033,6.9761195,fixed,fixed
648442,318,6.7248263,0.0,-0.81363857,-1.809466,1,[np.float32(5.877573)],[np.float32(0.32661414)],0.32661414,5.877573,fixed,fixed
648442,320,7.5358305,0.0,-0.7529962,-1.4836296,1,[np.float32(5.0934668)],[np.float32(0.14657553)],0.14657553,5.0934668,fixed,fixed
648442,321,5.4253707,0.0,-0.66692984,-0.9543958,2,"[np.float32(5.0934668), np.float32(5.877573)]","[np.float32(0.020732379), np.float32(0.053859804)]",0.053859804,8.228977,fixed,fixed
648442,322,7.5358305,0.0,-0.7413098,-1.2750087,1,[np.float32(5.877573)],[np.float32(0.053509373)],0.053509373,8.228977,fixed,fixed
648442,323,6.842684,0.0,-0.7342051,-1.4268335,1,[np.float32(5.877573)],[np.float32(0.11442152)],0.11442152,7.5358305,fixed,fixed
648442,324,7.5358305,0.0,-0.73503506,-1.2750087,1,[np.float32(5.877573)],[np.float32(0.053509373)],0.053509373,7.5358305,fixed,fixed
648442,327,7.5358305,0.0,-0.73540074,-1.2450897,1,[np.float32(5.0934668)],[np.float32(0.07239285)],0.07239285,7.5358305,fixed,fixed
648442,328,6.357125,0.0,-0.70860016,-1.2335458,1,[np.float32(5.0934668)],[np.float32(0.12033005)],0.12033005,5.0934668,fixed,fixed
648442,329,7.5358305,0.0,-0.74214774,-1.2750087,1,[np.float32(5.877573)],[np.float32(0.053509373)],0.053509373,6.842684,fixed,fixed
648442,333,5.0934668,0.0,-0.6613922,-0.9160638,1,[np.float32(5.0934668)],[np.float32(0.08184193)],0.08184193,6.9761195,fixed,fixed
648442,334,7.1303654,0.0,-0.7296065,-1.3484745,1,[np.float32(5.0934668)],[np.float32(0.11897195)],0.11897195,5.0934668,fixed,fixed
648442,351,6.7248263,0.0,-0.8179127,-1.809466,1,[np.float32(5.877573)],[np.float32(0.32661414)],0.32661414,5.877573,fixed,fixed
648442,353,5.786329,0.0,-0.6877739,-1.0747151,1,[np.float32(5.877573)],[np.float32(0.06569621)],0.06569621,7.5358305,fixed,fixed
648442,355,7.5358305,0.0,-0.73305625,-1.2750087,1,[np.float32(5.877573)],[np.float32(0.053509373)],0.053509373,7.5358305,fixed,fixed
648442,356,6.842684,0.0,-0.7358243,-1.4268335,1,[np.float32(5.877573)],[np.float32(0.11442152)],0.11442152,7.5358305,fixed,fixed
725597,333,5.0934668,0.0,-0.63105845,-1.697821,1,[np.float32(6.9761195)],[np.float32(0.19394967)],0.19394967,6.9761195,fixed,fixed
725597,364,6.088874,0.0,-0.66779196,-2.0296233,1,[np.float32(6.7248263)],[np.float32(0.36320382)],0.36320382,6.7248263,fixed,fixed
725597,389,5.877573,0.0,-0.66331494,-1.9591898,1,[np.float32(6.9761195)],[np.float32(0.28801104)],0.28801104,6.9761195,fixed,fixed
725597,452,4.8111362,0.0,-0.592956,-1.6037108,1,[np.float32(7.5358305)],[np.float32(0.12702198)],0.12702198,6.18106,fixed,fixed
725597,463,5.0301485,0.0,-0.6005345,-1.3106899,1,[np.float32(7.5358305)],[np.float32(0.0700509)],0.0700509,5.366584,fixed,fixed
786472,43,6.088874,0.0,-0.6618788,-1.3811659,1,[np.float32(7.5358305)],[np.float32(0.059698556)],0.059698556,6.7248263,fixed,fixed
786472,55,5.2083592,0.0,-0.61269134,-0.9875438,1,[np.float32(5.184434)],[np.float32(0.09186398)],0.09186398,4.951692,fixed,fixed
786472,57,4.45615,0.0,-0.5728037,-0.48866105,1,[np.float32(5.184434)],[np.float32(0.025582792)],0.025582792,6.7248263,fixed,fixed
786472,58,6.842684,0.0,-0.68453777,-1.3574401,1,[np.float32(6.088874)],[np.float32(0.08446663)],0.08446663,6.088874,fixed,fixed
786472,59,6.088874,1.0,-0.96215963,-1.1430093,1,[np.float32(5.786329)],[np.float32(0.07359712)],0.07359712,6.7248263,fixed,fixed
786472,60,4.951692,0.0,-0.6073078,-0.9019881,1,[np.float32(5.184434)],[np.float32(0.079511344)],0.079511344,5.2083592,fixed,fixed
786472,62,5.977319,0.0,-0.6781807,-1.0689851,1,[np.float32(6.088874)],[np.float32(0.05349227)],0.05349227,6.088874,fixed,fixed
786472,92,6.842684,0.0,-0.685987,-1.9148684,1,[np.float32(7.5358305)],[np.float32(0.17628156)],0.17628156,7.5358305,fixed,fixed
786472,93,7.5358305,0.0,-0.71131593,-1.8634847,1,[np.float32(7.5358305)],[np.float32(0.12459149)],0.12459149,7.5358305,fixed,fixed
786472,96,7.5358305,0.0,-0.70585227,-1.8634847,1,[np.float32(7.5358305)],[np.float32(0.12459149)],0.12459149,7.5358305,fixed,fixed
786472,97,6.214031,0.0,-0.6554411,-1.422885,1,[np.float32(7.5358305)],[np.float32(0.06367433)],0.06367433,5.0934668,fixed,fixed
786472,125,5.877573,0.0,-0.65346205,-0.79443073,1,[np.float32(6.088874)],[np.float32(0.02407378)],0.02407378,6.9761195,fixed,fixed
786472,127,6.842684,0.0,-0.68838215,-1.4268335,1,[np.float32(5.877573)],[np.float32(0.11442152)],0.11442152,7.5358305,fixed,fixed
786472,129,5.877573,0.0,-0.6630126,-0.7222562,1,[np.float32(5.877573)],[np.float32(0.02113925)],0.02113925,6.7248263,fixed,fixed
786472,132,6.842684,0.0,-0.6863613,-1.0129257,1,[np.float32(5.786329)],[np.float32(0.03519518)],0.03519518,7.5358305,fixed,fixed
786472,133,7.5358305,0.0,-0.71146595,-1.4825125,1,[np.float32(5.786329)],[np.float32(0.10332351)],0.10332351,7.5358305,fixed,fixed
786472,138,7.5358305,0.0,-0.7510859,-1.3471832,1,[np.float32(6.088874)],[np.float32(0.059698556)],0.059698556,8.228977,fixed,fixed
786472,145,7.5358305,0.0,-0.7112715,-1.2750087,1,[np.float32(5.877573)],[np.float32(0.053509373)],0.053509373,7.5358305,fixed,fixed
786472,148,5.877573,0.0,-0.66234666,-0.7222562,1,[np.float32(5.877573)],[np.float32(0.02113925)],0.02113925,6.7248263,fixed,fixed
786472,151,6.357125,0.0,-0.6705086,-0.88303953,1,[np.float32(5.184434)],[np.float32(0.039985858)],0.039985858,5.0934668,fixed,fixed
786472,152,6.842684,0.0,-0.6861897,-1.0129257,1,[np.float32(5.786329)],[np.float32(0.03519518)],0.03519518,7.5358305,fixed,fixed
786472,154,6.7248263,0.0,-0.8436623,-1.9018301,1,[np.float32(6.088874)],[np.float32(0.36320382)],0.36320382,6.088874,fixed,fixed
786472,155,5.877573,1.0,-0.95314556,-1.0725757,1,[np.float32(5.786329)],[np.float32(0.06569621)],0.06569621,6.7248263,fixed,fixed
786472,156,5.786329,1.0,-0.9585299,-1.1510593,2,"[np.float32(6.088874), np.float32(5.877573)]","[np.float32(0.07359712), np.float32(0.06569621)]",0.07359712,7.5358305,fixed,fixed
786472,157,7.5358305,0.0,-0.74355805,-1.2750087,1,[np.float32(5.877573)],[np.float32(0.053509373)],0.053509373,6.842684,fixed,fixed
786472,158,6.214031,0.0,-0.6689662,-0.9065835,1,[np.float32(6.088874)],[np.float32(0.029311275)],0.029311275,4.45615,fixed,fixed
786472,159,7.5358305,0.0,-0.735627,-1.3471832,1,[np.float32(6.088874)],[np.float32(0.059698556)],0.059698556,7.5358305,fixed,fixed
786472,160,6.842684,0.0,-0.74566543,-1.5031776,1,[np.float32(6.088874)],[np.float32(0.12746923)],0.12746923,7.5358305,fixed,fixed
786472,161,5.877573,0.0,-0.67242247,-0.7222562,1,[np.float32(5.877573)],[np.float32(0.02113925)],0.02113925,6.7248263,fixed,fixed
786472,164,5.0099363,0.0,-0.60180616,-1.2146889,1,[np.float32(5.184434)],[np.float32(0.18143204)],0.18143204,5.184434,fixed,fixed
786472,180,5.0934668,0.0,-0.6421359,-0.70109993,1,[np.float32(5.184434)],[np.float32(0.04016033)],0.04016033,6.7248263,fixed,fixed
786472,181,6.9761195,0.0,-0.7591715,-1.5279642,1,[np.float32(5.184434)],[np.float32(0.20308375)],0.20308375,5.184434,fixed,fixed
786472,182,5.877573,0.0,-0.67206526,-0.7222562,1,[np.float32(5.877573)],[np.float32(0.02113925)],0.02113925,6.7248263,fixed,fixed
786472,184,5.4253707,0.0,-0.6540094,-0.8117346,1,[np.float32(5.184434)],[np.float32(0.049271513)],0.049271513,8.228977,fixed,fixed
786472,185,5.877573,0.0,-0.67351365,-0.72318894,1,[np.float32(5.184434)],[np.float32(0.029987883)],0.029987883,6.7248263,fixed,fixed
786472,189,7.5358305,0.0,-0.7281295,-1.2759415,1,[np.float32(5.184434)],[np.float32(0.07588504)],0.07588504,5.0934668,fixed,fixed
786472,191,8.228977,0.0,-0.76789933,-1.5069904,1,[np.float32(5.184434)],[np.float32(0.10851108)],0.10851108,5.184434,fixed,fixed
786472,192,5.184434,0.0,-0.66620994,-0.9795687,1,[np.float32(5.184434)],[np.float32(0.09065181)],0.09065181,6.7248263,fixed,fixed
786472,193,7.1303654,0.0,-0.7326346,-1.3800663,1,[np.float32(5.184434)],[np.float32(0.12464258)],0.12464258,5.184434,fixed,fixed
786472,217,7.5358305,0.0,-0.7419552,-1.2750087,1,[np.float32(5.877573)],[np.float32(0.053509373)],0.053509373,6.842684,fixed,fixed
786472,239,6.7248263,0.0,-0.8179127,-1.809466,1,[np.float32(5.877573)],[np.float32(0.32661414)],0.32661414,5.877573,fixed,fixed
786472,241,5.786329,0.0,-0.6870133,-1.0747151,1,[np.float32(5.877573)],[np.float32(0.06569621)],0.06569621,7.5358305,fixed,fixed
786472,243,7.5358305,0.0,-0.73305625,-1.2750087,1,[np.float32(5.877573)],[np.float32(0.053509373)],0.053509373,7.5358305,fixed,fixed
786472,244,6.842684,0.0,-0.7358243,-1.4268335,1,[np.float32(5.877573)],[np.float32(0.11442152)],0.11442152,7.5358305,fixed,fixed
819771,18,4.8111362,0.0,-0.5977445,-1.0073801,1,[np.float32(5.877573)],[np.float32(0.07992371)],0.07992371,7.5358305,fixed,fixed
819771,21,6.088874,0.0,-0.66197217,-0.7926898,1,[np.float32(5.877573)],[np.float32(0.02407378)],0.02407378,6.7248263,fixed,fixed
819771,36,5.0301485,0.0,-0.6025215,-0.679061,1,[np.float32(5.877573)],[np.float32(0.02717884)],0.02717884,5.1152887,fixed,fixed
819771,40,4.8111362,0.0,-0.59804094,-1.0073801,1,[np.float32(5.877573)],[np.float32(0.07992371)],0.07992371,7.5358305,fixed,fixed
819771,43,6.088874,0.0,-0.6618788,-0.7926898,1,[np.float32(5.877573)],[np.float32(0.02407378)],0.02407378,6.7248263,fixed,fixed
819771,48,4.5525913,0.0,-0.58110696,-0.5198753,1,[np.float32(5.877573)],[np.float32(0.019440975)],0.019440975,6.088874,fixed,fixed
819771,75,5.0934668,0.0,-0.64216584,-1.697821,1,[np.float32(6.9761195)],[np.float32(0.19394967)],0.19394967,6.5241694,fixed,fixed
819771,87,6.9761195,0.0,-0.803055,-1.7898527,1,[np.float32(5.877573)],[np.float32(0.28801104)],0.28801104,5.877573,fixed,fixed
819771,90,5.4253707,0.0,-0.65792596,-0.9543958,1,[np.float32(5.877573)],[np.float32(0.053859804)],0.053859804,8.228977,fixed,fixed
819771,91,7.5358305,0.0,-0.7411658,-1.2750087,1,[np.float32(5.877573)],[np.float32(0.053509373)],0.053509373,8.228977,fixed,fixed
819771,92,6.842684,0.0,-0.73458165,-1.4268335,1,[np.float32(5.877573)],[np.float32(0.11442152)],0.11442152,7.5358305,fixed,fixed
819771,93,7.5358305,0.0,-0.7352121,-1.2750087,1,[np.float32(5.877573)],[np.float32(0.053509373)],0.053509373,7.5358305,fixed,fixed
819771,133,7.5358305,0.0,-0.71146595,-1.2750087,1,[np.float32(5.877573)],[np.float32(0.053509373)],0.053509373,7.5358305,fixed,fixed
819771,151,6.357125,0.0,-0.6705086,-1.2335458,1,[np.float32(5.0934668)],[np.float32(0.12033005)],0.12033005,5.0934668,fixed,fixed
819771,152,6.842684,0.0,-0.6861897,-1.4268335,1,[np.float32(5.877573)],[np.float32(0.11442152)],0.11442152,7.5358305,fixed,fixed
819771,153,7.5358305,0.0,-0.7113972,-1.2450897,1,[np.float32(5.0934668)],[np.float32(0.07239285)],0.07239285,7.5358305,fixed,fixed
819771,155,5.877573,0.0,-0.65852064,-0.7222562,1,[np.float32(5.877573)],[np.float32(0.02113925)],0.02113925,6.7248263,fixed,fixed
819771,163,7.5358305,0.0,-0.7158817,-1.2750087,1,[np.float32(5.877573)],[np.float32(0.053509373)],0.053509373,8.228977,fixed,fixed
819771,172,5.0934668,0.0,-0.668569,-0.9160638,1,[np.float32(5.0934668)],[np.float32(0.08184193)],0.08184193,6.9761195,fixed,fixed
819771,177,5.877573,0.0,-0.6619653,-0.7222562,2,"[np.float32(5.0934668), np.float32(5.877573)]","[np.float32(0.028311158), np.float32(0.02113925)]",0.028311158,6.7248263,fixed,fixed
819771,179,5.184434,0.0,-0.623566,-0.6998308,1,[np.float32(5.0934668)],[np.float32(0.04016033)],0.04016033,6.9761195,fixed,fixed
819771,184,5.4253707,0.0,-0.66607946,-0.9543958,2,"[np.float32(5.0934668), np.float32(5.877573)]","[np.float32(0.020732379), np.float32(0.053859804)]",0.053859804,8.228977,fixed,fixed
819771,185,5.877573,0.0,-0.67063487,-0.7222562,1,[np.float32(5.877573)],[np.float32(0.02113925)],0.02113925,6.7248263,fixed,fixed
819771,188,7.1303654,0.0,-0.729717,-1.3484745,1,[np.float32(5.0934668)],[np.float32(0.11897195)],0.11897195,5.0934668,fixed,fixed
819771,189,7.5358305,0.0,-0.75501716,-1.4836296,1,[np.float32(5.0934668)],[np.float32(0.14657553)],0.14657553,5.0934668,fixed,fixed
819771,190,5.5545464,0.0,-0.65194535,-0.8232016,1,[np.float32(5.0934668)],[np.float32(0.050411604)],0.050411604,5.0934668,fixed,fixed
819771,238,5.0934668,0.0,-0.6296454,-0.6907969,1,[np.float32(4.45615)],[np.float32(0.055879492)],0.055879492,6.7248263,fixed,fixed
819771,256,5.284512,0.0,-0.66208,-0.7331901,1,[np.float32(5.0934668)],[np.float32(0.04278246)],0.04278246,6.088874,fixed,fixed
819771,263,6.7248263,0.0,-0.8139823,-1.809466,1,[np.float32(5.877573)],[np.float32(0.32661414)],0.32661414,5.877573,fixed,fixed
819771,264,5.877573,0.0,-0.6623433,-0.47823286,1,[np.float32(4.45615)],[np.float32(0.018026534)],0.018026534,6.7248263,fixed,fixed
819771,265,5.4253707,0.0,-0.662555,-0.9543958,1,[np.float32(5.877573)],[np.float32(0.053859804)],0.053859804,7.5358305,fixed,fixed
819771,266,7.5358305,0.0,-0.73565376,-1.2750087,1,[np.float32(5.877573)],[np.float32(0.053509373)],0.053509373,8.228977,fixed,fixed
819771,267,6.214031,0.0,-0.7515702,-1.4078817,2,"[np.float32(5.0934668), np.float32(5.877573)]","[np.float32(0.20743524), np.float32(0.025936576)]",0.20743524,5.0934668,fixed,fixed
819771,268,6.842684,0.0,-0.73433447,-1.4268335,1,[np.float32(5.877573)],[np.float32(0.11442152)],0.11442152,7.5358305,fixed,fixed
819771,269,7.5358305,0.0,-0.7569918,-1.2750087,2,"[np.float32(5.0934668), np.float32(5.877573)]","[np.float32(0.07239285), np.float32(0.053509373)]",0.07239285,7.5358305,fixed,fixed
819771,286,6.7248263,0.0,-0.76136655,-1.5031306,1,[np.float32(5.0934668)],[np.float32(0.21994561)],0.21994561,5.0934668,fixed,fixed
819771,289,5.5545464,0.0,-0.65133303,-0.58466166,1,[np.float32(5.0934668)],[np.float32(0.022772891)],0.022772891,8.228977,fixed,fixed
819771,290,6.088874,0.0,-0.6759615,-1.0013107,1,[np.float32(5.0934668)],[np.float32(0.06837011)],0.06837011,5.284512,fixed,fixed
819771,291,5.877573,0.0,-0.6738763,-0.6923372,1,[np.float32(5.0934668)],[np.float32(0.028311158)],0.028311158,6.7248263,fixed,fixed
819771,293,5.0934668,0.0,-0.65621775,-0.9160638,1,[np.float32(5.0934668)],[np.float32(0.08184193)],0.08184193,6.7248263,fixed,fixed
819771,300,7.1303654,0.0,-0.7320901,-1.3484745,1,[np.float32(5.0934668)],[np.float32(0.11897195)],0.11897195,5.0934668,fixed,fixed
819771,317,5.184434,0.0,-0.6126743,-0.48213395,1,[np.float32(4.45615)],[np.float32(0.025582792)],0.025582792,6.9761195,fixed,fixed
819771,345,7.5358305,0.0,-0.70739686,-1.0309854,1,[np.float32(4.45615)],[np.float32(0.051759012)],0.051759012,7.5358305,fixed,fixed
819771,346,6.214031,0.0,-0.65957016,-1.1765699,1,[np.float32(4.45615)],[np.float32(0.14939366)],0.14939366,4.45615,fixed,fixed
819771,358,5.877573,0.0,-0.6693993,-0.47823286,1,[np.float32(4.45615)],[np.float32(0.018026534)],0.018026534,6.9761195,fixed,fixed
819771,368,5.284512,0.0,-0.6702144,-0.7331901,2,"[np.float32(5.0934668), np.float32(4.45615)]","[np.float32(0.04278246), np.float32(0.027684145)]",0.04278246,6.088874,fixed,fixed
819771,370,7.1303654,0.0,-0.7202707,-1.1307777,1,[np.float32(4.45615)],[np.float32(0.08554994)],0.08554994,5.0934668,fixed,fixed
819771,371,5.786329,0.0,-0.66789085,-0.68276554,1,[np.float32(4.45615)],[np.float32(0.03937889)],0.03937889,8.228977,fixed,fixed
819771,372,7.5358305,0.0,-0.7176999,-1.0309854,1,[np.float32(4.45615)],[np.float32(0.051759012)],0.051759012,5.284512,fixed,fixed
819771,376,5.877573,0.0,-0.68621457,-0.85227984,1,[np.float32(4.45615)],[np.float32(0.06546549)],0.06546549,6.9761195,fixed,fixed
819771,400,6.214031,0.0,-0.66726077,-0.5903856,1,[np.float32(4.45615)],[np.float32(0.023234414)],0.023234414,4.5525913,fixed,fixed
819771,420,4.951692,0.0,-0.6229068,-0.6435387,1,[np.float32(4.45615)],[np.float32(0.050913606)],0.050913606,5.487917,fixed,fixed
819771,424,7.5358305,0.0,-0.7483058,-1.2659328,1,[np.float32(4.45615)],[np.float32(0.10599228)],0.10599228,4.45615,fixed,fixed
819771,425,5.977319,0.0,-0.6605793,-0.51148146,1,[np.float32(4.45615)],[np.float32(0.01951078)],0.01951078,6.088874,fixed,fixed
819771,426,6.842684,0.0,-0.70971465,-1.0348839,1,[np.float32(4.45615)],[np.float32(0.073229)],0.073229,6.088874,fixed,fixed
819771,429,5.487917,0.0,-0.634796,-0.5832949,1,[np.float32(4.45615)],[np.float32(0.03217449)],0.03217449,4.951692,fixed,fixed
819771,430,4.8111362,0.0,-0.607015,-0.3577014,1,[np.float32(4.45615)],[np.float32(0.018269394)],0.018269394,6.18106,fixed,fixed
819771,432,8.228977,0.0,-0.75006926,-1.2620343,1,[np.float32(4.45615)],[np.float32(0.07493763)],0.07493763,4.951692,fixed,fixed
819771,442,6.7248263,0.0,-0.7372915,-1.2758845,1,[np.float32(4.45615)],[np.float32(0.15904854)],0.15904854,4.45615,fixed,fixed
819771,443,5.977319,0.0,-0.6693434,-0.7464289,1,[np.float32(4.45615)],[np.float32(0.044439927)],0.044439927,4.45615,fixed,fixed
819771,447,7.5358305,0.0,-0.74830574,-1.2659328,1,[np.float32(4.45615)],[np.float32(0.10599228)],0.10599228,4.45615,fixed,fixed
819771,458,7.1303654,0.0,-0.7296005,-1.1307777,1,[np.float32(4.45615)],[np.float32(0.08554994)],0.08554994,4.45615,fixed,fixed
819771,486,6.18106,0.0,-0.699917,-1.0533279,1,[np.float32(4.45615)],[np.float32(0.10544442)],0.10544442,4.45615,fixed,fixed
826654,43,6.088874,0.0,-0.6618788,-1.1430093,1,[np.float32(5.786329)],[np.float32(0.07359712)],0.07359712,6.7248263,fixed,fixed
826654,48,4.5525913,0.0,-0.58110696,-0.48921657,1,[np.float32(5.0934668)],[np.float32(0.025679354)],0.025679354,6.088874,fixed,fixed
826654,51,6.088874,0.0,-0.66199905,-0.76277083,1,[np.float32(5.0934668)],[np.float32(0.03232453)],0.03232453,6.7248263,fixed,fixed
826654,59,6.088874,0.0,-0.66251457,-2.0296233,1,[np.float32(6.7248263)],[np.float32(0.36320382)],0.36320382,6.7248263,fixed,fixed
826654,75,5.0934668,0.0,-0.64216584,-0.9160638,1,[np.float32(5.0934668)],[np.float32(0.08184193)],0.08184193,6.5241694,fixed,fixed
826654,92,6.842684,0.0,-0.685987,-1.0129257,1,[np.float32(5.786329)],[np.float32(0.03519518)],0.03519518,7.5358305,fixed,fixed
826654,93,7.5358305,0.0,-0.71131593,-1.4825125,1,[np.float32(5.786329)],[np.float32(0.10332351)],0.10332351,7.5358305,fixed,fixed
826654,96,7.5358305,0.0,-0.70585227,-1.2450897,1,[np.float32(5.0934668)],[np.float32(0.07239285)],0.07239285,7.5358305,fixed,fixed
826654,97,6.214031,0.0,-0.6554411,-1.4078817,1,[np.float32(5.0934668)],[np.float32(0.20743524)],0.20743524,5.0934668,fixed,fixed
826654,101,6.842684,0.0,-0.68838215,-0.89081335,1,[np.float32(5.4253707)],[np.float32(0.028767666)],0.028767666,7.5358305,fixed,fixed
826654,103,7.1303654,0.0,-0.7290276,-1.3484745,1,[np.float32(5.0934668)],[np.float32(0.11897195)],0.11897195,5.0934668,fixed,fixed
826654,104,5.5545464,0.0,-0.651907,-0.58466166,1,[np.float32(5.0934668)],[np.float32(0.022772891)],0.022772891,8.228977,fixed,fixed
826654,105,6.088874,0.0,-0.6762289,-1.0013107,1,[np.float32(5.0934668)],[np.float32(0.06837011)],0.06837011,4.5525913,fixed,fixed
826654,107,5.284512,0.0,-0.64481467,-0.7331901,1,[np.float32(5.0934668)],[np.float32(0.04278246)],0.04278246,6.088874,fixed,fixed
826654,118,6.842684,0.0,-0.68392605,-1.0129257,1,[np.float32(5.786329)],[np.float32(0.03519518)],0.03519518,7.5358305,fixed,fixed
826654,122,5.877573,0.0,-0.6582316,-1.0725757,1,[np.float32(5.786329)],[np.float32(0.06569621)],0.06569621,6.7248263,fixed,fixed
826654,125,5.877573,0.0,-0.64280206,-0.9457287,1,[np.float32(5.4253707)],[np.float32(0.053859804)],0.053859804,6.9761195,fixed,fixed
826654,126,7.5358305,0.0,-0.71074146,-1.358078,1,[np.float32(5.4253707)],[np.float32(0.08591343)],0.08591343,7.5358305,fixed,fixed
826654,127,6.842684,0.0,-0.68838215,-0.89081335,1,[np.float32(5.4253707)],[np.float32(0.028767666)],0.028767666,7.5358305,fixed,fixed
826654,129,5.877573,0.0,-0.6630126,-0.9457287,1,[np.float32(5.4253707)],[np.float32(0.053859804)],0.053859804,6.7248263,fixed,fixed
826654,135,5.877573,0.0,-0.6685378,-0.6923372,1,[np.float32(5.0934668)],[np.float32(0.028311158)],0.028311158,6.7248263,fixed,fixed
826654,197,6.7248263,0.0,-0.7578611,-1.5031306,1,[np.float32(5.0934668)],[np.float32(0.21994561)],0.21994561,5.0934668,fixed,fixed
826654,198,5.5545464,0.0,-0.65103316,-0.8232016,1,[np.float32(5.0934668)],[np.float32(0.050411604)],0.050411604,5.0934668,fixed,fixed
826654,205,5.184434,0.0,-0.6350319,-0.6998308,1,[np.float32(5.0934668)],[np.float32(0.04016033)],0.04016033,6.7248263,fixed,fixed
826654,208,7.5358305,0.0,-0.75318354,-1.4836296,1,[np.float32(5.0934668)],[np.float32(0.14657553)],0.14657553,5.0934668,fixed,fixed
826654,209,5.4253707,0.0,-0.64389294,-0.5416031,1,[np.float32(5.0934668)],[np.float32(0.020732379)],0.020732379,8.228977,fixed,fixed
826654,215,7.5358305,0.0,-0.73557454,-1.2450897,1,[np.float32(5.0934668)],[np.float32(0.07239285)],0.07239285,7.5358305,fixed,fixed
826654,216,6.214031,0.0,-0.7007184,-1.1858479,1,[np.float32(5.0934668)],[np.float32(0.111585006)],0.111585006,5.0934668,fixed,fixed
826654,221,5.0934668,0.0,-0.662838,-0.9160638,1,[np.float32(5.0934668)],[np.float32(0.08184193)],0.08184193,6.7248263,fixed,fixed
826654,222,7.1303654,0.0,-0.7297356,-1.3484745,1,[np.float32(5.0934668)],[np.float32(0.11897195)],0.11897195,5.0934668,fixed,fixed
837349,57,4.45615,0.0,-0.5728037,-0.7036249,1,[np.float32(5.0934668)],[np.float32(0.055879492)],0.055879492,6.7248263,broken,broken
837349,158,6.214031,0.0,-0.65573806,-1.1858479,1,[np.float32(5.0934668)],[np.float32(0.111585006)],0.111585006,4.45615,broken,broken
837349,159,7.5358305,0.0,-0.70776594,-1.2450897,1,[np.float32(5.0934668)],[np.float32(0.07239285)],0.07239285,7.5358305,broken,broken
837349,161,5.877573,0.0,-0.6635283,-0.6923372,1,[np.float32(5.0934668)],[np.float32(0.028311158)],0.028311158,6.7248263,broken,broken
837349,164,5.0099363,0.0,-0.60180616,-0.9214029,2,"[np.float32(5.0934668), np.float32(5.184434)]","[np.float32(0.03582518), np.float32(0.08219252)]",0.08219252,5.184434,broken,broken
837349,166,7.1303654,0.0,-0.7344417,-1.3484745,1,[np.float32(5.0934668)],[np.float32(0.11897195)],0.11897195,5.0934668,broken,broken
837349,167,5.977319,0.0,-0.6781077,-0.9641257,1,[np.float32(5.0934668)],[np.float32(0.06426283)],0.06426283,5.0934668,broken,broken
837349,168,7.5358305,0.0,-0.75764376,-1.4836296,1,[np.float32(5.0934668)],[np.float32(0.14657553)],0.14657553,5.0934668,broken,broken
837349,179,5.184434,0.0,-0.623566,-0.9795687,1,[np.float32(5.184434)],[np.float32(0.09065181)],0.09065181,6.9761195,broken,broken
837349,185,5.877573,0.0,-0.66198415,-0.72318894,1,[np.float32(5.184434)],[np.float32(0.029987883)],0.029987883,6.7248263,broken,broken
837349,186,5.977319,0.0,-0.66336715,-0.72558576,1,[np.float32(5.0934668)],[np.float32(0.03016363)],0.03016363,5.877573,broken,broken
837349,191,8.228977,0.0,-0.7251952,-1.5069904,1,[np.float32(5.184434)],[np.float32(0.10851108)],0.10851108,5.184434,broken,broken
837349,193,7.1303654,0.0,-0.7344725,-1.3800663,1,[np.float32(5.184434)],[np.float32(0.12464258)],0.12464258,5.184434,broken,broken
837349,194,5.625983,0.0,-0.6464837,-0.6393257,1,[np.float32(5.184434)],[np.float32(0.025467675)],0.025467675,5.184434,broken,broken
837349,218,6.214031,0.0,-0.6678253,-0.8044899,1,[np.float32(5.0934668)],[np.float32(0.034869)],0.034869,5.284512,broken,broken
837349,226,5.284512,0.0,-0.64547485,-1.5799981,2,"[np.float32(5.0934668), np.float32(6.214031)]","[np.float32(0.04278246), np.float32(0.22865157)]",0.22865157,6.088874,broken,broken
837349,228,7.5358305,0.0,-0.7273894,-1.2450897,1,[np.float32(5.0934668)],[np.float32(0.07239285)],0.07239285,5.284512,broken,broken
837349,251,6.7248263,0.0,-0.7632506,-1.5031306,1,[np.float32(5.0934668)],[np.float32(0.21994561)],0.21994561,5.0934668,broken,broken
837349,252,5.877573,0.0,-0.65766585,-0.8374105,1,[np.float32(6.214031)],[np.float32(0.025936576)],0.025936576,6.7248263,broken,broken
837349,253,5.786329,0.0,-0.666899,-0.9004624,1,[np.float32(5.0934668)],[np.float32(0.05768841)],0.05768841,8.228977,broken,broken
837349,267,6.214031,0.0,-0.6684821,-0.8353417,1,[np.float32(5.184434)],[np.float32(0.036789175)],0.036789175,5.0934668,broken,broken
837349,274,6.214031,0.0,-0.7428198,-1.4078817,1,[np.float32(5.0934668)],[np.float32(0.20743524)],0.20743524,5.0934668,broken,broken
837349,275,7.5358305,0.0,-0.73648745,-1.2450897,1,[np.float32(5.0934668)],[np.float32(0.07239285)],0.07239285,7.5358305,broken,broken
837349,277,5.877573,0.0,-0.67494196,-0.6923372,1,[np.float32(5.0934668)],[np.float32(0.028311158)],0.028311158,6.7248263,broken,broken
837349,280,5.877573,0.0,-0.73485243,-1.3951551,1,[np.float32(5.184434)],[np.float32(0.2165618)],0.2165618,5.184434,broken,broken
837349,281,5.0934668,0.0,-0.65928894,-1.697821,3,"[np.float32(5.0934668), np.float32(6.214031), np.float32(6.7248263)]","[np.float32(0.08184193), np.float32(0.034869), np.float32(0.21994561)]",0.21994561,6.7248263,broken,broken
837349,282,7.1303654,0.0,-0.73289186,-1.3484745,1,[np.float32(5.0934668)],[np.float32(0.11897195)],0.11897195,5.0934668,broken,broken
837349,293,5.0934668,0.0,-0.6395643,-0.70109993,1,[np.float32(5.184434)],[np.float32(0.04016033)],0.04016033,6.7248263,broken,broken
837349,294,6.7248263,0.0,-0.76740605,-1.5367365,1,[np.float32(5.184434)],[np.float32(0.23030394)],0.23030394,5.184434,broken,broken
837349,297,5.4253707,0.0,-0.65525174,-0.8117346,1,[np.float32(5.184434)],[np.float32(0.049271513)],0.049271513,8.228977,broken,broken
837349,298,5.877573,0.0,-0.6743344,-0.72318894,1,[np.float32(5.184434)],[np.float32(0.029987883)],0.029987883,6.7248263,broken,broken
837349,301,7.5358305,0.0,-0.7297681,-1.2759415,1,[np.float32(5.184434)],[np.float32(0.07588504)],0.07588504,5.0934668,broken,broken
837349,303,8.228977,0.0,-0.7699649,-1.5069904,1,[np.float32(5.184434)],[np.float32(0.10851108)],0.10851108,5.184434,broken,broken
837349,304,5.184434,0.0,-0.67087746,-0.9795687,1,[np.float32(5.184434)],[np.float32(0.09065181)],0.09065181,6.7248263,broken,broken
837349,305,7.1303654,0.0,-0.7348498,-1.3800663,1,[np.float32(5.184434)],[np.float32(0.12464258)],0.12464258,5.184434,broken,broken
837349,335,5.5545464,0.0,-0.65174377,-0.72973496,1,[np.float32(6.214031)],[np.float32(0.021325735)],0.021325735,8.228977,broken,broken
837349,337,7.5358305,0.0,-0.7452761,-1.3901631,1,[np.float32(6.214031)],[np.float32(0.06367433)],0.06367433,8.228977,broken,broken
837349,338,4.5525913,0.0,-0.62371635,-1.0560807,1,[np.float32(6.214031)],[np.float32(0.08361014)],0.08361014,6.214031,broken,broken
839459,48,4.5525913,0.0,-0.58110696,-0.48921657,1,[np.float32(5.0934668)],[np.float32(0.025679354)],0.025679354,6.088874,fixed,fixed
839459,51,6.088874,0.0,-0.66199905,-0.76277083,1,[np.float32(5.0934668)],[np.float32(0.03232453)],0.03232453,6.7248263,fixed,fixed
839459,55,5.2083592,0.0,-0.61269134,-0.9875438,1,[np.float32(5.184434)],[np.float32(0.09186398)],0.09186398,4.951692,fixed,fixed
839459,57,4.45615,0.0,-0.5728037,-1.1193571,2,"[np.float32(7.5358305), np.float32(5.184434)]","[np.float32(0.051759012), np.float32(0.025582792)]",0.051759012,6.7248263,fixed,fixed
839459,59,6.088874,0.0,-0.66251457,-1.3811659,1,[np.float32(7.5358305)],[np.float32(0.059698556)],0.059698556,6.7248263,fixed,fixed
839459,60,4.951692,0.0,-0.6073078,-0.9019881,1,[np.float32(5.184434)],[np.float32(0.079511344)],0.079511344,5.2083592,fixed,fixed
839459,75,5.0934668,0.0,-0.64216584,-0.9160638,1,[np.float32(5.0934668)],[np.float32(0.08184193)],0.08184193,6.5241694,fixed,fixed
839459,96,7.5358305,0.0,-0.70585227,-1.2450897,1,[np.float32(5.0934668)],[np.float32(0.07239285)],0.07239285,7.5358305,fixed,fixed
839459,97,6.214031,0.0,-0.6554411,-1.4078817,1,[np.float32(5.0934668)],[np.float32(0.20743524)],0.20743524,5.0934668,fixed,fixed
839459,103,7.1303654,0.0,-0.7290276,-1.3484745,1,[np.float32(5.0934668)],[np.float32(0.11897195)],0.11897195,5.0934668,fixed,fixed
839459,104,5.5545464,0.0,-0.651907,-0.58466166,1,[np.float32(5.0934668)],[np.float32(0.022772891)],0.022772891,8.228977,fixed,fixed
839459,105,6.088874,0.0,-0.6762289,-1.0013107,1,[np.float32(5.0934668)],[np.float32(0.06837011)],0.06837011,4.5525913,fixed,fixed
839459,107,5.284512,0.0,-0.64481467,-0.7331901,1,[np.float32(5.0934668)],[np.float32(0.04278246)],0.04278246,6.088874,fixed,fixed
839459,129,5.877573,0.0,-0.6630126,-1.4707679,1,[np.float32(6.842684)],[np.float32(0.11442152)],0.11442152,6.7248263,fixed,fixed
839459,135,5.877573,0.0,-0.6685378,-0.6923372,1,[np.float32(5.0934668)],[np.float32(0.028311158)],0.028311158,6.7248263,fixed,fixed
839459,151,6.357125,0.0,-0.6705086,-0.88303953,1,[np.float32(5.184434)],[np.float32(0.039985858)],0.039985858,5.0934668,fixed,fixed
839459,162,5.5545464,0.0,-0.6601401,-1.2030567,1,[np.float32(7.5358305)],[np.float32(0.045181643)],0.045181643,7.5358305,fixed,fixed
839459,163,7.5358305,0.0,-0.7656074,-1.8634847,1,[np.float32(7.5358305)],[np.float32(0.12459149)],0.12459149,8.228977,fixed,fixed
839459,164,5.0099363,0.0,-0.60180616,-1.2146889,1,[np.float32(5.184434)],[np.float32(0.18143204)],0.18143204,5.184434,fixed,fixed
839459,165,5.0934668,0.0,-0.6564049,-1.331796,1,[np.float32(7.5358305)],[np.float32(0.07239285)],0.07239285,6.7248263,fixed,fixed
839459,180,5.0934668,0.0,-0.6421359,-0.70109993,1,[np.float32(5.184434)],[np.float32(0.04016033)],0.04016033,6.7248263,fixed,fixed
839459,181,6.9761195,0.0,-0.7591715,-1.5279642,1,[np.float32(5.184434)],[np.float32(0.20308375)],0.20308375,5.184434,fixed,fixed
839459,184,5.4253707,0.0,-0.6540094,-0.8117346,1,[np.float32(5.184434)],[np.float32(0.049271513)],0.049271513,8.228977,fixed,fixed
839459,185,5.877573,0.0,-0.67351365,-0.72318894,1,[np.float32(5.184434)],[np.float32(0.029987883)],0.029987883,6.7248263,fixed,fixed
839459,189,7.5358305,0.0,-0.7281295,-1.2759415,1,[np.float32(5.184434)],[np.float32(0.07588504)],0.07588504,5.0934668,fixed,fixed
839459,191,8.228977,0.0,-0.76789933,-1.5069904,1,[np.float32(5.184434)],[np.float32(0.10851108)],0.10851108,5.184434,fixed,fixed
839459,192,5.184434,0.0,-0.66620994,-0.9795687,1,[np.float32(5.184434)],[np.float32(0.09065181)],0.09065181,6.7248263,fixed,fixed
839459,193,7.1303654,0.0,-0.7326346,-1.3800663,1,[np.float32(5.184434)],[np.float32(0.12464258)],0.12464258,5.184434,fixed,fixed
839459,197,6.7248263,0.0,-0.7578611,-1.5031306,1,[np.float32(5.0934668)],[np.float32(0.21994561)],0.21994561,5.0934668,fixed,fixed
839459,198,5.5545464,0.0,-0.65103316,-0.8232016,1,[np.float32(5.0934668)],[np.float32(0.050411604)],0.050411604,5.0934668,fixed,fixed
839459,205,5.184434,0.0,-0.6350319,-0.6998308,1,[np.float32(5.0934668)],[np.float32(0.04016033)],0.04016033,6.7248263,fixed,fixed
839459,208,7.5358305,0.0,-0.75318354,-1.4836296,1,[np.float32(5.0934668)],[np.float32(0.14657553)],0.14657553,5.0934668,fixed,fixed
839459,209,5.4253707,0.0,-0.64389294,-0.5416031,1,[np.float32(5.0934668)],[np.float32(0.020732379)],0.020732379,8.228977,fixed,fixed
839459,214,5.977319,0.0,-0.67267716,-1.090112,1,[np.float32(6.842684)],[np.float32(0.03904639)],0.03904639,7.5358305,fixed,fixed
839459,215,7.5358305,0.0,-0.73557454,-1.2450897,1,[np.float32(5.0934668)],[np.float32(0.07239285)],0.07239285,7.5358305,fixed,fixed
839459,216,6.214031,0.0,-0.7007184,-1.1858479,1,[np.float32(5.0934668)],[np.float32(0.111585006)],0.111585006,5.0934668,fixed,fixed
839459,217,7.5358305,0.0,-0.78674966,-1.8636626,1,[np.float32(6.842684)],[np.float32(0.17628156)],0.17628156,6.842684,fixed,fixed
839459,221,5.0934668,0.0,-0.662838,-0.9160638,1,[np.float32(5.0934668)],[np.float32(0.08184193)],0.08184193,6.7248263,fixed,fixed
839459,222,7.1303654,0.0,-0.7297356,-1.3484745,1,[np.float32(5.0934668)],[np.float32(0.11897195)],0.11897195,5.0934668,fixed,fixed
839459,226,5.284512,0.0,-0.6293866,-0.78790426,1,[np.float32(4.5525913)],[np.float32(0.0667954)],0.0667954,6.088874,fixed,fixed
839459,241,5.786329,0.0,-0.67554337,-1.0264486,1,[np.float32(6.842684)],[np.float32(0.03519518)],0.03519518,7.5358305,fixed,fixed
839459,246,5.877573,0.0,-0.71197224,-1.4707679,1,[np.float32(6.842684)],[np.float32(0.11442152)],0.11442152,6.7248263,fixed,fixed
839459,281,5.0934668,0.0,-0.6265673,-0.98517436,2,"[np.float32(5.977319), np.float32(4.5525913)]","[np.float32(0.06426283), np.float32(0.025679354)]",0.06426283,6.7248263,fixed,fixed
839459,330,6.214031,0.0,-0.6533041,-0.99743533,1,[np.float32(4.5525913)],[np.float32(0.08361014)],0.08361014,5.284512,fixed,fixed
839459,333,5.0934668,0.0,-0.63105845,-0.86838627,1,[np.float32(4.5525913)],[np.float32(0.093068875)],0.093068875,6.9761195,fixed,fixed
839459,336,6.088874,0.0,-0.65032774,-1.0560249,1,[np.float32(4.5525913)],[np.float32(0.105595194)],0.105595194,5.284512,fixed,fixed
839459,339,6.088501,0.0,-0.6672916,-0.58072996,1,[np.float32(4.5525913)],[np.float32(0.022736935)],0.022736935,4.5525913,fixed,fixed
839459,340,7.5358305,0.0,-0.74269605,-1.2985231,1,[np.float32(4.5525913)],[np.float32(0.11134854)],0.11134854,4.5525913,fixed,fixed
839459,365,5.786329,0.0,-0.6511416,-0.4800059,1,[np.float32(4.5525913)],[np.float32(0.018084316)],0.018084316,6.088874,fixed,fixed
839459,421,5.4253707,0.0,-0.6319962,-0.5950365,1,[np.float32(4.5525913)],[np.float32(0.032927886)],0.032927886,5.0934668,fixed,fixed
839459,428,4.8111362,0.0,-0.6163495,-0.63011235,1,[np.float32(4.5525913)],[np.float32(0.049403396)],0.049403396,6.18106,fixed,fixed
839459,435,6.842684,0.0,-0.6945058,-0.83212423,1,[np.float32(4.5525913)],[np.float32(0.036879055)],0.036879055,4.8111362,fixed,fixed
839459,436,6.088874,0.0,-0.7167187,-1.2291789,1,[np.float32(4.5525913)],[np.float32(0.17459728)],0.17459728,4.5525913,fixed,fixed
839459,437,5.487917,0.0,-0.66998804,-0.99986964,1,[np.float32(4.5525913)],[np.float32(0.116307676)],0.116307676,4.5525913,fixed,fixed
839459,438,6.214031,0.0,-0.72468233,-1.270898,1,[np.float32(4.5525913)],[np.float32(0.18643393)],0.18643393,4.5525913,fixed,fixed
839459,439,8.228977,0.0,-0.750694,-1.294222,1,[np.float32(4.5525913)],[np.float32(0.078724585)],0.078724585,4.8111362,fixed,fixed
846283,18,4.8111362,0.0,-0.5977445,-0.4782444,1,[np.float32(4.8111362)],[np.float32(0.025171421)],0.025171421,7.5358305,broken,broken
846283,27,4.8111362,0.0,-0.59878355,-0.72078735,1,[np.float32(4.8111362)],[np.float32(0.058463678)],0.058463678,7.5358305,broken,broken
846283,39,5.901499,0.0,-0.6507243,-1.0842415,1,[np.float32(4.8111362)],[np.float32(0.109549694)],0.109549694,4.8111362,broken,broken
846283,42,6.842684,0.0,-0.72006905,-1.1554269,1,[np.float32(4.8111362)],[np.float32(0.08839323)],0.08839323,4.8111362,broken,broken
846283,44,7.5358305,0.0,-0.7276583,-1.149825,1,[np.float32(4.8111362)],[np.float32(0.062477622)],0.062477622,4.8111362,broken,broken
846283,45,5.786329,0.0,-0.6636577,-0.80330855,1,[np.float32(4.8111362)],[np.float32(0.048971288)],0.048971288,4.8111362,broken,broken
846283,46,7.5358305,0.0,-0.7276583,-1.149825,1,[np.float32(4.8111362)],[np.float32(0.062477622)],0.062477622,4.8111362,broken,broken
846283,48,4.5525913,0.0,-0.60241586,-0.6346057,1,[np.float32(4.8111362)],[np.float32(0.049403396)],0.049403396,6.088874,broken,broken
846283,50,6.842684,0.0,-0.70046955,-0.91877604,1,[np.float32(4.8111362)],[np.float32(0.04272912)],0.04272912,6.088874,broken,broken
846283,51,6.088874,0.0,-0.66199905,-2.0296233,1,[np.float32(6.7248263)],[np.float32(0.36320382)],0.36320382,6.7248263,broken,broken
846283,52,7.5358305,0.0,-0.7535581,-1.3864759,1,[np.float32(4.8111362)],[np.float32(0.12702198)],0.12702198,4.8111362,broken,broken
846283,53,5.786329,0.0,-0.6517725,-0.5666577,1,[np.float32(4.8111362)],[np.float32(0.021990279)],0.021990279,6.088874,broken,broken
846283,54,7.5358305,0.0,-0.7535581,-1.3864759,1,[np.float32(4.8111362)],[np.float32(0.12702198)],0.12702198,4.8111362,broken,broken
846283,57,4.45615,0.0,-0.5807762,-1.1193571,2,"[np.float32(4.8111362), np.float32(7.5358305)]","[np.float32(0.018269394), np.float32(0.051759012)]",0.051759012,6.7248263,broken,broken
846283,83,5.877573,0.0,-0.67743826,-0.97457576,1,[np.float32(4.8111362)],[np.float32(0.07992371)],0.07992371,6.9761195,broken,broken
846283,99,6.214031,0.0,-0.65466076,-0.7248516,1,[np.float32(5.5545464)],[np.float32(0.021325735)],0.021325735,4.5525913,broken,broken
846283,100,8.228977,0.0,-0.73080987,-1.3965002,1,[np.float32(5.5545464)],[np.float32(0.064895034)],0.064895034,7.5358305,broken,broken
846283,101,6.842684,0.0,-0.68838215,-0.93440247,1,[np.float32(5.5545464)],[np.float32(0.030949712)],0.030949712,7.5358305,broken,broken
846283,102,5.0934668,0.0,-0.63223386,-0.58827734,1,[np.float32(5.5545464)],[np.float32(0.022772891)],0.022772891,6.7248263,broken,broken
846283,107,5.284512,0.0,-0.62911916,-1.7615027,1,[np.float32(7.5358305)],[np.float32(0.1614404)],0.1614404,6.088874,broken,broken
846283,113,5.877573,0.0,-0.68020195,-0.5970724,1,[np.float32(4.8111362)],[np.float32(0.023465414)],0.023465414,6.9761195,broken,broken
846283,125,5.877573,0.0,-0.677462,-0.97457576,1,[np.float32(4.8111362)],[np.float32(0.07992371)],0.07992371,6.9761195,broken,broken
846283,144,5.877573,0.0,-0.651697,-0.5970724,1,[np.float32(4.8111362)],[np.float32(0.023465414)],0.023465414,6.9761195,broken,broken
846283,165,5.0934668,0.0,-0.6243472,-0.91494185,1,[np.float32(5.786329)],[np.float32(0.05768841)],0.05768841,6.7248263,broken,broken
846283,226,5.284512,0.0,-0.6293866,-0.7320729,1,[np.float32(5.786329)],[np.float32(0.030146634)],0.030146634,6.088874,broken,broken
846283,249,6.842684,0.0,-0.6860166,-1.0129257,1,[np.float32(5.786329)],[np.float32(0.03519518)],0.03519518,7.5358305,broken,broken
846283,252,5.877573,0.0,-0.65766585,-1.0725757,1,[np.float32(5.786329)],[np.float32(0.06569621)],0.06569621,6.7248263,broken,broken
846283,254,8.228977,0.0,-0.7622894,-1.4750236,1,[np.float32(5.786329)],[np.float32(0.07304597)],0.07304597,7.5358305,broken,broken
846283,393,4.411208,0.0,-0.59015936,-0.7577548,1,[np.float32(5.977319)],[np.float32(0.043234326)],0.043234326,6.214031,broken,broken
846283,405,5.0934668,0.0,-0.62395954,-0.8931484,1,[np.float32(5.0301485)],[np.float32(0.078936815)],0.078936815,6.5241694,broken,broken
846283,407,5.877573,0.0,-0.66313875,-0.6709097,1,[np.float32(5.0301485)],[np.float32(0.02717884)],0.02717884,6.9761195,broken,broken
846283,416,5.184434,0.0,-0.63483495,-0.67792916,1,[np.float32(5.0301485)],[np.float32(0.038555223)],0.038555223,4.8615465,broken,broken
846283,445,4.5525913,0.0,-0.61103904,-0.46731496,1,[np.float32(5.0301485)],[np.float32(0.024382805)],0.024382805,6.088874,broken,broken
846283,452,4.8111362,0.0,-0.592956,-0.79903823,1,[np.float32(5.0301485)],[np.float32(0.06689753)],0.06689753,6.18106,broken,broken
846283,466,7.5358305,0.0,-0.7294752,-1.2236623,1,[np.float32(5.0301485)],[np.float32(0.0700509)],0.0700509,4.8111362,broken,broken
846283,479,5.977319,0.0,-0.6637285,-0.7041583,1,[np.float32(5.0301485)],[np.float32(0.028986992)],0.028986992,5.0301485,broken,broken
846283,481,5.366584,0.0,-0.7076031,-1.246261,1,[np.float32(5.0301485)],[np.float32(0.18958113)],0.18958113,5.0301485,broken,broken
849409,27,4.8111362,0.0,-0.59878355,-0.5264527,1,[np.float32(4.951692)],[np.float32(0.028111102)],0.028111102,7.5358305,fixed,fixed
849409,51,6.088874,0.0,-0.66199905,-1.5412015,1,[np.float32(6.842684)],[np.float32(0.12746923)],0.12746923,6.7248263,fixed,fixed
849409,55,5.2083592,0.0,-0.61269134,-1.0522863,1,[np.float32(4.951692)],[np.float32(0.12398622)],0.12398622,4.951692,fixed,fixed
849409,57,4.45615,0.0,-0.5728037,-1.2546011,2,"[np.float32(4.951692), np.float32(7.1303654)]","[np.float32(0.050913606), np.float32(0.08554994)]",0.08554994,6.7248263,fixed,fixed
849409,58,6.842684,0.0,-0.68453777,-0.96611446,1,[np.float32(4.951692)],[np.float32(0.046202783)],0.046202783,6.088874,fixed,fixed
849409,61,8.228977,0.0,-0.7599937,-1.4282122,1,[np.float32(4.951692)],[np.float32(0.096448004)],0.096448004,4.951692,fixed,fixed
849409,102,5.0934668,0.0,-0.63223386,-0.54395676,1,[np.float32(5.4253707)],[np.float32(0.020732379)],0.020732379,6.7248263,fixed,fixed
849409,104,5.5545464,0.0,-0.65659595,-0.9491878,1,[np.float32(6.842684)],[np.float32(0.030949712)],0.030949712,8.228977,fixed,fixed
849409,106,7.5358305,0.0,-0.7882059,-1.8636626,1,[np.float32(6.842684)],[np.float32(0.17628156)],0.17628156,8.228977,fixed,fixed
849409,129,5.877573,0.0,-0.6630126,-0.9457287,1,[np.float32(5.4253707)],[np.float32(0.053859804)],0.053859804,6.7248263,fixed,fixed
849409,130,5.4253707,0.0,-0.65321827,-0.9061293,1,[np.float32(6.842684)],[np.float32(0.028767666)],0.028767666,7.5358305,fixed,fixed
849409,135,5.877573,0.0,-0.70757025,-1.4707679,1,[np.float32(6.842684)],[np.float32(0.11442152)],0.11442152,6.7248263,fixed,fixed
849409,144,5.877573,0.0,-0.6782599,-1.0236865,1,[np.float32(4.951692)],[np.float32(0.08631818)],0.08631818,6.9761195,fixed,fixed
849409,164,5.0099363,0.0,-0.61742365,-0.5927194,1,[np.float32(4.951692)],[np.float32(0.032502197)],0.032502197,5.184434,fixed,fixed
849409,172,5.0934668,0.0,-0.6944164,-0.864945,1,[np.float32(4.951692)],[np.float32(0.07544661)],0.07544661,6.9761195,fixed,fixed
849409,179,5.184434,0.0,-0.6554615,-0.8952674,1,[np.float32(4.951692)],[np.float32(0.079511344)],0.079511344,6.9761195,fixed,fixed
849409,187,5.4253707,0.0,-0.63536865,-0.73119754,1,[np.float32(4.951692)],[np.float32(0.042770606)],0.042770606,5.0934668,fixed,fixed
849409,203,8.228977,0.0,-0.7300802,-1.3529111,1,[np.float32(5.4253707)],[np.float32(0.060737602)],0.060737602,7.5358305,fixed,fixed
849409,204,6.842684,0.0,-0.6862617,-0.89081335,1,[np.float32(5.4253707)],[np.float32(0.028767666)],0.028767666,7.5358305,fixed,fixed
849409,205,5.184434,0.0,-0.6196618,-0.81590843,1,[np.float32(5.4253707)],[np.float32(0.049271513)],0.049271513,6.7248263,fixed,fixed
878834,18,4.8111362,0.0,-0.5977445,-0.79903823,1,[np.float32(5.0301485)],[np.float32(0.06689753)],0.06689753,7.5358305,fixed,fixed
878834,25,5.2083592,0.0,-0.61269134,-0.95436126,1,[np.float32(5.0934668)],[np.float32(0.087324865)],0.087324865,4.5525913,fixed,fixed
878834,27,4.8111362,0.0,-0.59878355,-1.0073801,2,"[np.float32(5.877573), np.float32(5.0934668)]","[np.float32(0.07992371), np.float32(0.031217033)]",0.07992371,7.5358305,fixed,fixed
878834,29,6.088874,0.0,-0.6623435,-0.7926898,1,[np.float32(5.877573)],[np.float32(0.02407378)],0.02407378,6.7248263,fixed,fixed
878834,30,4.5525913,0.0,-0.5823696,-0.88719004,1,[np.float32(5.0934668)],[np.float32(0.093068875)],0.093068875,6.214031,fixed,fixed
878834,35,5.977319,0.0,-0.65265644,-0.7041583,1,[np.float32(5.0301485)],[np.float32(0.028986992)],0.028986992,5.0301485,fixed,fixed
878834,37,7.5358305,0.0,-0.73236156,-1.2236623,1,[np.float32(5.0301485)],[np.float32(0.0700509)],0.0700509,4.8111362,fixed,fixed
878834,38,5.1152887,0.0,-0.690715,-1.162496,1,[np.float32(5.0301485)],[np.float32(0.1660328)],0.1660328,5.0301485,fixed,fixed
878834,40,4.8111362,0.0,-0.6536482,-1.1321839,2,"[np.float32(5.901499), np.float32(5.877573)]","[np.float32(0.109549694), np.float32(0.023465414)]",0.109549694,7.5358305,fixed,fixed
878834,48,4.5525913,0.0,-0.59250534,-0.46731496,1,[np.float32(5.0301485)],[np.float32(0.024382805)],0.024382805,6.088874,fixed,fixed
878834,55,5.2083592,0.0,-0.61269134,-0.7078059,1,[np.float32(5.0934668)],[np.float32(0.0407778)],0.0407778,4.951692,fixed,fixed
878834,57,4.45615,0.0,-0.5728037,-0.4877282,1,[np.float32(5.877573)],[np.float32(0.018026534)],0.018026534,6.7248263,fixed,fixed
878834,60,4.951692,0.0,-0.6073078,-1.054232,2,"[np.float32(5.877573), np.float32(5.0934668)]","[np.float32(0.08631818), np.float32(0.07544661)]",0.08631818,5.2083592,fixed,fixed
878834,72,5.184434,0.0,-0.6679856,-0.67792916,1,[np.float32(5.0301485)],[np.float32(0.038555223)],0.038555223,4.8615465,fixed,fixed
878834,75,5.0934668,0.0,-0.67357796,-0.8931484,1,[np.float32(5.0301485)],[np.float32(0.078936815)],0.078936815,6.5241694,fixed,fixed
878834,83,5.877573,0.0,-0.6551839,-0.6709097,1,[np.float32(5.0301485)],[np.float32(0.02717884)],0.02717884,6.9761195,fixed,fixed
878834,147,6.9761195,0.0,-0.8045789,-1.7898527,1,[np.float32(5.877573)],[np.float32(0.28801104)],0.28801104,5.877573,fixed,fixed
878834,149,5.4253707,0.0,-0.6628612,-0.9543958,1,[np.float32(5.877573)],[np.float32(0.053859804)],0.053859804,7.5358305,fixed,fixed
878834,150,7.5358305,0.0,-0.735778,-1.2750087,1,[np.float32(5.877573)],[np.float32(0.053509373)],0.053509373,8.228977,fixed,fixed
878834,151,6.357125,0.0,-0.68336487,-1.3805634,2,"[np.float32(5.877573), np.float32(5.0934668)]","[np.float32(0.02819126), np.float32(0.18210293)]",0.18210293,5.0934668,fixed,fixed
878834,152,6.842684,0.0,-0.73521215,-1.4268335,1,[np.float32(5.877573)],[np.float32(0.11442152)],0.11442152,7.5358305,fixed,fixed
878834,153,7.5358305,0.0,-0.7355088,-1.2750087,2,"[np.float32(5.877573), np.float32(5.0934668)]","[np.float32(0.053509373), np.float32(0.07239285)]",0.07239285,7.5358305,fixed,fixed
878834,171,6.9761195,0.0,-0.6960244,-1.4951938,1,[np.float32(5.0934668)],[np.float32(0.19394967)],0.19394967,5.0934668,fixed,fixed
878834,175,5.5545464,0.0,-0.64952856,-0.58466166,1,[np.float32(5.0934668)],[np.float32(0.022772891)],0.022772891,8.228977,fixed,fixed
878834,176,6.088874,0.0,-0.6719625,-1.0013107,1,[np.float32(5.0934668)],[np.float32(0.06837011)],0.06837011,5.284512,fixed,fixed
878834,177,5.877573,0.0,-0.6717072,-0.6923372,1,[np.float32(5.0934668)],[np.float32(0.028311158)],0.028311158,6.7248263,fixed,fixed
878834,180,5.0934668,0.0,-0.6548371,-0.9160638,1,[np.float32(5.0934668)],[np.float32(0.08184193)],0.08184193,6.7248263,fixed,fixed
878834,187,5.4253707,0.0,-0.653599,-1.0266985,1,[np.float32(5.0934668)],[np.float32(0.098482996)],0.098482996,5.0934668,fixed,fixed
878834,188,7.1303654,0.0,-0.72378093,-1.3484745,1,[np.float32(5.0934668)],[np.float32(0.11897195)],0.11897195,5.0934668,fixed,fixed
878834,256,5.284512,0.0,-0.6602407,-0.7331901,1,[np.float32(5.0934668)],[np.float32(0.04278246)],0.04278246,6.088874,fixed,fixed
878834,304,5.184434,0.0,-0.6350822,-0.9795687,1,[np.float32(5.184434)],[np.float32(0.09065181)],0.09065181,6.7248263,fixed,fixed
878834,392,5.877573,0.0,-0.6456274,-1.210615,1,[np.float32(5.184434)],[np.float32(0.13178323)],0.13178323,5.184434,fixed,fixed
878834,410,6.088874,0.0,-0.6711357,-0.79362255,1,[np.float32(5.184434)],[np.float32(0.034148183)],0.034148183,6.7248263,fixed,fixed
878834,415,8.228977,0.0,-0.7254788,-1.5069904,1,[np.float32(5.184434)],[np.float32(0.10851108)],0.10851108,5.184434,fixed,fixed
878834,416,5.184434,1.0,-0.9343188,-1.7281433,1,[np.float32(6.9761195)],[np.float32(0.20308375)],0.20308375,4.8615465,fixed,fixed
878834,417,7.1303654,0.0,-0.7335276,-1.3800663,1,[np.float32(5.184434)],[np.float32(0.12464258)],0.12464258,5.184434,fixed,fixed
878834,418,5.625983,0.0,-0.64613414,-0.6393257,1,[np.float32(5.184434)],[np.float32(0.025467675)],0.025467675,5.184434,fixed,fixed
878834,452,4.8111362,0.0,-0.6236645,-0.85513616,1,[np.float32(5.184434)],[np.float32(0.07331457)],0.07331457,6.18106,fixed,fixed
878834,463,5.0301485,0.0,-0.6169238,-0.67999387,1,[np.float32(5.184434)],[np.float32(0.038555223)],0.038555223,5.366584,fixed,fixed
878834,470,4.8615465,0.0,-0.6846393,-1.2561784,1,[np.float32(5.184434)],[np.float32(0.2086917)],0.2086917,5.184434,fixed,fixed
878834,481,5.366584,0.0,-0.6468602,-0.792139,1,[np.float32(5.184434)],[np.float32(0.04756625)],0.04756625,5.0301485,fixed,fixed
878834,482,6.9761195,1.0,-0.97079873,-1.5279642,1,[np.float32(5.184434)],[np.float32(0.20308375)],0.20308375,5.184434,fixed,fixed
878834,485,5.487917,0.0,-0.6651901,-1.0807297,1,[np.float32(5.184434)],[np.float32(0.10704957)],0.10704957,4.8615465,fixed,fixed
905801,48,4.5525913,0.0,-0.58110696,-0.48921657,1,[np.float32(5.0934668)],[np.float32(0.025679354)],0.025679354,6.088874,fixed,fixed
905801,51,6.088874,0.0,-0.66199905,-0.76277083,1,[np.float32(5.0934668)],[np.float32(0.03232453)],0.03232453,6.7248263,fixed,fixed
905801,75,5.0934668,0.0,-0.64216584,-1.331796,2,"[np.float32(7.5358305), np.float32(5.0934668)]","[np.float32(0.07239285), np.float32(0.08184193)]",0.08184193,6.5241694,fixed,fixed
905801,95,5.977319,0.0,-0.65607005,-1.3439808,1,[np.float32(7.5358305)],[np.float32(0.05635246)],0.05635246,7.5358305,fixed,fixed
905801,96,7.5358305,1.0,-0.9692816,-1.2450897,1,[np.float32(5.0934668)],[np.float32(0.07239285)],0.07239285,7.5358305,fixed,fixed
905801,97,6.214031,0.0,-0.6554411,-1.4078817,1,[np.float32(5.0934668)],[np.float32(0.20743524)],0.20743524,5.0934668,fixed,fixed
905801,98,7.5358305,0.0,-0.76930976,-1.8634847,1,[np.float32(7.5358305)],[np.float32(0.12459149)],0.12459149,6.842684,fixed,fixed
905801,102,5.0934668,1.0,-0.93677175,-1.331796,1,[np.float32(7.5358305)],[np.float32(0.07239285)],0.07239285,6.7248263,fixed,fixed
905801,103,7.1303654,0.0,-0.7290276,-1.3484745,1,[np.float32(5.0934668)],[np.float32(0.11897195)],0.11897195,5.0934668,fixed,fixed
905801,104,5.5545464,0.0,-0.651907,-0.58466166,1,[np.float32(5.0934668)],[np.float32(0.022772891)],0.022772891,8.228977,fixed,fixed
905801,105,6.088874,0.0,-0.6762289,-1.0013107,1,[np.float32(5.0934668)],[np.float32(0.06837011)],0.06837011,4.5525913,fixed,fixed
905801,107,5.284512,0.0,-0.64481467,-0.7331901,1,[np.float32(5.0934668)],[np.float32(0.04278246)],0.04278246,6.088874,fixed,fixed
905801,127,6.842684,0.0,-0.68838215,-1.4268335,1,[np.float32(5.877573)],[np.float32(0.11442152)],0.11442152,7.5358305,fixed,fixed
905801,129,5.877573,0.0,-0.68564224,-1.3107322,2,"[np.float32(7.5358305), np.float32(5.877573)]","[np.float32(0.053509373), np.float32(0.02113925)]",0.053509373,6.7248263,fixed,fixed
905801,135,5.877573,0.0,-0.6685378,-0.6923372,1,[np.float32(5.0934668)],[np.float32(0.028311158)],0.028311158,6.7248263,fixed,fixed
905801,145,7.5358305,0.0,-0.7112715,-1.2750087,1,[np.float32(5.877573)],[np.float32(0.053509373)],0.053509373,7.5358305,fixed,fixed
905801,148,5.877573,0.0,-0.66234666,-0.7222562,1,[np.float32(5.877573)],[np.float32(0.02113925)],0.02113925,6.7248263,fixed,fixed
905801,156,5.786329,0.0,-0.6887577,-1.0747151,1,[np.float32(5.877573)],[np.float32(0.06569621)],0.06569621,7.5358305,fixed,fixed
905801,157,7.5358305,0.0,-0.74355805,-1.2750087,1,[np.float32(5.877573)],[np.float32(0.053509373)],0.053509373,6.842684,fixed,fixed
905801,161,5.877573,0.0,-0.67242247,-0.7222562,1,[np.float32(5.877573)],[np.float32(0.02113925)],0.02113925,6.7248263,fixed,fixed
905801,164,5.0099363,0.0,-0.60180616,-0.92046994,1,[np.float32(5.877573)],[np.float32(0.057961278)],0.057961278,5.184434,fixed,fixed
905801,182,5.877573,0.0,-0.67206526,-0.7222562,1,[np.float32(5.877573)],[np.float32(0.02113925)],0.02113925,6.7248263,fixed,fixed
905801,185,5.877573,0.0,-0.66198415,-1.0725757,1,[np.float32(5.786329)],[np.float32(0.06569621)],0.06569621,6.7248263,fixed,fixed
905801,192,5.184434,0.0,-0.6310389,-1.4616389,1,[np.float32(5.877573)],[np.float32(0.2165618)],0.2165618,6.7248263,fixed,fixed
905801,197,6.7248263,0.0,-0.7578611,-1.5031306,1,[np.float32(5.0934668)],[np.float32(0.21994561)],0.21994561,5.0934668,fixed,fixed
905801,198,5.5545464,0.0,-0.65103316,-0.8232016,1,[np.float32(5.0934668)],[np.float32(0.050411604)],0.050411604,5.0934668,fixed,fixed
905801,205,5.184434,0.0,-0.6350319,-0.6998308,1,[np.float32(5.0934668)],[np.float32(0.04016033)],0.04016033,6.7248263,fixed,fixed
905801,208,7.5358305,0.0,-0.75318354,-1.4836296,1,[np.float32(5.0934668)],[np.float32(0.14657553)],0.14657553,5.0934668,fixed,fixed
905801,209,5.4253707,0.0,-0.64389294,-0.5416031,1,[np.float32(5.0934668)],[np.float32(0.020732379)],0.020732379,8.228977,fixed,fixed
905801,215,7.5358305,0.0,-0.73557454,-1.2450897,1,[np.float32(5.0934668)],[np.float32(0.07239285)],0.07239285,7.5358305,fixed,fixed
905801,216,6.214031,0.0,-0.7007184,-1.1858479,1,[np.float32(5.0934668)],[np.float32(0.111585006)],0.111585006,5.0934668,fixed,fixed
905801,217,7.5358305,0.0,-0.7419552,-1.2750087,1,[np.float32(5.877573)],[np.float32(0.053509373)],0.053509373,6.842684,fixed,fixed
905801,221,5.0934668,0.0,-0.662838,-0.9160638,1,[np.float32(5.0934668)],[np.float32(0.08184193)],0.08184193,6.7248263,fixed,fixed
905801,222,7.1303654,0.0,-0.7297356,-1.3484745,1,[np.float32(5.0934668)],[np.float32(0.11897195)],0.11897195,5.0934668,fixed,fixed
905801,239,6.7248263,0.0,-0.8179127,-1.809466,1,[np.float32(5.877573)],[np.float32(0.32661414)],0.32661414,5.877573,fixed,fixed
905801,241,5.786329,0.0,-0.6870133,-1.0747151,1,[np.float32(5.877573)],[np.float32(0.06569621)],0.06569621,7.5358305,fixed,fixed
905801,243,7.5358305,0.0,-0.73305625,-1.2750087,1,[np.float32(5.877573)],[np.float32(0.053509373)],0.053509373,7.5358305,fixed,fixed
905801,244,6.842684,0.0,-0.7358243,-1.4268335,1,[np.float32(5.877573)],[np.float32(0.11442152)],0.11442152,7.5358305,fixed,fixed
905801,249,6.842684,0.0,-0.6860166,-1.0129257,1,[np.float32(5.786329)],[np.float32(0.03519518)],0.03519518,7.5358305,fixed,fixed
905801,250,7.5358305,0.0,-0.71132785,-1.4825125,1,[np.float32(5.786329)],[np.float32(0.10332351)],0.10332351,7.5358305,fixed,fixed
905801,268,6.842684,0.0,-0.68590754,-1.0129257,1,[np.float32(5.786329)],[np.float32(0.03519518)],0.03519518,7.5358305,fixed,fixed
905801,271,5.877573,0.0,-0.6587469,-1.0725757,1,[np.float32(5.786329)],[np.float32(0.06569621)],0.06569621,6.7248263,fixed,fixed
905801,274,6.214031,0.0,-0.65517336,-1.0736886,1,[np.float32(5.877573)],[np.float32(0.054237153)],0.054237153,5.0934668,fixed,fixed
905801,281,5.0934668,0.0,-0.65019405,-0.9483134,1,[np.float32(5.877573)],[np.float32(0.06076004)],0.06076004,6.7248263,fixed,fixed
905801,284,7.5358305,0.0,-0.74161804,-1.5142883,1,[np.float32(5.877573)],[np.float32(0.10823412)],0.10823412,5.0934668,fixed,fixed
905801,298,5.877573,0.0,-0.66235393,-1.9591898,1,[np.float32(6.7248263)],[np.float32(0.32661414)],0.32661414,6.7248263,fixed,fixed
905801,299,5.977319,0.0,-0.6700641,-0.9947844,1,[np.float32(5.877573)],[np.float32(0.04764821)],0.04764821,5.877573,fixed,fixed
905801,304,5.184434,0.0,-0.68728584,-1.2467588,1,[np.float32(5.877573)],[np.float32(0.13178323)],0.13178323,6.7248263,fixed,fixed
905801,392,5.877573,0.0,-0.68151385,-1.2096821,1,[np.float32(5.877573)],[np.float32(0.092942566)],0.092942566,5.184434,fixed,fixed
914777,43,6.088874,0.0,-0.6618788,-1.1430093,1,[np.float32(5.786329)],[np.float32(0.07359712)],0.07359712,6.7248263,fixed,fixed
914777,55,5.2083592,0.0,-0.61269134,-0.9875438,1,[np.float32(5.184434)],[np.float32(0.09186398)],0.09186398,4.951692,fixed,fixed
914777,57,4.45615,0.0,-0.5728037,-0.48866105,1,[np.float32(5.184434)],[np.float32(0.025582792)],0.025582792,6.7248263,fixed,fixed
914777,58,6.842684,0.0,-0.68453777,-1.3574401,1,[np.float32(6.088874)],[np.float32(0.08446663)],0.08446663,6.088874,fixed,fixed
914777,60,4.951692,0.0,-0.6073078,-0.9019881,1,[np.float32(5.184434)],[np.float32(0.079511344)],0.079511344,5.2083592,fixed,fixed
914777,62,5.977319,0.0,-0.6781807,-1.0689851,1,[np.float32(6.088874)],[np.float32(0.05349227)],0.05349227,6.088874,fixed,fixed
914777,92,6.842684,0.0,-0.685987,-1.4268335,2,"[np.float32(5.786329), np.float32(5.877573)]","[np.float32(0.03519518), np.float32(0.11442152)]",0.11442152,7.5358305,fixed,fixed
914777,93,7.5358305,0.0,-0.71131593,-1.4825125,1,[np.float32(5.786329)],[np.float32(0.10332351)],0.10332351,7.5358305,fixed,fixed
914777,96,7.5358305,0.0,-0.70585227,-1.2750087,1,[np.float32(5.877573)],[np.float32(0.053509373)],0.053509373,7.5358305,fixed,fixed
914777,97,6.214031,0.0,-0.6554411,-0.83440894,1,[np.float32(5.877573)],[np.float32(0.025936576)],0.025936576,5.0934668,fixed,fixed
914777,106,7.5358305,0.0,-0.7214324,-1.2750087,1,[np.float32(5.877573)],[np.float32(0.053509373)],0.053509373,8.228977,fixed,fixed
914777,118,6.842684,0.0,-0.68392605,-1.0129257,1,[np.float32(5.786329)],[np.float32(0.03519518)],0.03519518,7.5358305,fixed,fixed
914777,122,5.877573,0.0,-0.6582316,-1.0725757,2,"[np.float32(5.786329), np.float32(5.877573)]","[np.float32(0.06569621), np.float32(0.02113925)]",0.06569621,6.7248263,fixed,fixed
914777,125,5.877573,0.0,-0.65346205,-0.79443073,1,[np.float32(6.088874)],[np.float32(0.02407378)],0.02407378,6.9761195,fixed,fixed
914777,130,5.4253707,0.0,-0.66261274,-0.9543958,1,[np.float32(5.877573)],[np.float32(0.053859804)],0.053859804,7.5358305,fixed,fixed
914777,135,5.877573,0.0,-0.6662746,-0.7222562,1,[np.float32(5.877573)],[np.float32(0.02113925)],0.02113925,6.7248263,fixed,fixed
914777,138,7.5358305,0.0,-0.7510859,-1.3471832,1,[np.float32(6.088874)],[np.float32(0.059698556)],0.059698556,8.228977,fixed,fixed
914777,151,6.357125,0.0,-0.6705086,-0.88303953,1,[np.float32(5.184434)],[np.float32(0.039985858)],0.039985858,5.0934668,fixed,fixed
914777,154,6.7248263,0.0,-0.8436623,-1.9018301,1,[np.float32(6.088874)],[np.float32(0.36320382)],0.36320382,6.088874,fixed,fixed
914777,155,5.877573,0.0,-0.66737133,-0.7222562,1,[np.float32(5.877573)],[np.float32(0.02113925)],0.02113925,6.7248263,fixed,fixed
914777,156,5.786329,0.0,-0.6936877,-1.1510593,1,[np.float32(6.088874)],[np.float32(0.07359712)],0.07359712,7.5358305,fixed,fixed
914777,158,6.214031,0.0,-0.6689662,-0.9065835,1,[np.float32(6.088874)],[np.float32(0.029311275)],0.029311275,4.45615,fixed,fixed
914777,159,7.5358305,0.0,-0.735627,-1.3471832,1,[np.float32(6.088874)],[np.float32(0.059698556)],0.059698556,7.5358305,fixed,fixed
914777,160,6.842684,0.0,-0.74566543,-1.5031776,1,[np.float32(6.088874)],[np.float32(0.12746923)],0.12746923,7.5358305,fixed,fixed
914777,164,5.0099363,0.0,-0.60180616,-1.2146889,1,[np.float32(5.184434)],[np.float32(0.18143204)],0.18143204,5.184434,fixed,fixed
914777,180,5.0934668,0.0,-0.6421359,-0.70109993,1,[np.float32(5.184434)],[np.float32(0.04016033)],0.04016033,6.7248263,fixed,fixed
914777,181,6.9761195,0.0,-0.7591715,-1.5279642,1,[np.float32(5.184434)],[np.float32(0.20308375)],0.20308375,5.184434,fixed,fixed
914777,184,5.4253707,0.0,-0.6540094,-0.8117346,1,[np.float32(5.184434)],[np.float32(0.049271513)],0.049271513,8.228977,fixed,fixed
914777,185,5.877573,0.0,-0.67351365,-0.72318894,1,[np.float32(5.184434)],[np.float32(0.029987883)],0.029987883,6.7248263,fixed,fixed
914777,189,7.5358305,0.0,-0.7281295,-1.2759415,1,[np.float32(5.184434)],[np.float32(0.07588504)],0.07588504,5.0934668,fixed,fixed
914777,191,8.228977,0.0,-0.76789933,-1.5069904,1,[np.float32(5.184434)],[np.float32(0.10851108)],0.10851108,5.184434,fixed,fixed
914777,192,5.184434,0.0,-0.66620994,-0.9795687,1,[np.float32(5.184434)],[np.float32(0.09065181)],0.09065181,6.7248263,fixed,fixed
914777,193,7.1303654,0.0,-0.7326346,-1.3800663,1,[np.float32(5.184434)],[np.float32(0.12464258)],0.12464258,5.184434,fixed,fixed
914777,206,6.7248263,0.0,-0.81363857,-1.809466,1,[np.float32(5.877573)],[np.float32(0.32661414)],0.32661414,5.877573,fixed,fixed
914777,209,5.4253707,0.0,-0.6580628,-0.9543958,1,[np.float32(5.877573)],[np.float32(0.053859804)],0.053859804,8.228977,fixed,fixed
914777,210,7.5358305,0.0,-0.7413098,-1.2750087,1,[np.float32(5.877573)],[np.float32(0.053509373)],0.053509373,8.228977,fixed,fixed
914777,211,6.842684,0.0,-0.7342052,-1.4268335,1,[np.float32(5.877573)],[np.float32(0.11442152)],0.11442152,7.5358305,fixed,fixed
914777,212,7.5358305,0.0,-0.735035,-1.2750087,1,[np.float32(5.877573)],[np.float32(0.053509373)],0.053509373,7.5358305,fixed,fixed
925287,12,4.411208,0.0,-0.5650759,-0.8389352,1,[np.float32(5.786329)],[np.float32(0.060431734)],0.060431734,6.214031,fixed,fixed
925287,36,5.0301485,0.0,-0.6025215,-0.8949577,1,[np.float32(5.0934668)],[np.float32(0.078936815)],0.078936815,5.1152887,fixed,fixed
925287,38,5.1152887,0.0,-0.60793376,-0.92333776,1,[np.float32(5.0934668)],[np.float32(0.08286201)],0.08286201,5.0301485,fixed,fixed
925287,48,4.5525913,0.0,-0.58110696,-0.73577195,1,[np.float32(5.0934668)],[np.float32(0.0593831)],0.0593831,6.088874,fixed,fixed
925287,51,6.088874,0.0,-0.66199905,-0.76277083,1,[np.float32(5.0934668)],[np.float32(0.03232453)],0.03232453,6.7248263,fixed,fixed
925287,66,5.901499,0.0,-0.6442024,-0.93885237,1,[np.float32(5.0934668)],[np.float32(0.061586138)],0.061586138,6.088874,fixed,fixed
925287,74,6.5241694,0.0,-0.67319757,-1.5112611,1,[np.float32(5.0934668)],[np.float32(0.24319017)],0.24319017,5.0934668,fixed,fixed
925287,76,6.9761195,0.0,-0.75069875,-1.4951938,1,[np.float32(5.0934668)],[np.float32(0.19394967)],0.19394967,5.0934668,fixed,fixed
925287,77,5.5545464,0.0,-0.64955366,-0.8232016,1,[np.float32(5.0934668)],[np.float32(0.050411604)],0.050411604,5.0934668,fixed,fixed
925287,85,6.842684,0.0,-0.68838215,-0.93440247,1,[np.float32(5.5545464)],[np.float32(0.030949712)],0.030949712,7.5358305,fixed,fixed
925287,86,5.184434,0.0,-0.6344938,-0.6998308,1,[np.float32(5.0934668)],[np.float32(0.04016033)],0.04016033,6.7248263,fixed,fixed
925287,89,7.5358305,0.0,-0.749924,-1.4836296,1,[np.float32(5.0934668)],[np.float32(0.14657553)],0.14657553,5.0934668,fixed,fixed
925287,90,5.4253707,0.0,-0.6432456,-0.5416031,1,[np.float32(5.0934668)],[np.float32(0.020732379)],0.020732379,8.228977,fixed,fixed
925287,96,7.5358305,0.0,-0.7338156,-1.2450897,1,[np.float32(5.0934668)],[np.float32(0.07239285)],0.07239285,7.5358305,fixed,fixed
925287,97,6.214031,0.0,-0.69776505,-1.1858479,1,[np.float32(5.0934668)],[np.float32(0.111585006)],0.111585006,5.0934668,fixed,fixed
925287,102,5.0934668,0.0,-0.66111046,-0.9160638,1,[np.float32(5.0934668)],[np.float32(0.08184193)],0.08184193,6.7248263,fixed,fixed
925287,103,7.1303654,0.0,-0.72700065,-1.3484745,1,[np.float32(5.0934668)],[np.float32(0.11897195)],0.11897195,5.0934668,fixed,fixed
925287,113,5.877573,0.0,-0.6712413,-0.8496461,1,[np.float32(5.5545464)],[np.float32(0.037488364)],0.037488364,6.9761195,fixed,fixed
925287,115,7.5358305,0.0,-0.70852745,-1.1654514,1,[np.float32(5.5545464)],[np.float32(0.045181643)],0.045181643,7.5358305,fixed,fixed
925287,116,6.214031,0.0,-0.6614236,-0.7248516,1,[np.float32(5.5545464)],[np.float32(0.021325735)],0.021325735,5.0934668,fixed,fixed
925287,445,4.5525913,0.0,-0.6110391,-1.1661005,1,[np.float32(6.18106)],[np.float32(0.111004144)],0.111004144,6.088874,fixed,fixed
930268,30,4.5525913,0.0,-0.5823696,-1.1253842,1,[np.float32(6.088874)],[np.float32(0.105595194)],0.105595194,6.214031,broken,broken
930268,146,6.842684,0.0,-0.68838215,-0.93440247,1,[np.float32(5.5545464)],[np.float32(0.030949712)],0.030949712,7.5358305,broken,broken
930268,169,6.088874,0.0,-0.656715,-1.3587313,1,[np.float32(6.088874)],[np.float32(0.11587737)],0.11587737,4.5525913,broken,broken
930268,172,5.0934668,0.0,-0.668569,-1.0269289,2,"[np.float32(5.5545464), np.float32(6.088874)]","[np.float32(0.022772891), np.float32(0.06837011)]",0.06837011,6.9761195,broken,broken
930268,173,8.228977,0.0,-0.7304338,-1.3965002,1,[np.float32(5.5545464)],[np.float32(0.064895034)],0.064895034,7.5358305,broken,broken
930268,174,6.214031,0.0,-0.6600029,-0.7248516,1,[np.float32(5.5545464)],[np.float32(0.021325735)],0.021325735,5.284512,broken,broken
930268,177,5.877573,0.0,-0.6619653,-1.0725757,1,[np.float32(5.786329)],[np.float32(0.06569621)],0.06569621,6.7248263,broken,broken
930268,236,6.842684,0.0,-0.68584555,-1.0129257,1,[np.float32(5.786329)],[np.float32(0.03519518)],0.03519518,7.5358305,broken,broken
930268,237,8.228977,0.0,-0.7298684,-1.4750236,1,[np.float32(5.786329)],[np.float32(0.07304597)],0.07304597,7.5358305,broken,broken
930268,238,5.0934668,0.0,-0.6296454,-0.91494185,1,[np.float32(5.786329)],[np.float32(0.05768841)],0.05768841,6.7248263,broken,broken
930268,256,5.284512,0.0,-0.74257606,-1.6024088,2,"[np.float32(6.088874), np.float32(5.786329)]","[np.float32(0.2540094), np.float32(0.030146634)]",0.2540094,6.088874,broken,broken
930268,264,5.877573,0.0,-0.6623433,-1.9591898,1,[np.float32(6.7248263)],[np.float32(0.32661414)],0.32661414,6.7248263,broken,broken
930268,271,5.877573,0.0,-0.6587469,-1.0725757,1,[np.float32(5.786329)],[np.float32(0.06569621)],0.06569621,6.7248263,broken,broken
930268,290,6.088874,0.0,-0.6958129,-1.3587313,1,[np.float32(6.088874)],[np.float32(0.11587737)],0.11587737,5.284512,broken,broken
930268,313,5.0099363,0.0,-0.60330915,-0.5927194,1,[np.float32(4.951692)],[np.float32(0.032502197)],0.032502197,5.184434,broken,broken
930268,317,5.184434,0.0,-0.6126743,-0.8952674,1,[np.float32(4.951692)],[np.float32(0.079511344)],0.079511344,6.9761195,broken,broken
930268,323,6.842684,0.0,-0.6858661,-1.0129257,1,[np.float32(5.786329)],[np.float32(0.03519518)],0.03519518,7.5358305,broken,broken
930268,324,7.5358305,0.0,-0.71126753,-1.4825125,1,[np.float32(5.786329)],[np.float32(0.10332351)],0.10332351,7.5358305,broken,broken
930268,333,5.0934668,0.0,-0.63105845,-0.864945,1,[np.float32(4.951692)],[np.float32(0.07544661)],0.07544661,6.9761195,broken,broken
930268,348,6.842684,0.0,-0.68584555,-1.0129257,1,[np.float32(5.786329)],[np.float32(0.03519518)],0.03519518,7.5358305,broken,broken
930268,350,4.45615,0.0,-0.59196234,-0.6525061,1,[np.float32(4.951692)],[np.float32(0.050913606)],0.050913606,6.7248263,broken,broken
930268,352,6.088874,0.0,-0.6681903,-1.1430093,1,[np.float32(5.786329)],[np.float32(0.07359712)],0.07359712,6.7248263,broken,broken
930268,358,5.877573,0.0,-0.66212165,-1.0236865,1,[np.float32(4.951692)],[np.float32(0.08631818)],0.08631818,6.9761195,broken,broken
930268,421,5.4253707,0.0,-0.6364373,-0.73119754,1,[np.float32(4.951692)],[np.float32(0.042770606)],0.042770606,5.0934668,broken,broken
930268,426,6.842684,0.0,-0.69843215,-0.96611446,1,[np.float32(4.951692)],[np.float32(0.046202783)],0.046202783,6.088874,broken,broken
930268,428,4.8111362,0.0,-0.60793376,-0.5264527,1,[np.float32(4.951692)],[np.float32(0.028111102)],0.028111102,6.18106,broken,broken
930268,429,5.487917,0.0,-0.682417,-1.1454722,1,[np.float32(4.951692)],[np.float32(0.14413235)],0.14413235,4.951692,broken,broken
930268,432,8.228977,0.0,-0.7580064,-1.4282122,1,[np.float32(4.951692)],[np.float32(0.096448004)],0.096448004,4.951692,broken,broken
941814,221,5.0934668,0.0,-0.6326717,-1.2970537,1,[np.float32(6.357125)],[np.float32(0.12033005)],0.12033005,6.7248263,fixed,fixed
941814,244,6.842684,0.0,-0.6863868,-1.4268335,1,[np.float32(5.877573)],[np.float32(0.11442152)],0.11442152,7.5358305,fixed,fixed
941814,246,5.877573,0.0,-0.6630126,-0.7222562,1,[np.float32(5.877573)],[np.float32(0.02113925)],0.02113925,6.7248263,fixed,fixed
941814,252,5.877573,0.0,-0.65766585,-1.9591898,1,[np.float32(6.7248263)],[np.float32(0.32661414)],0.32661414,6.7248263,fixed,fixed
941814,261,7.5358305,0.0,-0.7103717,-1.2750087,1,[np.float32(5.877573)],[np.float32(0.053509373)],0.053509373,7.5358305,fixed,fixed
941814,264,5.877573,0.0,-0.6623433,-0.7222562,1,[np.float32(5.877573)],[np.float32(0.02113925)],0.02113925,6.7248263,fixed,fixed
941814,272,5.786329,0.0,-0.6867914,-1.0747151,1,[np.float32(5.877573)],[np.float32(0.06569621)],0.06569621,7.5358305,fixed,fixed
941814,273,7.5358305,0.0,-0.74166185,-1.2750087,1,[np.float32(5.877573)],[np.float32(0.053509373)],0.053509373,6.842684,fixed,fixed
941814,277,5.877573,0.0,-0.6724312,-0.7222562,1,[np.float32(5.877573)],[np.float32(0.02113925)],0.02113925,6.7248263,fixed,fixed
941814,293,5.0934668,0.0,-0.6235367,-0.9160638,1,[np.float32(5.0934668)],[np.float32(0.08184193)],0.08184193,6.7248263,fixed,fixed
941814,295,5.877573,0.0,-0.67206526,-0.7222562,1,[np.float32(5.877573)],[np.float32(0.02113925)],0.02113925,6.7248263,fixed,fixed
941814,304,5.184434,0.0,-0.6350822,-0.6998308,1,[np.float32(5.0934668)],[np.float32(0.04016033)],0.04016033,6.7248263,fixed,fixed
941814,317,5.184434,0.0,-0.6126743,-0.9004018,1,[np.float32(6.357125)],[np.float32(0.039985858)],0.039985858,6.9761195,fixed,fixed
941814,326,5.977319,0.0,-0.6548517,-0.920041,1,[np.float32(6.357125)],[np.float32(0.029844377)],0.029844377,7.5358305,fixed,fixed
941814,329,7.5358305,0.0,-0.7667219,-1.439545,2,"[np.float32(5.877573), np.float32(6.357125)]","[np.float32(0.053509373), np.float32(0.06852645)]",0.06852645,6.842684,fixed,fixed
941814,333,5.0934668,0.0,-0.7089868,-1.4864155,2,"[np.float32(6.357125), np.float32(5.487917)]","[np.float32(0.18210293), np.float32(0.10190828)]",0.18210293,6.9761195,fixed,fixed
941814,338,4.5525913,0.0,-0.59001875,-1.0431098,1,[np.float32(5.487917)],[np.float32(0.116307676)],0.116307676,6.214031,fixed,fixed
941814,351,6.7248263,0.0,-0.8179127,-1.809466,1,[np.float32(5.877573)],[np.float32(0.32661414)],0.32661414,5.877573,fixed,fixed
941814,353,5.786329,0.0,-0.6877739,-1.0747151,1,[np.float32(5.877573)],[np.float32(0.06569621)],0.06569621,7.5358305,fixed,fixed
941814,355,7.5358305,0.0,-0.73305625,-1.2750087,1,[np.float32(5.877573)],[np.float32(0.053509373)],0.053509373,7.5358305,fixed,fixed
941814,356,6.842684,0.0,-0.7358243,-1.4268335,1,[np.float32(5.877573)],[np.float32(0.11442152)],0.11442152,7.5358305,fixed,fixed
941814,358,5.877573,0.0,-0.6739277,-0.8867924,1,[np.float32(6.357125)],[np.float32(0.02819126)],0.02819126,6.9761195,fixed,fixed
941814,379,6.214031,0.0,-0.6540225,-1.1858479,1,[np.float32(5.0934668)],[np.float32(0.111585006)],0.111585006,5.0934668,fixed,fixed
941814,381,7.5358305,0.0,-0.70585275,-1.2450897,1,[np.float32(5.0934668)],[np.float32(0.07239285)],0.07239285,7.5358305,fixed,fixed
941814,403,6.088874,0.0,-0.67163104,-0.76277083,1,[np.float32(5.0934668)],[np.float32(0.03232453)],0.03232453,6.7248263,fixed,fixed
941814,409,5.4253707,0.0,-0.6434432,-0.5416031,1,[np.float32(5.0934668)],[np.float32(0.020732379)],0.020732379,8.228977,fixed,fixed
941814,412,7.1303654,0.0,-0.7322015,-1.3484745,1,[np.float32(5.0934668)],[np.float32(0.11897195)],0.11897195,5.0934668,fixed,fixed
941814,413,7.5358305,0.0,-0.7553604,-1.4836296,1,[np.float32(5.0934668)],[np.float32(0.14657553)],0.14657553,5.0934668,fixed,fixed
941814,414,5.5545464,0.0,-0.6520042,-0.8232016,1,[np.float32(5.0934668)],[np.float32(0.050411604)],0.050411604,5.0934668,fixed,fixed
941814,428,4.8111362,0.0,-0.59595966,-0.7136266,1,[np.float32(5.487917)],[np.float32(0.04073595)],0.04073595,6.18106,fixed,fixed
941814,430,4.8111362,0.0,-0.59908277,-1.6037108,1,[np.float32(7.5358305)],[np.float32(0.12702198)],0.12702198,6.18106,fixed,fixed
941814,436,6.088874,0.0,-0.6473004,-1.1395391,1,[np.float32(5.487917)],[np.float32(0.08458257)],0.08458257,4.5525913,fixed,fixed
941814,445,4.5525913,0.0,-0.63333476,-1.1515042,2,"[np.float32(5.0934668), np.float32(7.5358305)]","[np.float32(0.0593831), np.float32(0.054496072)]",0.0593831,6.088874,fixed,fixed
941814,463,5.0301485,0.0,-0.634318,-0.8949577,1,[np.float32(5.0934668)],[np.float32(0.078936815)],0.078936815,5.366584,fixed,fixed
941814,476,6.9761195,0.0,-0.758793,-1.4951938,1,[np.float32(5.0934668)],[np.float32(0.19394967)],0.19394967,5.0934668,fixed,fixed
941814,477,6.18106,0.0,-0.6796826,-1.0320394,1,[np.float32(5.0934668)],[np.float32(0.071924254)],0.071924254,6.088874,fixed,fixed
941814,480,6.5241694,0.0,-0.76540595,-1.5112611,1,[np.float32(5.0934668)],[np.float32(0.24319017)],0.24319017,5.0934668,fixed,fixed
941814,481,5.366584,0.0,-0.665465,-1.0071028,1,[np.float32(5.0934668)],[np.float32(0.09535143)],0.09535143,5.0301485,fixed,fixed
946715,3,6.118513,0.0,-0.66105133,-1.368611,1,[np.float32(6.088874)],[np.float32(0.11766673)],0.11766673,6.088874,fixed,fixed
946715,11,5.901499,0.0,-0.6507243,-0.9446309,1,[np.float32(4.411208)],[np.float32(0.08816675)],0.08816675,4.411208,fixed,fixed
946715,14,7.1303654,0.0,-0.7330989,-1.1156284,1,[np.float32(4.411208)],[np.float32(0.083557665)],0.083557665,4.411208,fixed,fixed
946715,15,5.786329,0.0,-0.66997415,-0.80653757,1,[np.float32(4.411208)],[np.float32(0.060431734)],0.060431734,4.411208,fixed,fixed
946715,16,7.5358305,0.0,-0.7341335,-1.0160102,1,[np.float32(4.411208)],[np.float32(0.05052502)],0.05052502,4.411208,fixed,fixed
946715,18,4.8111362,0.0,-0.6744399,-1.1321839,2,"[np.float32(4.411208), np.float32(5.901499)]","[np.float32(0.044807605), np.float32(0.109549694)]",0.109549694,7.5358305,fixed,fixed
946715,20,6.842684,0.0,-0.6975812,-0.7849612,1,[np.float32(4.411208)],[np.float32(0.033946827)],0.033946827,4.8111362,fixed,fixed
946715,22,7.5358305,0.0,-0.7472581,-1.2507834,1,[np.float32(4.411208)],[np.float32(0.10358117)],0.10358117,4.411208,fixed,fixed
946715,23,5.786329,0.0,-0.64979047,-0.43284288,1,[np.float32(4.411208)],[np.float32(0.01608032)],0.01608032,4.8111362,fixed,fixed
946715,24,7.5358305,0.0,-0.7472581,-1.2507834,1,[np.float32(4.411208)],[np.float32(0.10358117)],0.10358117,4.411208,fixed,fixed
946715,25,5.2083592,0.0,-0.61269134,-1.0652264,1,[np.float32(6.088874)],[np.float32(0.07279101)],0.07279101,4.5525913,fixed,fixed
946715,27,4.8111362,0.0,-0.6074593,-0.34255204,1,[np.float32(4.411208)],[np.float32(0.017441027)],0.017441027,7.5358305,fixed,fixed
946715,30,4.5525913,0.0,-0.5823696,-1.3584352,1,[np.float32(6.088874)],[np.float32(0.17459728)],0.17459728,6.214031,fixed,fixed
946715,36,5.0301485,0.0,-0.6025215,-0.8949577,1,[np.float32(5.0934668)],[np.float32(0.078936815)],0.078936815,5.1152887,fixed,fixed
946715,38,5.1152887,0.0,-0.60793376,-0.92333776,1,[np.float32(5.0934668)],[np.float32(0.08286201)],0.08286201,5.0301485,fixed,fixed
946715,48,4.5525913,0.0,-0.62519246,-1.0460023,2,"[np.float32(5.901499), np.float32(5.0934668)]","[np.float32(0.09528099), np.float32(0.0593831)]",0.09528099,6.088874,fixed,fixed
946715,51,6.088874,0.0,-0.66199905,-0.76277083,1,[np.float32(5.0934668)],[np.float32(0.03232453)],0.03232453,6.7248263,fixed,fixed
946715,66,5.901499,0.0,-0.6442024,-0.93885237,1,[np.float32(5.0934668)],[np.float32(0.061586138)],0.061586138,6.088874,fixed,fixed
946715,74,6.5241694,0.0,-0.67319757,-1.5112611,1,[np.float32(5.0934668)],[np.float32(0.24319017)],0.24319017,5.0934668,fixed,fixed
946715,76,6.9761195,0.0,-0.75069875,-1.4951938,1,[np.float32(5.0934668)],[np.float32(0.19394967)],0.19394967,5.0934668,fixed,fixed
946715,77,5.5545464,0.0,-0.64955366,-0.8232016,1,[np.float32(5.0934668)],[np.float32(0.050411604)],0.050411604,5.0934668,fixed,fixed
946715,78,6.214031,0.0,-0.7325183,-1.2203809,1,[np.float32(4.411208)],[np.float32(0.17334172)],0.17334172,4.411208,fixed,fixed
946715,80,5.977319,0.0,-0.66220814,-0.4965062,1,[np.float32(4.411208)],[np.float32(0.018846264)],0.018846264,6.088874,fixed,fixed
946715,81,5.877573,0.0,-0.6582339,-0.69803095,1,[np.float32(4.411208)],[np.float32(0.040589653)],0.040589653,5.184434,fixed,fixed
946715,82,7.5358305,0.0,-0.7465704,-1.2507834,1,[np.float32(4.411208)],[np.float32(0.10358117)],0.10358117,5.877573,fixed,fixed
946715,86,5.184434,0.0,-0.6344938,-0.6998308,1,[np.float32(5.0934668)],[np.float32(0.04016033)],0.04016033,6.7248263,fixed,fixed
946715,89,7.5358305,0.0,-0.749924,-1.4836296,1,[np.float32(5.0934668)],[np.float32(0.14657553)],0.14657553,5.0934668,fixed,fixed
946715,90,5.4253707,0.0,-0.6432456,-0.5416031,1,[np.float32(5.0934668)],[np.float32(0.020732379)],0.020732379,8.228977,fixed,fixed
946715,96,7.5358305,0.0,-0.7338156,-1.2450897,1,[np.float32(5.0934668)],[np.float32(0.07239285)],0.07239285,7.5358305,fixed,fixed
946715,97,6.214031,0.0,-0.69776505,-1.1858479,1,[np.float32(5.0934668)],[np.float32(0.111585006)],0.111585006,5.0934668,fixed,fixed
946715,102,5.0934668,0.0,-0.66111046,-0.9160638,1,[np.float32(5.0934668)],[np.float32(0.08184193)],0.08184193,6.7248263,fixed,fixed
946715,103,7.1303654,0.0,-0.72700065,-1.3484745,1,[np.float32(5.0934668)],[np.float32(0.11897195)],0.11897195,5.0934668,fixed,fixed
946715,110,6.7248263,0.0,-0.7436777,-1.2602814,1,[np.float32(4.411208)],[np.float32(0.15543056)],0.15543056,4.411208,fixed,fixed
946715,111,5.977319,0.0,-0.671307,-0.73127955,1,[np.float32(4.411208)],[np.float32(0.043234326)],0.043234326,4.411208,fixed,fixed
946715,113,5.877573,0.0,-0.7054613,-0.9366557,1,[np.float32(4.411208)],[np.float32(0.086986564)],0.086986564,6.9761195,fixed,fixed
946715,115,7.5358305,0.0,-0.7314814,-1.0160102,1,[np.float32(4.411208)],[np.float32(0.05052502)],0.05052502,7.5358305,fixed,fixed
946715,116,6.214031,0.0,-0.69583684,-0.949105,1,[np.float32(4.411208)],[np.float32(0.077383995)],0.077383995,5.0934668,fixed,fixed
946715,120,5.0934668,0.0,-0.65246934,-0.67528695,1,[np.float32(4.411208)],[np.float32(0.054291654)],0.054291654,6.7248263,fixed,fixed
946715,139,6.214031,0.0,-0.6616684,-0.57541037,1,[np.float32(4.411208)],[np.float32(0.022515984)],0.022515984,4.5525913,fixed,fixed
946715,141,7.1303654,0.0,-0.72363895,-1.1156284,1,[np.float32(4.411208)],[np.float32(0.083557665)],0.083557665,5.0934668,fixed,fixed
946715,176,6.088874,0.0,-0.69454265,-1.3587313,1,[np.float32(6.088874)],[np.float32(0.11587737)],0.11587737,5.284512,fixed,fixed
955013,12,4.411208,0.0,-0.5650759,-0.34493503,1,[np.float32(4.8111362)],[np.float32(0.017441027)],0.017441027,6.214031,broken,broken
955013,25,5.2083592,0.0,-0.61269134,-0.610652,1,[np.float32(4.8111362)],[np.float32(0.0338484)],0.0338484,4.5525913,broken,broken
955013,26,5.901499,0.0,-0.6507243,-1.0842415,1,[np.float32(4.8111362)],[np.float32(0.109549694)],0.109549694,4.8111362,broken,broken
955013,28,6.842684,0.0,-0.7240909,-1.1554269,1,[np.float32(4.8111362)],[np.float32(0.08839323)],0.08839323,4.8111362,broken,broken
955013,30,4.5525913,0.0,-0.6039747,-0.6346057,1,[np.float32(4.8111362)],[np.float32(0.049403396)],0.049403396,6.214031,broken,broken
955013,31,8.228977,0.0,-0.7590176,-1.3808738,1,[np.float32(4.8111362)],[np.float32(0.089805946)],0.089805946,4.8111362,broken,broken
955013,32,5.977319,0.0,-0.6646088,-0.630321,1,[np.float32(4.8111362)],[np.float32(0.025133992)],0.025133992,6.088874,broken,broken
955013,40,4.8111362,0.0,-0.6249528,-1.0073801,2,"[np.float32(4.8111362), np.float32(5.877573)]","[np.float32(0.058463678), np.float32(0.07992371)]",0.07992371,7.5358305,broken,broken
955013,42,6.842684,0.0,-0.70063347,-0.91877604,1,[np.float32(4.8111362)],[np.float32(0.04272912)],0.04272912,4.8111362,broken,broken
955013,43,6.088874,0.0,-0.6618788,-0.7926898,1,[np.float32(5.877573)],[np.float32(0.02407378)],0.02407378,6.7248263,broken,broken
955013,44,7.5358305,0.0,-0.75419295,-1.3864759,1,[np.float32(4.8111362)],[np.float32(0.12702198)],0.12702198,4.8111362,broken,broken
955013,45,5.786329,0.0,-0.6520711,-0.5666577,1,[np.float32(4.8111362)],[np.float32(0.021990279)],0.021990279,4.8111362,broken,broken
955013,46,7.5358305,0.0,-0.75419295,-1.3864759,1,[np.float32(4.8111362)],[np.float32(0.12702198)],0.12702198,4.8111362,broken,broken
955013,48,4.5525913,0.0,-0.58110696,-0.80585074,2,"[np.float32(5.284512), np.float32(5.877573)]","[np.float32(0.0667954), np.float32(0.019440975)]",0.0667954,6.088874,broken,broken
955013,51,6.088874,0.0,-0.66199905,-1.5412015,1,[np.float32(6.842684)],[np.float32(0.12746923)],0.12746923,6.7248263,broken,broken
955013,57,4.45615,0.0,-0.5728037,-0.8890514,2,"[np.float32(5.284512), np.float32(5.877573)]","[np.float32(0.027684145), np.float32(0.06546549)]",0.06546549,6.7248263,broken,broken
955013,59,6.088874,0.0,-0.66251457,-0.7926898,1,[np.float32(5.877573)],[np.float32(0.02407378)],0.02407378,6.7248263,broken,broken
955013,60,4.951692,0.0,-0.6202913,-0.52509636,1,[np.float32(4.8111362)],[np.float32(0.028111102)],0.028111102,5.2083592,broken,broken
955013,99,6.214031,0.0,-0.65466076,-1.2541078,1,[np.float32(5.284512)],[np.float32(0.123305775)],0.123305775,4.5525913,broken,broken
955013,102,5.0934668,0.0,-0.63223386,-0.73604125,1,[np.float32(5.284512)],[np.float32(0.04278246)],0.04278246,6.7248263,broken,broken
955013,104,5.5545464,0.0,-0.65659595,-0.9491878,1,[np.float32(6.842684)],[np.float32(0.030949712)],0.030949712,8.228977,broken,broken
955013,105,6.088874,0.0,-0.65125275,-1.3179449,1,[np.float32(5.284512)],[np.float32(0.15505402)],0.15505402,4.5525913,broken,broken
955013,106,7.5358305,0.0,-0.7882059,-1.8636626,1,[np.float32(6.842684)],[np.float32(0.17628156)],0.17628156,8.228977,broken,broken
955013,108,6.088501,0.0,-0.6722808,-0.82753754,1,[np.float32(5.284512)],[np.float32(0.03622828)],0.03622828,5.284512,broken,broken
955013,109,7.5358305,0.0,-0.75948864,-1.5501624,1,[np.float32(5.284512)],[np.float32(0.1614404)],0.1614404,5.284512,broken,broken
955013,113,5.877573,0.0,-0.70180243,-0.97457576,1,[np.float32(4.8111362)],[np.float32(0.07992371)],0.07992371,6.9761195,broken,broken
955013,128,6.9761195,0.0,-0.8058611,-1.7898527,1,[np.float32(5.877573)],[np.float32(0.28801104)],0.28801104,5.877573,broken,broken
955013,130,5.4253707,0.0,-0.67649686,-0.9543958,2,"[np.float32(6.842684), np.float32(5.877573)]","[np.float32(0.028767666), np.float32(0.053859804)]",0.053859804,7.5358305,broken,broken
955013,131,7.5358305,0.0,-0.73600006,-1.2750087,1,[np.float32(5.877573)],[np.float32(0.053509373)],0.053509373,6.842684,broken,broken
955013,132,6.842684,0.0,-0.735745,-1.4268335,1,[np.float32(5.877573)],[np.float32(0.11442152)],0.11442152,7.5358305,broken,broken
955013,133,7.5358305,0.0,-0.73575985,-1.2750087,1,[np.float32(5.877573)],[np.float32(0.053509373)],0.053509373,7.5358305,broken,broken
955013,135,5.877573,0.0,-0.70757025,-1.4707679,1,[np.float32(6.842684)],[np.float32(0.11442152)],0.11442152,6.7248263,broken,broken
955013,136,5.786329,0.0,-0.65521175,-0.7268135,1,[np.float32(5.284512)],[np.float32(0.030146634)],0.030146634,8.228977,broken,broken
955013,139,6.214031,0.0,-0.66418266,-0.7092252,1,[np.float32(4.8111362)],[np.float32(0.029351974)],0.029351974,4.5525913,broken,broken
955013,144,5.877573,0.0,-0.67677903,-0.97457576,1,[np.float32(4.8111362)],[np.float32(0.07992371)],0.07992371,6.9761195,broken,broken
955013,172,5.0934668,0.0,-0.67978024,-0.57235456,1,[np.float32(4.8111362)],[np.float32(0.031217033)],0.031217033,6.9761195,broken,broken
955013,218,6.214031,0.0,-0.74551946,-1.4808785,1,[np.float32(5.284512)],[np.float32(0.22865157)],0.22865157,5.284512,broken,broken
955013,221,5.0934668,0.0,-0.64818525,-0.73604125,1,[np.float32(5.284512)],[np.float32(0.04278246)],0.04278246,6.7248263,broken,broken
955013,224,6.088874,0.0,-0.749071,-1.5052582,1,[np.float32(5.284512)],[np.float32(0.2540094)],0.2540094,5.284512,broken,broken
955013,226,5.284512,0.0,-0.6666936,-1.0498244,1,[np.float32(5.284512)],[np.float32(0.10120408)],0.10120408,6.088874,broken,broken
961317,102,5.0934668,0.0,-0.63223386,-1.46704,1,[np.float32(7.1303654)],[np.float32(0.11897195)],0.11897195,6.7248263,fixed,fixed
961317,135,5.877573,0.0,-0.6574635,-1.4707679,1,[np.float32(6.842684)],[np.float32(0.11442152)],0.11442152,6.7248263,fixed,fixed
961317,165,5.0934668,0.0,-0.6243472,-1.697821,1,[np.float32(6.7248263)],[np.float32(0.21994561)],0.21994561,6.7248263,fixed,fixed
961317,192,5.184434,0.0,-0.6310389,-1.7281433,1,[np.float32(8.228977)],[np.float32(0.10851108)],0.10851108,6.7248263,fixed,fixed
961317,221,5.0934668,0.0,-0.6326717,-1.46704,1,[np.float32(7.1303654)],[np.float32(0.11897195)],0.11897195,6.7248263,fixed,fixed
961317,223,5.5545464,0.0,-0.6566257,-0.9491878,1,[np.float32(6.842684)],[np.float32(0.030949712)],0.030949712,8.228977,fixed,fixed
961317,225,7.5358305,0.0,-0.7885927,-1.8636626,1,[np.float32(6.842684)],[np.float32(0.17628156)],0.17628156,8.228977,fixed,fixed
961317,247,5.4253707,0.0,-0.65325636,-0.9061293,1,[np.float32(6.842684)],[np.float32(0.028767666)],0.028767666,7.5358305,fixed,fixed
961317,252,5.877573,0.0,-0.7080513,-1.4707679,1,[np.float32(6.842684)],[np.float32(0.11442152)],0.11442152,6.7248263,fixed,fixed
961317,304,5.184434,0.0,-0.6818678,-1.7281433,1,[np.float32(8.228977)],[np.float32(0.10851108)],0.10851108,6.7248263,fixed,fixed
